BASELINE, 
PARAMETERS,
window_size, threshold_L, threshold_H, alpha_ini, p_t_ini, min_packages, max_packages,
60,200,250,0.5,75,5,10,
WINDOWS,
step, NOx_total_w, NOx_total_acum, alpha, lambda, p_t_total, e_t_total, p_t_control_zone, e_t_control_zone, k_control_zone, num_veh_total, num_vehicles_control_zone,  
0,75,75,0.5,0.8,75,75,75,75,1,0,0,
60,444.0395844905346,519.0395844905346,0.5,0.995142662609659,481.5395844905346,444.0395844905346,37.5,0,1,12,0,
120,3296.1674042257464,3815.206988716281,0.5,0.803681975421754,3536.9371964710135,3296.1674042257464,18.75,0,1,29,0,
180,18228.77521363398,22043.98220235026,0.5353697079699948,1.0707394159399897,20122.34424761688,18228.77521363398,10.038182024437404,0,1,43,0,
240,33163.428980170305,55207.41118252056,0.6060461530611754,1.1320142773097308,45358.49830201118,33163.428980170305,6.08360159963813,0,1,62,0,
300,40036.54445425511,95243.95563677567,0.5738345167423268,0.9468495325708353,66064.81640754735,40036.54445425511,3.4909805839811923,0,1,79,0,
360,50630.23790971128,145874.19354648696,0.5952233330986818,1.037273492152023,89953.5581323641,50630.23790971128,2.077913098980068,0,1,100,0,
420,59717.472735159165,205591.66628164612,0.5854930343986409,0.9836526927642674,112384.65444103155,59717.472735159165,35.083057218283926,33.8664535727454,1,116,3,
480,74038.20530425377,279629.8715858999,0.5524113245611451,0.9434976884541862,136120.7611243706,74038.20530425377,292.4736926447154,273.09341453710874,0,134,8,
540,83191.98865725224,362821.8602431521,0.5,0.8454006162029001,151252.36921943753,83191.98865725224,486.880758571172,340.6439122488143,0,145,8,
600,83890.02632667663,446711.8865698287,0.5,0.9532954562652185,159516.2109363954,83890.02632667663,635.4359072655612,391.99552797997524,0,158,8,
660,91202.90969772785,537914.7962675566,0.5446499614965454,1.0892999229930909,178083.40784231044,91202.90969772785,694.3003545664103,348.2102121406999,0,176,8,
720,85824.92590186793,623739.7221694245,0.6095441280309607,1.1191483909337003,194374.621451891,85824.92590186793,771.1278749603824,347.921170744613,0,199,8,
780,98460.1430897991,722199.8652592236,0.6572123963677369,1.0782031458341848,226205.5538472681,98460.1430897991,874.3374999879455,367.54270137927205,0,213,8,
840,101487.3606857508,823687.2259449745,0.6796503501961083,1.0341410995172655,255228.04457435122,101487.3606857508,904.7247710925151,310.480983036118,0,229,7,
900,114576.85614466708,938264.0820896416,0.5760970386892991,0.847637374898829,261612.97681441123,114576.85614466708,650.1014428981653,128.8921814429134,0,247,4,
960,117133.82624915976,1055397.9083388015,0.5979810601417326,1.0379866931831878,273573.43147147587,117133.82624915976,388.7483500239149,0,0,266,0,
1020,128371.82847283891,1183769.7368116404,0.7003995190510695,1.1712737505182218,319982.5283006113,128371.82847283891,272.2791573886468,0,0,284,0,
1080,130179.46337760567,1313949.200189246,0.6679744932034694,0.9537049570057803,343919.6305531713,130179.46337760567,181.87553216654902,0,0,299,0,
1140,146331.1452123053,1460280.3454015513,0.6605906942992067,0.9889459867414225,373521.2527425514,146331.1452123053,533.3653174991938,413.2200334292555,0,314,6,
1200,152088.86945433525,1612369.2148558865,0.6875495419771732,1.0408102141168762,408903.2356962164,152088.86945433525,1043.6625343429935,676.9474545899131,0,329,9,
1260,171269.2463175096,1783638.461173396,0.7125421892399706,1.0363503220305064,462630.0530677993,171269.2463175096,1631.9677197622655,888.3141327137728,0,352,13,
1320,185440.16167786985,1969078.622851266,0.829091156875221,1.163567813099694,569002.6475810965,185440.16167786985,2814.6914081282334,1461.6414033675203,0,368,18,
1380,194180.9878426891,2163259.6106939553,0.761339113421981,0.9182815509592551,627384.959086841,194180.9878426891,3926.4368730960996,1783.5022118752831,0,384,19,
1440,207990.45131304138,2371250.062006997,0.6283079681994164,0.8252668976579552,602181.4202357684,207990.45131304138,4306.675698873799,1839.6641248755193,0,402,22,
1500,236647.62066285178,2607897.6826698487,0.5374643014475491,0.8554153832996835,560298.6370345621,236647.62066285178,4253.885536263189,1939.2010902068482,0,409,20,
1560,247719.46413587985,2855617.1468057283,0.5954301665048836,1.1078506328722026,581338.1748778285,247719.46413587985,4531.65140353366,1998.7596303837536,0,425,19,
1620,260828.9269887099,3116446.073794438,0.5,0.8391516288675085,551498.0144276242,260828.9269887099,4128.44936522576,1862.6236634589297,0,436,18,
1680,271280.513340393,3387726.587134831,0.5,0.8469171242567718,547029.5205542052,271280.513340393,3635.8449447928065,1571.6202621799266,0,455,17,
1740,273001.57047582266,3660728.157610654,0.5,0.9411536273306698,546516.3307529252,273001.57047582266,3027.109805993426,1209.1873335970229,0,458,15,
1800,276103.0912343167,3936831.2488449705,0.5930184323822562,1.1860368647645123,600197.348968719,276103.0912343167,2522.417285456687,727.2853736575096,0,452,10,
1860,257547.13356082828,4194378.382405799,0.6616154843318679,1.1156744010030948,654646.9932934705,257547.13356082828,2071.6537919685934,402.7834579640923,0,435,7,
1920,241513.93314354334,4435892.315549342,0.7105004540739055,1.0738872818120393,706640.9191366711,241513.93314354334,1647.1196204670412,175.20866058942744,0,431,6,
1980,226305.1394820439,4662197.455031386,0.7922096832504311,1.1150023602490566,786112.9182030996,226305.1394820439,1336.7012520012663,31.837139195501305,0,423,3,
2040,227384.55925243822,4889582.014283824,0.6649355578880743,0.8393428809906087,750098.9910808385,227384.55925243822,909.7652452264791,20.945052497329712,0,410,2,
2100,213571.74887144458,5103153.7631552685,0.6983635595989679,1.0502725434282165,737413.5503342535,213571.74887144458,657.4762312253749,22.129336169582952,0,415,2,
2160,217168.2133635059,5320321.976518774,0.6497098890148053,0.9303318881470537,696273.0893091873,217168.2133635059,427.16880921931084,0.0,0,424,1,
2220,218091.04175313166,5538413.018271906,0.7563711429190249,1.1641675087721945,744731.9140976819,218091.04175313166,323.09816044856905,0,0,424,0,
2280,227249.07522806549,5765662.093499972,0.7539397360754736,0.9967854315089708,788732.057989854,227249.07522806549,243.59654181506517,0,0,417,0,
2340,228187.72245255345,5993849.815952525,0.6697147073511605,0.8882867891235783,756413.181847707,228187.72245255345,163.1401867134311,0,0.1280691636986967,418,0,
2400,222148.59059872068,6215998.406551246,0.7598832558649786,1.134637253033386,796934.3020003445,222148.59059872068,329.2995710789305,205.33207483670796,0,423,2,
2460,225570.6109888864,6441569.017540132,0.8399663660035799,1.1053887021729967,894968.6205837152,225570.6109888864,434.70553530427156,158.10497125856477,0,430,2,
2520,223151.26953041137,6664720.2870705435,0.8390538739024532,0.9989136563819,974078.1576523124,223151.26953041137,575.8610696950257,211.11970629113694,0,430,2,
2580,220997.14635848344,6885717.433429027,0.8083007105164637,0.9633478083559092,1008345.2132874156,220997.14635848344,625.8568572795582,160.38794548629815,0,408,2,
2640,206456.37870499922,7092173.812134027,0.6829945495234747,0.8449758123892721,895150.6634183896,206456.37870499922,612.7038818288784,185.24705952504885,0,417,2,
2700,210613.92031946217,7302787.732453489,0.6897307669256127,1.0098627689003343,828026.873912999,210613.92031946217,595.7907647758916,173.19004646375927,0,429,2,
2760,210764.17017479034,7513551.902628279,0.7766394132593628,1.1260037256582511,853842.4756935663,210764.17017479034,560.4803456248616,97.76575564396607,0,427,2,
2820,221579.25490660997,7735131.157534889,0.6895608503433668,0.887877744253863,810355.598505151,221579.25490660997,386.48530372982367,0,0,437,0,
2880,211221.0156597913,7946352.17319468,0.575450356356918,0.8345171511265068,677540.433595404,211221.0156597913,222.40310575803872,0,0,446,0,
2940,237676.70848901963,8184028.8816837,0.5381935919048224,0.9352563361191362,602324.6281064809,237676.70848901963,119.69592633870695,0,0.5519378848392256,434,0,
3000,203809.48908013778,8387838.370763837,0.6193644738745634,1.1508209744424005,576867.9654690004,203809.48908013778,851.5887752011622,777.4533707594605,0,442,12,
3060,184303.22703296735,8572141.597796805,0.518044943539597,0.8364137198552235,483146.7596341579,184303.22703296735,1450.0005881576142,1008.8393291895736,0,444,12,
3120,167221.7080399022,8739363.305836707,0.5586640716506432,1.0784085022305436,437138.4439819355,167221.7080399022,2329.9335622488893,1519.870329772929,0,430,16,
3180,161257.90245740887,8900621.208294116,0.6268200729076451,1.1219981822987584,435265.0537849002,161257.90245740887,2814.1418885029484,1353.6927631441304,0,439,16,
3240,164114.0896856424,9064735.297979759,0.7309501458293197,1.166124343208481,482271.14422412193,164114.0896856424,3629.949065122781,1572.951641337154,0,462,19,
3300,161530.63051411687,9226265.928493876,0.6276153675683501,0.8586295127642005,464211.41196394793,161530.63051411687,3452.562833514132,1174.3510167527088,0,482,20,
3360,155925.24279118312,9382191.17128506,0.6697310788169231,1.0671043339995756,466822.0525249251,155925.24279118312,5272.820524073008,2960.5318929003756,0,464,19,
3420,150678.10462383437,9532869.275908893,0.6441115186508541,0.9617464965022592,451363.5658153727,150678.10462383437,9338.324439648966,5942.040004314908,0,469,17,
3480,150225.19809885207,9683094.474007744,0.6549122261562546,1.0167683812393595,445828.7157928229,150225.19809885207,15839.913518582802,9724.13067124294,0,483,12,
3540,156262.3311800699,9839356.805187814,0.7204152982802797,1.100018093277124,477444.1584498704,156262.3311800699,20493.260169204746,9081.944146981084,0,479,9,
3600,154420.93308198382,9993777.738269798,0.7956384823583799,1.104416416832995,534293.8787219126,154420.93308198382,27712.392129243774,11407.165709642273,0,487,7,
3660,161323.1563441747,10155100.894613974,0.7851929812811381,0.9868715486884447,580846.9598580962,161323.1563441747,31522.726424929286,9763.15063053642,0,478,6,
3720,153372.33225559184,10308473.226869566,0.6479759862795195,0.825244241514064,529747.2139471022,153372.33225559184,30705.664347295475,10279.69460188245,0,463,4,
3780,158395.11415843683,10466868.341028003,0.7282440800031119,1.1238751055952974,544180.386613556,158395.11415843683,30349.196866549624,7987.978583069077,0,441,3,
3840,145230.58817504504,10612098.929203048,0.675081460616457,0.9269988993437094,512596.67840895266,145230.58817504504,24726.24149224792,4238.061343041199,0,428,1,
3900,131647.9424344365,10743746.871637484,0.6436113055572389,0.9533831738906281,461560.95984952664,131647.9424344365,15914.088568349254,0,0,409,0,
3960,130993.6911322953,10874740.56276978,0.6170189750416374,0.9586826236798655,415785.56149788457,130993.6911322953,9819.294617164695,0,0,375,0,
4020,132764.99980516804,11007505.562574947,0.6274500383420706,1.016905579443046,393649.6663090951,132764.99980516804,6161.116784032075,0,0,361,0,
4080,123471.92151518827,11130977.484090136,0.7478716093746214,1.1919221669835964,417871.3309875539,123471.92151518827,4607.72432481906,0,0,352,0,
4140,131254.12647100489,11262231.610561142,0.7469383623648895,0.9987521293788486,443378.25411808514,131254.12647100489,3441.6860614092147,0,0,337,0,
4200,118145.74084856469,11380377.351409707,0.7128861501765836,0.9544109475372334,434223.95749882143,118145.74084856469,2453.5303264344243,0,0,325,0,
4260,108303.20868448439,11488680.56009419,0.6362676707386029,0.8925235405134436,384585.87470115756,108303.20868448439,1561.1020258869553,0,0,296,0,
4320,101654.36126097133,11590334.921355162,0.6871366890673662,1.079949085374262,365917.42586520175,101654.36126097133,1072.6904773643203,0,0,282,0,
4380,100794.52673127383,11691129.448086435,0.6403550535905193,0.9319180066773285,335111.5995808899,100794.52673127383,686.902768118669,0,0,279,0,
4440,100175.4788642373,11791304.926950673,0.5360338654684547,0.8370885221610609,279806.6449508987,100175.4788642373,368.2031459956317,0,0,268,0,
4500,97883.23556753637,11889188.162518209,0.59395499958832,1.1080549902742554,264075.7912541566,97883.23556753637,218.69609942825355,0,0,250,0,
4560,92370.61602176169,11981558.77853997,0.6862603760973229,1.1554080301924916,273595.3678460373,92370.61602176169,150.0824674446508,0,0.626078011434929,213,0,
4620,76221.88972553982,12057780.66826551,0.6189348988906057,0.901895141331649,245559.611060265,76221.88972553982,276.4837369652597,183.59246015215214,0,187,4,
4680,60483.177091447746,12118263.845356958,0.5643935353904573,0.9118786748042328,199075.43412685636,60483.177091447746,445.52127417854456,289.47564039475634,0,184,4,
4740,59990.01139709239,12178253.85675405,0.5635774396019995,0.9985540305880837,172184.4348499626,59990.01139709239,538.9595008097813,287.87376182001674,0,172,4,
4800,57366.128479657884,12235619.985233707,0.5,0.8235674087459434,143458.34590463917,57366.128479657884,563.3868311164672,293.90708071157655,0,154,4,
4860,45417.03397774229,12281037.019211449,0.5,0.8069566270424828,117146.20693006188,45417.03397774229,569.2434977953606,287.5500822371269,0,135,4,
4920,33781.23183055743,12314818.251042007,0.5,0.8826677150405431,92354.33529558836,33781.23183055743,571.2083881938204,286.58663929614005,0,108,4,
4980,28533.79842940333,12343352.04947141,0.5551329452223497,1.1102658904446994,79802.73258609569,28533.79842940333,398.3645527530774,81.26795787933062,0,93,4,
5040,21299.847972708725,12364651.897444118,0.6659969996890647,1.1997072150389312,74448.22844203722,21299.847972708725,275.10140107963036,9.791804163604686,0,68,1,
5100,14096.79912036826,12378748.696564486,0.5509983766972653,0.8273286170275707,55117.65213991794,14096.79912036826,151.58042542201963,0,0,58,0,
5160,10600.939482983762,12389349.63604747,0.5382324298813894,0.9768312442363332,40267.04732360896,10600.939482983762,81.58550069734837,0,1,31,0,
5220,1781.7410239369965,12391131.377071407,0.5,0.9119867181004301,21915.264685741477,1781.7410239369965,40.79275034867418,0,1,12,0,
5280,561.2354735127567,12391692.61254492,0.5,0.815989750095649,11518.867816383496,561.2354735127567,20.39637517433709,0,1,9,0,
5340,467.10008556920815,12392159.71263049,0.5940402217127592,1.1880804434255183,7309.770877093626,467.10008556920815,12.116267230699822,0,1,8,0,
5400,342.669293457324,12392502.381923947,0.7073472240843952,1.190739613632466,5513.215432062455,342.669293457324,8.570407991900241,0,1,8,0,
5460,240.75067680296496,12392743.13260075,0.8454881367246176,1.1952943447527271,4902.108919818858,240.75067680296496,7.246178284041507,0,1,2,0,
5520,7.588788244320401,12392750.721388996,0.8030396557218216,0.9497941140046748,3944.1766475265267,7.588788244320401,5.818968514515632,0,1,1,0,
VEHICLES,
id, vType, NOx_total_veh, n_packages, step_ini, step_fin, total_time(sec),median_package,
veh793,dieselEuroSix,5283.377358784307,5,2895,4424,1529,305.8,
veh804,gasolineEuroSix,805.0676582510562,10,2940,4524,1584,158.4,
veh798,gasolineEuroSix,873.7123908732501,9,2918,4573,1655,183.88888888888889,
veh795,hovGasolinaEuroSix,4809.591095076936,6,2911,4571,1660,276.6666666666667,
veh817,normalVehicle,1633.482190801061,8,2983,4576,1593,199.125,
veh799,normalVehicle,1140.476580268518,7,2918,4522,1604,229.14285714285714,
veh794,normalVehicle,1619.2905547740318,10,2897,4569,1672,167.2,
veh796,truck,97244.00777982165,7,2914,4186,1272,181.71428571428572,
veh797,hovGasolinaEuroSix,4474.52120178878,9,2915,4495,1580,175.55555555555554,
veh803,gasolineEuroSix,859.7132775575216,9,2939,4862,1923,213.66666666666666,
veh801,gasolineEuroSix,879.121467660119,6,2927,4502,1575,262.5,
veh810,normalVehicle,1086.0030258219342,7,2957,4574,1617,231.0,
veh800,dieselEuroSix,4788.2256591437035,10,2925,4433,1508,150.8,
veh805,normalVehicle,1603.781273290714,7,2943,4574,1631,233.0,
veh802,truck,121000.83290770288,8,2936,4504,1568,196.0,
veh807,dieselEuroSix,4135.023950847038,6,2946,4042,1096,182.66666666666666,
veh812,dieselEuroSix,7023.7390823501755,5,2962,4802,1840,368.0,
veh815,normalVehicle,1798.9584928121037,6,2968,4804,1836,306.0,
veh806,gasolineEuroSix,796.1404556863407,6,2945,4531,1586,264.3333333333333,
veh809,gasolineEuroSix,832.4099132869183,9,2947,4506,1559,173.22222222222223,
veh830,dieselEuroSix,5842.923667297264,7,3009,4547,1538,219.71428571428572,
veh808,highEmissions,1472.264690507287,5,2949,4864,1915,383.0,
veh813,truck,106780.30882723018,9,2962,4526,1564,173.77777777777777,
veh811,gasolineEuroSix,834.1908078895159,10,2959,4801,1842,184.2,
veh814,truck,117679.26757779211,6,2966,4527,1561,260.1666666666667,
veh818,normalVehicle,1919.5206417464788,5,2985,4806,1821,364.2,
veh827,eVehicle,0.0,5,2998,4681,1683,336.6,
veh824,highEmissions,1148.3487316095377,10,3002,4554,1552,155.2,
veh816,gasolineEuroSix,895.7685207153644,6,2977,4783,1806,301.0,
veh819,eVehicle,0.0,8,2989,4508,1519,189.875,
veh823,normalVehicle,1170.6795004362566,7,2999,4552,1553,221.85714285714286,
veh820,dieselEuroSix,4694.303091940685,7,2994,4545,1551,221.57142857142858,
veh825,gasolineEuroSix,858.2501206111747,6,2998,4613,1615,269.1666666666667,
veh821,hovGasolinaEuroSix,3563.5171239370925,10,2995,4611,1616,161.6,
veh828,dieselEuroSix,4908.877609848319,6,3000,4839,1839,306.5,
veh822,hovGasolinaEuroSix,4224.075020751805,5,2996,4532,1536,307.2,
veh869,dieselEuroSix,5061.146281456141,6,3129,4600,1471,245.16666666666666,
veh833,hovGasolinaEuroSix,3743.41774957897,9,3013,4507,1494,166.0,
veh826,highEmissions,1344.1188712192939,7,3001,4614,1613,230.42857142857142,
veh831,eVehicle,0.0,6,3011,4575,1564,260.6666666666667,
veh841,gasolineEuroSix,869.9324811873764,7,3041,4616,1575,225.0,
veh829,eVehicle,0.0,5,3006,4505,1499,299.8,
veh842,gasolineEuroSix,751.9444494092211,6,3045,4927,1882,313.6666666666667,
veh832,truck,125595.05838193175,6,3014,4577,1563,260.5,
veh836,eVehicle,0.0,7,3021,4579,1558,222.57142857142858,
veh834,hovGasolinaEuroSix,3835.250653065037,5,3017,4509,1492,298.4,
veh848,truck,142207.31457893545,10,3053,4787,1734,173.4,
veh835,normalVehicle,1221.9858723228856,9,3019,4972,1953,217.0,
veh838,gasolineEuroSix,790.2422850178879,5,3035,4555,1520,304.0,
veh837,gasolineEuroSix,848.7792465919432,6,3022,4549,1527,254.5,
veh843,hovGasolinaEuroSix,5219.4679809769,7,3046,4618,1572,224.57142857142858,
veh839,dieselEuroSix,6338.834835111394,6,3037,4510,1473,245.5,
veh840,gasolineEuroSix,794.0504687797307,6,3039,4557,1518,253.0,
veh844,normalVehicle,1339.3387900890116,10,3049,4620,1571,157.1,
veh859,highEmissions,1169.4133914623555,8,3104,5016,1912,239.0,
veh849,normalVehicle,1230.015184653555,7,3057,4791,1734,247.71428571428572,
veh845,normalVehicle,1761.3622188409283,6,3047,4807,1760,293.3333333333333,
veh846,hovGasolinaEuroSix,3948.1877078680554,8,3049,5013,1964,245.5,
veh847,eVehicle,0.0,5,3050,4785,1735,347.0,
veh851,hovGasolinaEuroSix,3355.902020723418,8,3065,4591,1526,190.75,
veh850,eVehicle,0.0,10,3062,4550,1488,148.8,
veh854,dieselEuroSix,6069.912991039051,6,3075,4707,1632,272.0,
veh866,gasolineEuroSix,770.6158439729448,8,3124,4668,1544,193.0,
veh852,normalVehicle,1147.602741051611,10,3068,4613,1545,154.5,
veh856,truck,126514.99218532901,10,3082,4622,1540,154.0,
veh858,gasolineEuroSix,728.5553796894653,10,3094,4844,1750,175.0,
veh857,eVehicle,0.0,6,3091,4593,1502,250.33333333333334,
veh853,hovGasolinaEuroSix,3590.5096763563038,6,3071,4705,1634,272.3333333333333,
veh855,dieselEuroSix,6679.3052101143285,5,3076,4789,1713,342.6,
veh862,gasolineEuroSix,938.792117972122,10,3110,4865,1755,175.5,
veh870,highEmissions,1002.7953756432828,9,3130,4739,1609,178.77777777777777,
veh860,gasolineEuroSix,741.154668218218,10,3108,4723,1615,161.5,
veh867,gasolineEuroSix,764.2922551781656,8,3127,5105,1978,247.25,
veh863,eVehicle,0.0,10,3115,4709,1594,159.4,
veh872,hovGasolinaEuroSix,3745.849559441792,7,3140,4879,1739,248.42857142857142,
veh861,highEmissions,996.618742654941,9,3111,4667,1556,172.88888888888889,
veh865,gasolineEuroSix,800.0617763710768,6,3123,4615,1492,248.66666666666666,
veh864,gasolineEuroSix,836.4264842239161,7,3122,4559,1437,205.28571428571428,
veh871,gasolineEuroSix,848.882004081879,10,3133,4741,1608,160.8,
veh868,eVehicle,0.0,9,3128,4807,1679,186.55555555555554,
veh489,gasolineEuroSix,723.7157406122919,5,1764,3337,1573,314.6,
veh876,hovGasolinaEuroSix,4116.113652245217,7,3156,4595,1439,205.57142857142858,
veh484,gasolineEuroSix,837.5657642873865,7,1752,3332,1580,225.71428571428572,
veh883,eVehicle,0.0,9,3183,4846,1663,184.77777777777777,
veh481,normalVehicle,1434.7535932204103,9,1746,3353,1607,178.55555555555554,
veh874,highEmissions,1155.950847642619,6,3148,4725,1577,262.8333333333333,
veh497,dieselEuroSix,4974.2715651120925,8,1803,3399,1596,199.5,
veh873,dieselEuroSix,7283.9892875618225,10,3146,4867,1721,172.1,
veh482,gasolineEuroSix,1003.4221651334002,8,1750,3524,1774,221.75,
veh875,gasolineEuroSix,776.4741854535133,8,3153,4578,1425,178.125,
veh485,gasolineEuroSix,812.8897199499016,6,1757,3371,1614,269.0,
veh882,eVehicle,0.0,5,3182,4795,1613,322.6,
veh487,normalVehicle,1561.7100207417886,7,1759,3333,1574,224.85714285714286,
veh878,normalVehicle,1434.1762508876882,9,3162,4869,1707,189.66666666666666,
veh488,gasolineEuroSix,1003.4478776538424,6,1760,3527,1767,294.5,
veh877,eVehicle,0.0,7,3160,4784,1624,232.0,
veh483,normalVehicle,1730.4123961305918,9,1753,3526,1773,197.0,
veh881,normalVehicle,1155.94074668019,8,3171,4706,1535,191.875,
veh486,dieselEuroSix,7128.592932193744,9,1760,3372,1612,179.11111111111111,
veh879,hovGasolinaEuroSix,4944.119749985024,8,3168,4743,1575,196.875,
veh491,truck,126771.6137214823,7,1770,3342,1572,224.57142857142858,
veh880,normalVehicle,1338.617872806844,8,3170,4793,1623,202.875,
veh494,gasolineEuroSix,809.6387764536345,8,1788,3313,1525,190.625,
veh894,eVehicle,0.0,6,3206,4796,1590,265.0,
veh492,truck,136360.5310410773,5,1774,3344,1570,314.0,
veh884,hovGasolinaEuroSix,4240.303738260453,6,3187,4785,1598,266.3333333333333,
veh490,gasolineEuroSix,753.7352022877058,9,1768,3194,1426,158.44444444444446,
veh924,dieselEuroSix,6769.758039824719,5,3273,5019,1746,349.2,
veh496,highEmissions,1195.7008429301686,8,1801,3346,1545,193.125,
veh891,eVehicle,0.0,10,3196,4898,1702,170.2,
veh499,gasolineEuroSix,885.5626304688943,5,1807,3197,1390,278.0,
veh890,eVehicle,0.0,6,3192,4848,1656,276.0,
veh493,normalVehicle,1267.3694713036946,5,1777,3169,1392,278.4,
veh885,gasolineEuroSix,770.5410282499407,8,3188,4593,1405,175.625,
veh554,gasolineEuroSix,796.7721411726505,9,2026,3718,1692,188.0,
veh886,hovGasolinaEuroSix,3943.0240528605977,6,3191,4885,1694,282.3333333333333,
veh512,normalVehicle,1413.3706997391723,6,1861,3589,1728,288.0,
veh888,gasolineEuroSix,750.7602064781485,7,3191,5127,1936,276.57142857142856,
veh495,normalVehicle,1154.018246459058,9,1800,3526,1726,191.77777777777777,
veh892,normalVehicle,1316.3594902443342,7,3197,4707,1510,215.71428571428572,
veh505,eVehicle,0.0,8,1835,3378,1543,192.875,
veh887,truck,132910.02266430476,10,3194,4887,1693,169.3,
veh500,eVehicle,0.0,6,1815,3314,1499,249.83333333333334,
veh904,eVehicle,0.0,6,3228,5124,1896,316.0,
veh498,eVehicle,0.0,8,1804,3195,1391,173.875,
veh889,normalVehicle,1479.9127647428131,6,3194,4787,1593,265.5,
veh501,dieselEuroSix,4987.041497654895,6,1816,3436,1620,270.0,
veh895,highEmissions,1299.5022275557242,7,3207,4850,1643,234.71428571428572,
veh514,hovGasolinaEuroSix,4320.934093198456,7,1867,3341,1474,210.57142857142858,
veh897,dieselEuroSix,4849.743880588036,9,3214,4897,1683,187.0,
veh507,dieselEuroSix,5167.297918539853,8,1835,4002,2167,270.875,
veh896,eVehicle,0.0,6,3212,4851,1639,273.1666666666667,
veh503,hovGasolinaEuroSix,3511.570257883032,5,1828,3374,1546,309.2,
veh893,eVehicle,0.0,9,3201,4737,1536,170.66666666666666,
veh502,truck,114434.01847290048,10,1818,3399,1581,158.1,
veh922,gasolineEuroSix,703.4952457729172,7,3269,4931,1662,237.42857142857142,
veh504,eVehicle,0.0,10,1832,3376,1544,154.4,
veh900,hovGasolinaEuroSix,4500.457410434985,8,3223,4914,1691,211.375,
veh509,dieselEuroSix,6361.849984533146,7,1837,3339,1502,214.57142857142858,
veh898,normalVehicle,1176.6247948240768,7,3217,5049,1832,261.7142857142857,
veh899,normalVehicle,1314.2426410303528,10,3221,4889,1668,166.8,
veh510,hovGasolinaEuroSix,4927.314311420454,6,1847,3529,1682,280.3333333333333,
veh902,dieselEuroSix,6562.749111520223,9,3225,4798,1573,174.77777777777777,
veh508,hovGasolinaEuroSix,4911.0772324115105,9,1838,4004,2166,240.66666666666666,
veh905,hovGasolinaEuroSix,4077.948806709666,8,3230,4881,1651,206.375,
veh506,dieselEuroSix,6858.606284467032,7,1838,3380,1542,220.28571428571428,
veh906,hovGasolinaEuroSix,4795.488934287965,7,3233,4882,1649,235.57142857142858,
veh528,dieselEuroSix,6832.022382369601,9,1922,3512,1590,176.66666666666666,
veh901,eVehicle,0.0,8,3224,4740,1516,189.5,
veh517,eVehicle,0.0,7,1885,3507,1622,231.71428571428572,
veh907,normalVehicle,1453.0046558371098,5,3233,5050,1817,363.4,
veh515,gasolineEuroSix,722.7904179591504,5,1870,3496,1626,325.2,
veh903,dieselEuroSix,5977.558073816809,8,3227,4742,1515,189.375,
veh511,eVehicle,0.0,6,1860,3329,1469,244.83333333333334,
veh909,gasolineEuroSix,827.4144621657501,9,3239,4992,1753,194.77777777777777,
veh513,gasolineEuroSix,902.1426979265983,5,1863,3381,1518,303.6,
veh910,eVehicle,0.0,5,3240,5052,1812,362.4,
veh516,hovGasolinaEuroSix,3632.9414312196095,8,1882,3503,1621,202.625,
veh911,gasolineEuroSix,753.5632635646059,6,3243,4865,1622,270.3333333333333,
veh527,dieselEuroSix,7311.480917150934,8,1920,4009,2089,261.125,
veh919,gasolineEuroSix,944.6288065565911,6,3263,5054,1791,298.5,
veh520,normalVehicle,1185.957213914988,7,1890,3331,1441,205.85714285714286,
veh908,dieselEuroSix,5072.5334856791405,7,3235,4861,1626,232.28571428571428,
veh521,gasolineEuroSix,912.1476377563148,6,1891,4005,2114,352.3333333333333,
veh913,dieselEuroSix,7651.002252846238,9,3246,4886,1640,182.22222222222223,
veh518,dieselEuroSix,6386.923142125731,6,1888,3508,1620,270.0,
veh912,eVehicle,0.0,8,3243,4884,1641,205.125,
veh522,gasolineEuroSix,727.4276966245501,10,1898,3602,1704,170.4,
veh931,hovGasolinaEuroSix,4894.99140722559,10,3298,4934,1636,163.6,
veh519,dieselEuroSix,5708.489551128116,6,1889,3400,1511,251.83333333333334,
veh952,gasolineEuroSix,990.1039561365081,7,3368,5112,1744,249.14285714285714,
veh524,highEmissions,1208.8912894049117,9,1909,3510,1601,177.88888888888889,
veh918,dieselEuroSix,6307.1107741632995,10,3265,4830,1565,156.5,
veh523,eVehicle,0.0,10,1903,4007,2104,210.4,
veh914,dieselEuroSix,5369.406996247421,10,3245,4974,1729,172.9,
veh526,eVehicle,0.0,5,1919,3498,1579,315.8,
veh917,eVehicle,0.0,8,3262,4828,1566,195.75,
veh536,eVehicle,0.0,6,1955,3519,1564,260.6666666666667,
veh915,normalVehicle,1220.2725579622327,5,3248,5048,1800,360.0,
veh525,dieselEuroSix,5097.663695875798,8,1915,3383,1468,183.5,
veh916,hovGasolinaEuroSix,4298.1105010363335,6,3252,5018,1766,294.3333333333333,
veh537,eVehicle,0.0,10,1966,3712,1746,174.6,
veh925,gasolineEuroSix,925.0424987623853,9,3276,5021,1745,193.88888888888889,
veh529,eVehicle,0.0,5,1926,3591,1665,333.0,
veh920,highEmissions,1271.878611023812,5,3267,4888,1621,324.2,
veh534,gasolineEuroSix,713.5473927763574,7,1951,3385,1434,204.85714285714286,
veh927,eVehicle,0.0,5,3281,4938,1657,331.4,
veh531,hovGasolinaEuroSix,5111.057834242526,7,1942,3747,1805,257.85714285714283,
veh921,eVehicle,0.0,7,3270,4890,1620,231.42857142857142,
veh530,hovGasolinaEuroSix,4823.503898569597,8,1929,3593,1664,208.0,
veh928,eVehicle,0.0,9,3289,4933,1644,182.66666666666666,
veh532,hovGasolinaEuroSix,3601.186645726123,7,1945,3473,1528,218.28571428571428,
veh926,eVehicle,0.0,5,3279,4891,1612,322.4,
veh923,normalVehicle,1306.2175467407967,7,3272,4684,1412,201.71428571428572,
veh533,dieselEuroSix,7467.882797087516,10,1948,4010,2062,206.2,
veh933,truck,132155.39266802123,6,3304,4938,1634,272.3333333333333,
veh539,gasolineEuroSix,1046.4847612787273,8,1974,3749,1775,221.875,
veh939,hovGasolinaEuroSix,4352.698711033223,9,3334,4977,1643,182.55555555555554,
veh535,eVehicle,0.0,6,1953,3712,1759,293.1666666666667,
veh930,normalVehicle,1128.9254466941052,10,3295,4976,1681,168.1,
veh929,normalVehicle,1727.8905075506318,10,3293,5056,1763,176.3,
veh538,hovGasolinaEuroSix,3597.128600117902,10,1968,3561,1593,159.3,
veh932,normalVehicle,1294.8011471659327,8,3301,4936,1635,204.375,
veh542,hovGasolinaEuroSix,3356.2484023668885,8,1985,3429,1444,180.5,
veh938,normalVehicle,1573.6484524540608,8,3333,4897,1564,195.5,
veh544,gasolineEuroSix,702.8787180947787,9,1988,3447,1459,162.11111111111111,
veh936,gasolineEuroSix,830.9949282804773,6,3332,4915,1583,263.8333333333333,
veh540,highEmissions,1550.3094779251037,10,1977,3751,1774,177.4,
veh944,truck,119241.16537676829,8,3344,4831,1487,185.875,
veh541,gasolineEuroSix,1080.1967002884226,5,1980,3752,1772,354.4,
veh546,normalVehicle,1264.4814742527399,6,1992,3522,1530,255.0,
veh947,truck,130539.80700938898,10,3355,4985,1630,163.0,
veh934,highEmissions,1246.4244879568835,9,3310,4893,1583,175.88888888888889,
veh549,gasolineEuroSix,695.0207024915608,10,2015,3552,1537,153.7,
veh940,highEmissions,998.9509399803834,10,3335,5003,1668,166.8,
veh548,highEmissions,1127.2879872425833,8,2004,3563,1559,194.875,
veh935,eVehicle,0.0,5,3329,5109,1780,356.0,
veh543,eVehicle,0.0,8,1987,3622,1635,204.375,
veh937,dieselEuroSix,6858.094950526929,5,3330,4895,1565,313.0,
veh547,eVehicle,0.0,6,1996,3624,1628,271.3333333333333,
veh943,hovGasolinaEuroSix,3936.430679490323,8,3341,4983,1642,205.25,
veh545,normalVehicle,1388.313860948638,5,1989,3521,1532,306.4,
veh942,gasolineEuroSix,724.3789516821328,7,3340,5120,1780,254.28571428571428,
veh946,eVehicle,0.0,7,3351,4835,1484,212.0,
veh557,dieselEuroSix,7062.085148778784,7,2040,4012,1972,281.7142857142857,
veh941,hovGasolinaEuroSix,4521.3383073533905,8,3338,4949,1611,201.375,
veh551,normalVehicle,1135.6284762898879,7,2021,3686,1665,237.85714285714286,
veh948,gasolineEuroSix,735.7936085591992,9,3356,5223,1867,207.44444444444446,
veh556,gasolineEuroSix,807.9227893072101,9,2036,3714,1678,186.44444444444446,
veh550,gasolineEuroSix,711.9735808637412,5,2020,3549,1529,305.8,
veh945,gasolineEuroSix,807.848545528882,9,3348,4833,1485,165.0,
veh555,truck,114179.85612844898,6,2030,3554,1524,254.0,
veh950,eVehicle,0.0,5,3367,5014,1647,329.4,
veh558,gasolineEuroSix,735.1764584523168,6,2048,3551,1503,250.5,
veh949,gasolineEuroSix,940.7753009675203,7,3357,5110,1753,250.42857142857142,
veh552,eVehicle,0.0,10,2024,3461,1437,143.7,
veh553,gasolineEuroSix,717.6544827300851,8,2027,3781,1754,219.25,
veh951,hovGasolinaEuroSix,4619.563490246891,9,3370,5122,1752,194.66666666666666,
veh326,truck,139811.69043900538,5,1190,2933,1743,348.6,
veh403,eVehicle,0.0,9,1426,2916,1490,165.55555555555554,
veh330,eVehicle,0.0,10,1196,2734,1538,153.8,
veh412,truck,110538.20366418373,5,1452,2973,1521,304.2,
veh324,gasolineEuroSix,772.73422636503,9,1181,2829,1648,183.11111111111111,
veh404,truck,127889.32926674274,8,1429,2918,1489,186.125,
veh329,hovGasolinaEuroSix,4531.716232846331,10,1195,2969,1774,177.4,
veh407,gasolineEuroSix,737.2010238816256,6,1432,3156,1724,287.3333333333333,
veh335,normalVehicle,1520.157101745266,6,1205,3055,1850,308.3333333333333,
veh405,hovGasolinaEuroSix,4048.066671038913,8,1428,3074,1646,205.75,
veh325,highEmissions,898.9360345117378,9,1182,2662,1480,164.44444444444446,
veh408,truck,147376.74389719495,7,1435,3100,1665,237.85714285714286,
veh337,truck,149494.63593045645,8,1211,2834,1623,202.875,
veh406,gasolineEuroSix,785.6941350628439,10,1430,3064,1634,163.4,
veh340,eVehicle,0.0,8,1224,2931,1707,213.375,
veh414,hovGasolinaEuroSix,4246.7885495062355,7,1455,3072,1617,231.0,
veh398,hovGasolinaEuroSix,4409.601258744027,10,1403,2915,1512,151.2,
veh409,truck,134094.17048151483,5,1439,3158,1719,343.8,
veh327,truck,103211.1351072296,6,1193,2695,1502,250.33333333333334,
veh411,hovGasolinaEuroSix,4542.22171311093,8,1446,3102,1656,207.0,
veh341,eVehicle,0.0,5,1233,2962,1729,345.8,
veh410,truck,134240.54230729956,6,1444,3066,1622,270.3333333333333,
veh333,eVehicle,0.0,8,1203,2971,1768,221.0,
veh426,gasolineEuroSix,814.9531340965899,7,1533,3079,1546,220.85714285714286,
veh328,normalVehicle,1160.1145499347015,9,1194,2711,1517,168.55555555555554,
veh413,eVehicle,0.0,7,1456,3301,1845,263.57142857142856,
veh331,dieselEuroSix,6008.8504202478325,8,1197,2734,1537,192.125,
veh421,highEmissions,1203.2301674577375,5,1519,3109,1590,318.0,
veh332,gasolineEuroSix,871.0666033407276,10,1198,2831,1633,163.3,
veh415,eVehicle,0.0,7,1475,3076,1601,228.71428571428572,
veh338,eVehicle,0.0,10,1219,2750,1531,153.1,
veh428,eVehicle,0.0,7,1539,3058,1519,217.0,
veh354,dieselEuroSix,4991.875157369446,5,1254,2774,1520,304.0,
veh339,hovGasolinaEuroSix,4266.812004442009,7,1222,2752,1530,218.57142857142858,
veh417,gasolineEuroSix,767.1860531881265,7,1490,2975,1485,212.14285714285714,
veh334,hovGasolinaEuroSix,3944.7895335208204,9,1206,2664,1458,162.0,
veh416,truck,117668.88384420602,9,1489,2998,1509,167.66666666666666,
veh336,dieselEuroSix,7453.413328609024,8,1208,2832,1624,203.0,
veh423,eVehicle,0.0,8,1527,3070,1543,192.875,
veh343,normalVehicle,1080.1026098051025,5,1235,2782,1547,309.4,
veh422,dieselEuroSix,5383.598594764098,8,1526,3077,1551,193.875,
veh361,dieselEuroSix,5122.652051608203,7,1274,2835,1561,223.0,
veh418,truck,107228.59196899469,9,1502,3068,1566,174.0,
veh350,eVehicle,0.0,5,1247,3057,1810,362.0,
veh419,normalVehicle,1500.188179521078,6,1507,3104,1597,266.1666666666667,
veh347,hovGasolinaEuroSix,3782.586634338807,5,1247,3053,1806,361.2,
veh420,dieselEuroSix,5317.83067297299,8,1512,3108,1596,199.5,
veh342,normalVehicle,1388.6245961202364,6,1236,2878,1642,273.6666666666667,
veh424,eVehicle,0.0,10,1530,3106,1576,157.6,
veh344,normalVehicle,1310.1275430905412,9,1238,2783,1545,171.66666666666666,
veh430,truck,132128.53281394907,5,1545,3062,1517,303.4,
veh346,dieselEuroSix,6549.392636914109,10,1244,2753,1509,150.9,
veh427,truck,104874.00187781939,9,1534,3000,1466,162.88888888888889,
veh345,dieselEuroSix,4989.231503310227,9,1243,2822,1579,175.44444444444446,
veh450,normalVehicle,1479.8689180630313,9,1630,3326,1696,188.44444444444446,
veh433,hovGasolinaEuroSix,4293.265556082033,6,1554,3071,1517,252.83333333333334,
veh348,eVehicle,0.0,7,1246,2665,1419,202.71428571428572,
veh425,gasolineEuroSix,731.12474028434,9,1531,3211,1680,186.66666666666666,
veh353,normalVehicle,1595.123083327916,10,1256,2901,1645,164.5,
veh429,normalVehicle,1353.4805609712298,6,1542,3060,1518,253.0,
veh352,hovGasolinaEuroSix,4485.332342608374,6,1253,2899,1646,274.3333333333333,
veh432,highEmissions,1252.530547174485,9,1547,3160,1613,179.22222222222223,
veh349,dieselEuroSix,6382.358490260415,7,1249,2977,1728,246.85714285714286,
veh362,hovGasolinaEuroSix,5039.77827388635,8,1277,2937,1660,207.5,
veh442,gasolineEuroSix,959.7955704758976,9,1603,3329,1726,191.77777777777777,
veh351,truck,138099.35910110825,5,1250,3061,1811,362.2,
veh431,eVehicle,0.0,10,1543,3324,1781,178.1,
veh364,normalVehicle,1529.381051139405,5,1284,2939,1655,331.0,
veh437,dieselEuroSix,4918.322762532368,7,1585,3001,1416,202.28571428571428,
veh356,hovGasolinaEuroSix,3402.0486879463874,5,1262,2792,1530,306.0,
veh436,gasolineEuroSix,746.0372911509423,8,1570,3297,1727,215.875,
veh360,dieselEuroSix,7507.50392398904,6,1272,3053,1781,296.8333333333333,
veh440,normalVehicle,1486.8120037218214,7,1598,3510,1912,273.14285714285717,
veh445,truck,98597.40100911731,9,1610,3077,1467,163.0,
veh355,hovGasolinaEuroSix,4292.296468209754,10,1257,2775,1518,151.8,
veh434,highEmissions,1136.5670304508099,9,1564,3508,1944,216.0,
veh358,highEmissions,1100.3075493152426,8,1270,2736,1466,183.25,
veh435,truck,129852.30013579165,5,1565,3213,1648,329.6,
veh371,eVehicle,0.0,5,1302,2878,1576,315.2,
veh438,hovGasolinaEuroSix,4623.374586341993,5,1592,3073,1481,296.2,
veh357,hovGasolinaEuroSix,4390.656655842703,9,1266,2918,1652,183.55555555555554,
veh439,eVehicle,0.0,10,1593,3326,1733,173.3,
veh363,eVehicle,0.0,9,1278,2992,1714,190.44444444444446,
veh377,truck,129380.26896013603,8,1323,2919,1596,199.5,
veh441,highEmissions,1292.093601942194,10,1601,3328,1727,172.7,
veh359,hovGasolinaEuroSix,3604.6354396721467,5,1273,2991,1718,343.6,
veh456,truck,122012.02371438358,8,1643,3215,1572,196.5,
veh374,hovGasolinaEuroSix,3910.8901738340096,7,1308,2918,1610,230.0,
veh451,gasolineEuroSix,792.4754539215464,10,1631,3337,1706,170.6,
veh373,eVehicle,0.0,9,1305,2929,1624,180.44444444444446,
veh443,eVehicle,0.0,10,1604,3512,1908,190.8,
veh378,highEmissions,988.7343854781828,6,1329,2940,1611,268.5,
veh448,highEmissions,1039.1878933022615,7,1625,3325,1700,242.85714285714286,
veh365,normalVehicle,1442.3740813193237,9,1287,2875,1588,176.44444444444446,
veh453,eVehicle,0.0,10,1638,3143,1505,150.5,
veh366,truck,134965.14427529537,8,1290,2877,1587,198.375,
veh444,gasolineEuroSix,926.9119528777439,5,1606,3331,1725,345.0,
veh370,truck,145582.94311779732,10,1301,2994,1693,169.3,
veh447,eVehicle,0.0,5,1616,3075,1459,291.8,
veh367,eVehicle,0.0,9,1292,3059,1767,196.33333333333334,
veh446,gasolineEuroSix,984.3014303137866,8,1611,3333,1722,215.25,
veh368,normalVehicle,1487.819343020203,7,1296,2879,1583,226.14285714285714,
veh452,normalVehicle,1080.0456032808495,10,1635,3142,1507,150.7,
veh369,normalVehicle,1399.8376082205482,8,1300,2881,1581,197.625,
veh383,eVehicle,0.0,8,1344,2940,1596,199.5,
veh463,truck,131219.86461406795,10,1659,3304,1645,164.5,
veh375,truck,102335.61405732404,5,1307,2906,1599,319.8,
veh449,highEmissions,1527.933834052606,9,1628,3334,1706,189.55555555555554,
veh372,hovGasolinaEuroSix,4568.872971415981,10,1305,3054,1749,174.9,
veh457,gasolineEuroSix,896.3642893232012,9,1644,3339,1695,188.33333333333334,
veh376,dieselEuroSix,6083.026986757266,8,1322,2777,1455,181.875,
veh458,truck,120754.9044259338,8,1653,3310,1657,207.125,
veh382,truck,102508.32326588429,9,1346,2911,1565,173.88888888888889,
veh454,highEmissions,985.3294636758399,9,1641,3349,1708,189.77777777777777,
veh386,eVehicle,0.0,9,1361,2909,1548,172.0,
veh455,eVehicle,0.0,5,1644,3308,1664,332.8,
veh379,gasolineEuroSix,732.6814877406472,7,1337,3095,1758,251.14285714285714,
veh467,normalVehicle,1522.5840424761357,9,1674,3328,1654,183.77777777777777,
veh380,dieselEuroSix,4752.682945981267,7,1338,3072,1734,247.71428571428572,
veh465,hovGasolinaEuroSix,6027.002855296571,6,1668,3517,1849,308.1666666666667,
veh384,normalVehicle,1608.5532666335444,5,1347,3056,1709,341.8,
veh459,eVehicle,0.0,9,1655,3588,1933,214.77777777777777,
veh388,normalVehicle,1419.4359478663248,10,1366,3006,1640,164.0,
veh460,hovGasolinaEuroSix,4166.819920918879,7,1656,3303,1647,235.28571428571428,
veh381,normalVehicle,1197.376593605222,8,1343,2908,1565,195.625,
veh461,gasolineEuroSix,963.4101411589373,9,1657,3513,1856,206.22222222222223,
veh470,gasolineEuroSix,676.9421847799999,9,1686,3096,1410,156.66666666666666,
veh385,eVehicle,0.0,7,1350,3058,1708,244.0,
veh464,gasolineEuroSix,748.8224047784507,6,1664,3079,1415,235.83333333333334,
veh389,eVehicle,0.0,10,1375,3008,1633,163.3,
veh466,hovGasolinaEuroSix,4514.5731256430645,5,1670,3340,1670,334.0,
veh390,eVehicle,0.0,8,1376,3097,1721,215.125,
veh462,highEmissions,1562.5298406434204,5,1660,3515,1855,371.0,
veh393,hovGasolinaEuroSix,5421.495676276375,6,1389,3060,1671,278.5,
veh472,normalVehicle,1877.3748340803213,6,1689,3518,1829,304.8333333333333,
veh387,eVehicle,0.0,6,1363,3005,1642,273.6666666666667,
veh468,gasolineEuroSix,812.2525476873267,5,1676,3311,1635,327.0,
veh394,eVehicle,0.0,7,1393,2779,1386,198.0,
veh474,normalVehicle,1242.3537040654492,9,1696,3161,1465,162.77777777777777,
veh391,eVehicle,0.0,8,1379,3099,1720,215.0,
veh469,hovGasolinaEuroSix,3558.192869872683,5,1680,3369,1689,337.8,
veh396,highEmissions,934.9654660570482,10,1398,2900,1502,150.2,
veh479,normalVehicle,1145.1714474130063,9,1739,3311,1572,174.66666666666666,
veh401,truck,115924.4959164072,10,1422,2942,1520,152.0,
veh399,truck,93708.69447872718,10,1410,2804,1394,139.4,
veh478,highEmissions,1003.4146281846893,5,1715,3398,1683,336.6,
veh471,gasolineEuroSix,796.1327477627029,7,1687,3330,1643,234.71428571428572,
veh392,eVehicle,0.0,9,1386,2913,1527,169.66666666666666,
veh473,hovGasolinaEuroSix,3288.218968806725,6,1694,3125,1431,238.5,
veh397,gasolineEuroSix,814.7908897980301,8,1401,2902,1501,187.625,
veh475,hovGasolinaEuroSix,4012.3210782062833,6,1701,3351,1650,275.0,
veh395,eVehicle,0.0,9,1395,3062,1667,185.22222222222223,
veh476,gasolineEuroSix,1006.2849680271321,6,1703,3520,1817,302.8333333333333,
veh400,eVehicle,0.0,8,1414,2925,1511,188.875,
veh480,dieselEuroSix,4726.563020396442,10,1742,3168,1426,142.6,
veh402,truck,121757.51685681962,9,1424,2996,1572,174.66666666666666,
veh477,hovGasolinaEuroSix,5785.498973161071,6,1706,3522,1816,302.6666666666667,
veh249,eVehicle,0.0,8,906,2578,1672,209.0,
veh573,dieselEuroSix,4849.271418328748,8,2093,3668,1575,196.875,
veh958,gasolineEuroSix,870.9977445547737,7,3379,4979,1600,228.57142857142858,
veh256,dieselEuroSix,6483.073949146581,6,936,3044,2108,351.3333333333333,
veh563,dieselEuroSix,6033.376458050789,6,2063,3626,1563,260.5,
veh963,normalVehicle,1394.9127603922057,9,3389,4933,1544,171.55555555555554,
veh247,dieselEuroSix,4779.883961012468,5,904,2137,1233,246.6,
veh569,eVehicle,0.0,9,2081,3786,1705,189.44444444444446,
veh954,eVehicle,0.0,7,3371,4946,1575,225.0,
veh250,gasolineEuroSix,724.7886538945892,5,908,2493,1585,317.0,
veh560,gasolineEuroSix,830.2601372947014,9,2057,3714,1657,184.11111111111111,
veh956,hovGasolinaEuroSix,4822.326298788482,6,3378,5058,1680,280.0,
veh253,eVehicle,0.0,10,927,2494,1567,156.7,
veh559,normalVehicle,1123.4321873901656,8,2051,3642,1591,198.875,
veh955,normalVehicle,1165.5764534817372,7,3374,4998,1624,232.0,
veh252,dieselEuroSix,5921.965972100462,5,915,2548,1633,326.6,
veh561,hovGasolinaEuroSix,5122.606950071041,5,2061,4014,1953,390.6,
veh953,dieselEuroSix,7471.844193416795,10,3371,5114,1743,174.3,
veh254,eVehicle,0.0,8,928,2610,1682,210.25,
veh564,normalVehicle,1214.2990458347504,7,2065,3846,1781,254.42857142857142,
veh961,normalVehicle,1573.4531751915736,10,3385,4988,1603,160.3,
veh251,eVehicle,0.0,9,910,2592,1682,186.88888888888889,
veh566,eVehicle,0.0,10,2075,3687,1612,161.2,
veh957,normalVehicle,1681.8970265251448,8,3381,5059,1678,209.75,
veh259,dieselEuroSix,4966.469582792939,5,942,2716,1774,354.8,
veh565,eVehicle,0.0,10,2070,3628,1558,155.8,
veh960,hovGasolinaEuroSix,4516.238197915951,5,3382,4986,1604,320.8,
veh266,gasolineEuroSix,781.1162136121056,9,965,2578,1613,179.22222222222223,
veh562,normalVehicle,1737.8432102267407,8,2064,4016,1952,244.0,
veh959,hovGasolinaEuroSix,5019.877334596805,8,3382,4981,1599,199.875,
veh261,gasolineEuroSix,944.2382667502135,8,945,2552,1607,200.875,
veh572,dieselEuroSix,6489.722233392908,9,2090,3716,1626,180.66666666666666,
veh962,eVehicle,0.0,5,3386,5127,1741,348.2,
veh255,gasolineEuroSix,787.8356912491035,5,933,3042,2109,421.8,
veh567,normalVehicle,1401.3411572131117,9,2076,3644,1568,174.22222222222223,
veh977,highEmissions,1265.2574745143224,7,3445,5182,1737,248.14285714285714,
veh257,normalVehicle,1548.9340026581729,9,935,2550,1615,179.44444444444446,
veh571,eVehicle,0.0,8,2086,3645,1559,194.875,
veh969,eVehicle,0.0,6,3421,5128,1707,284.5,
veh258,hovGasolinaEuroSix,4470.799111850659,5,936,2485,1549,309.8,
veh577,hovGasolinaEuroSix,4045.8321894935957,6,2110,3671,1561,260.1666666666667,
veh968,eVehicle,0.0,10,3415,5000,1585,158.5,
veh264,hovGasolinaEuroSix,3231.604674776654,8,953,2248,1295,161.875,
veh568,dieselEuroSix,6376.8422581902505,10,2080,4018,1938,193.8,
veh970,dieselEuroSix,7228.175931671981,6,3427,4984,1557,259.5,
veh260,hovGasolinaEuroSix,4016.573680172359,7,945,2926,1981,283.0,
veh585,dieselEuroSix,6193.286237904412,6,2130,3847,1717,286.1666666666667,
veh964,hovGasolinaEuroSix,5417.796170031518,6,3390,4982,1592,265.3333333333333,
veh263,dieselEuroSix,4939.05185103814,10,950,2497,1547,154.7,
veh570,highEmissions,1211.6744293735296,8,2084,3788,1704,213.0,
veh965,hovGasolinaEuroSix,5403.8053214112,10,3392,5115,1723,172.3,
veh262,normalVehicle,1696.2852952130615,7,948,2554,1606,229.42857142857142,
veh575,dieselEuroSix,5824.064599078629,6,2101,3669,1568,261.3333333333333,
veh966,highEmissions,1309.7907496778093,7,3404,5005,1601,228.71428571428572,
veh270,hovGasolinaEuroSix,3609.9013851495274,10,981,2507,1526,152.6,
veh574,eVehicle,0.0,5,2094,3742,1648,329.6,
veh967,eVehicle,0.0,6,3407,5107,1700,283.3333333333333,
veh265,highEmissions,1386.834050002299,6,956,2928,1972,328.6666666666667,
veh589,eVehicle,0.0,9,2139,3731,1592,176.88888888888889,
veh1004,gasolineEuroSix,773.792732235425,9,3533,5127,1594,177.11111111111111,
veh280,hovGasolinaEuroSix,2933.199524077713,6,1011,2230,1219,203.16666666666666,
veh975,normalVehicle,1115.1132446433394,9,3443,4988,1545,171.66666666666666,
veh274,dieselEuroSix,4856.153922436229,9,991,2725,1734,192.66666666666666,
veh579,dieselEuroSix,6674.570042684491,7,2113,4020,1907,272.42857142857144,
veh978,normalVehicle,1272.5424449504933,8,3449,5016,1567,195.875,
veh272,gasolineEuroSix,837.2646568848887,8,981,2580,1599,199.875,
veh604,highEmissions,1000.5368483367538,10,2215,3864,1649,164.9,
veh971,gasolineEuroSix,752.1005356415866,9,3431,5181,1750,194.44444444444446,
veh267,truck,106007.41095838996,10,976,2527,1551,155.1,
veh580,hovGasolinaEuroSix,3546.6125658252295,8,2117,3672,1555,194.375,
veh986,eVehicle,0.0,6,3478,5189,1711,285.1666666666667,
veh269,highEmissions,1177.9844107009046,7,978,2443,1465,209.28571428571428,
veh576,hovGasolinaEuroSix,4119.390203259421,8,2104,3614,1510,188.75,
veh972,hovGasolinaEuroSix,4214.065673852165,8,3432,4986,1554,194.25,
veh268,highEmissions,995.1254305364763,9,980,2536,1556,172.88888888888889,
veh578,gasolineEuroSix,799.9499818176968,5,2112,3719,1607,321.4,
veh974,gasolineEuroSix,801.3494125603328,5,3440,4900,1460,292.0,
veh271,truck,101469.03087235877,9,985,2544,1559,173.22222222222223,
veh583,gasolineEuroSix,953.9336084050071,10,2125,4022,1897,189.7,
veh973,hovGasolinaEuroSix,3780.4274460509814,8,3437,4899,1462,182.75,
veh273,normalVehicle,1293.9986235995525,8,990,2546,1556,194.5,
veh582,normalVehicle,1118.9885362316122,8,2124,3724,1600,200.0,
veh985,gasolineEuroSix,983.0234681244007,5,3474,5405,1931,386.2,
veh277,normalVehicle,1530.424484399892,8,1003,2729,1726,215.75,
veh581,hovGasolinaEuroSix,4140.76433342051,9,2121,3673,1552,172.44444444444446,
veh982,truck,121480.8139603019,6,3459,5039,1580,263.3333333333333,
veh319,hovGasolinaEuroSix,5648.7422059089595,9,1152,3051,1899,211.0,
veh607,truck,128338.42927244601,7,2240,3851,1611,230.14285714285714,
veh980,dieselEuroSix,5744.217382751177,7,3455,5136,1681,240.14285714285714,
veh275,hovGasolinaEuroSix,4021.1385211978254,6,993,2547,1554,259.0,
veh588,gasolineEuroSix,874.4209884178216,8,2138,3849,1711,213.875,
veh976,dieselEuroSix,4937.559120107593,8,3444,5187,1743,217.875,
veh286,dieselEuroSix,6910.842446929939,7,1031,3046,2015,287.85714285714283,
veh587,gasolineEuroSix,865.6654496139641,7,2136,3746,1610,230.0,
veh979,eVehicle,0.0,5,3453,5225,1772,354.4,
veh276,hovGasolinaEuroSix,3944.524673380171,10,999,2727,1728,172.8,
veh584,gasolineEuroSix,1007.6864400777155,5,2128,4023,1895,379.0,
veh984,eVehicle,0.0,8,3470,5041,1571,196.375,
veh279,dieselEuroSix,5175.9747066172295,8,1010,2563,1553,194.125,
veh983,normalVehicle,1347.6895621318702,7,3466,5404,1938,276.85714285714283,
veh282,gasolineEuroSix,717.1861900163495,7,1015,2594,1579,225.57142857142858,
veh586,eVehicle,0.0,9,2133,3744,1611,179.0,
veh1021,hovGasolinaEuroSix,4498.312061895221,5,3593,5171,1578,315.6,
veh281,highEmissions,1120.365165670067,8,1013,2487,1474,184.25,
veh595,highEmissions,1310.1120988677671,9,2170,3729,1559,173.22222222222223,
veh981,hovGasolinaEuroSix,3428.0192482837474,8,3456,5037,1581,197.625,
veh278,normalVehicle,1121.2911837593908,10,1009,2499,1490,149.0,
veh591,highEmissions,1278.9262213125057,7,2145,3735,1590,227.14285714285714,
veh999,eVehicle,0.0,8,3515,5132,1617,202.125,
veh283,eVehicle,0.0,7,1020,2596,1576,225.14285714285714,
veh590,normalVehicle,1443.0966123676797,8,2142,3733,1591,198.875,
veh987,gasolineEuroSix,950.5076062906322,9,3481,5191,1710,190.0,
veh285,dieselEuroSix,3759.2327425734215,9,1029,2176,1147,127.44444444444444,
veh594,hovGasolinaEuroSix,4649.354651985601,6,2161,3727,1566,261.0,
veh1008,hovGasolinaEuroSix,4854.036152802452,9,3542,5184,1642,182.44444444444446,
veh592,eVehicle,0.0,9,2155,3736,1581,175.66666666666666,
veh992,normalVehicle,1166.716015794098,8,3496,5131,1635,204.375,
veh298,gasolineEuroSix,884.6957029080153,7,1080,2732,1652,236.0,
veh593,normalVehicle,1372.8978517312653,5,2156,3725,1569,313.8,
veh988,gasolineEuroSix,802.2309713261762,9,3480,5042,1562,173.55555555555554,
veh601,dieselEuroSix,6746.52025782808,5,2191,4025,1834,366.8,
veh287,hovGasolinaEuroSix,3765.215482258336,6,1036,2717,1681,280.1666666666667,
veh597,eVehicle,0.0,9,2177,3784,1607,178.55555555555554,
veh989,hovGasolinaEuroSix,4799.019777186686,8,3482,5124,1642,205.25,
veh608,dieselEuroSix,5551.340045639627,5,2242,3866,1624,324.8,
veh990,gasolineEuroSix,962.4103545465284,6,3484,5192,1708,284.6666666666667,
veh284,gasolineEuroSix,629.0655723384406,7,1026,2633,1607,229.57142857142858,
veh600,normalVehicle,1389.713478648602,10,2190,3786,1596,159.6,
veh288,truck,135636.92090234233,10,1037,2511,1474,147.4,
veh596,hovGasolinaEuroSix,3834.8192937686526,10,2171,3721,1550,155.0,
veh991,normalVehicle,1517.8654008492815,10,3486,5125,1639,163.9,
veh290,dieselEuroSix,6895.245694626779,5,1049,2929,1880,376.0,
veh599,eVehicle,0.0,10,2185,3900,1715,171.5,
veh993,eVehicle,0.0,8,3497,5165,1668,208.5,
veh291,hovGasolinaEuroSix,2894.5901640481698,10,1051,2298,1247,124.7,
veh616,eVehicle,0.0,8,2261,3869,1608,201.0,
veh994,normalVehicle,1413.516814775348,8,3499,4988,1489,186.125,
veh300,eVehicle,0.0,8,1083,2559,1476,184.5,
veh997,dieselEuroSix,6822.756762503667,7,3509,5130,1621,231.57142857142858,
veh289,dieselEuroSix,7317.779524457277,9,1038,2555,1517,168.55555555555554,
veh598,dieselEuroSix,6819.784953456383,7,2182,3790,1608,229.71428571428572,
veh996,hovGasolinaEuroSix,4188.431776099187,8,3506,5128,1622,202.75,
veh292,normalVehicle,1133.5421756572482,7,1053,2300,1247,178.14285714285714,
veh603,normalVehicle,1552.416011772769,10,2213,4027,1814,181.4,
veh995,eVehicle,0.0,10,3503,5437,1934,193.4,
veh293,eVehicle,0.0,7,1056,2557,1501,214.42857142857142,
veh606,hovGasolinaEuroSix,4260.172923827328,8,2230,3902,1672,209.0,
veh998,eVehicle,0.0,5,3510,5554,2044,408.8,
veh295,truck,94088.48683230544,7,1068,2536,1468,209.71428571428572,
veh602,gasolineEuroSix,886.7086555642896,9,2195,3788,1593,177.0,
veh1002,truck,136300.06405406405,9,3520,5168,1648,183.11111111111111,
veh614,eVehicle,0.0,8,2253,3716,1463,182.875,
veh1001,hovGasolinaEuroSix,4262.130984733698,8,3517,5166,1649,206.125,
veh305,hovGasolinaEuroSix,3564.8909905583578,10,1095,2641,1546,154.6,
veh617,gasolineEuroSix,788.126778206244,9,2264,3723,1459,162.11111111111111,
veh1007,dieselEuroSix,5090.690986205799,6,3540,5449,1909,318.1666666666667,
veh294,gasolineEuroSix,897.4841970486085,6,1066,2730,1664,277.3333333333333,
veh605,dieselEuroSix,4992.492979042065,7,2222,3835,1613,230.42857142857142,
veh296,dieselEuroSix,6864.761175075637,7,1071,2597,1526,218.0,
veh623,highEmissions,1248.9512233790663,7,2286,3856,1570,224.28571428571428,
veh297,normalVehicle,1418.8710287668705,7,1074,2719,1645,235.0,
veh610,hovGasolinaEuroSix,4475.198822866954,6,2245,3738,1493,248.83333333333334,
veh1000,hovGasolinaEuroSix,4652.937328396611,8,3518,5134,1616,202.0,
veh632,dieselEuroSix,7712.986124436987,10,2319,3871,1552,155.2,
veh1006,dieselEuroSix,4821.708838685369,8,3538,5175,1637,204.625,
veh313,truck,129896.53437106304,6,1133,2723,1590,265.0,
veh620,truck,130941.93281326685,6,2266,3791,1525,254.16666666666666,
veh1005,highEmissions,966.3993180667327,6,3536,5169,1633,272.1666666666667,
veh304,eVehicle,0.0,6,1094,2598,1504,250.66666666666666,
veh609,gasolineEuroSix,881.7758044704244,7,2244,3868,1624,232.0,
veh1003,eVehicle,0.0,7,3529,5005,1476,210.85714285714286,
veh299,normalVehicle,848.5558935098061,9,1081,2110,1029,114.33333333333333,
veh613,highEmissions,1063.2651571191002,8,2247,3853,1606,200.75,
veh302,eVehicle,0.0,5,1084,3048,1964,392.8,
veh611,dieselEuroSix,5579.292823420753,5,2246,3783,1537,307.4,
veh1011,dieselEuroSix,6769.671843035433,9,3551,5136,1585,176.11111111111111,
veh303,hovGasolinaEuroSix,3051.9362234075097,6,1085,2273,1188,198.0,
veh612,truck,133060.37624288298,10,2249,3790,1541,154.1,
veh301,gasolineEuroSix,548.4240790225115,6,1086,2361,1275,212.5,
veh1013,truck,110485.53276331426,5,3559,5138,1579,315.8,
veh309,normalVehicle,1223.348884340366,6,1119,2560,1441,240.16666666666666,
veh622,gasolineEuroSix,838.3801494873343,5,2282,3912,1630,326.0,
veh306,dieselEuroSix,6267.226008230902,10,1101,2643,1542,154.2,
veh615,eVehicle,0.0,5,2255,3837,1582,316.4,
veh1010,normalVehicle,1670.3321678561472,9,3553,5450,1897,210.77777777777777,
veh1019,dieselEuroSix,6502.048206688565,9,3582,5129,1547,171.88888888888889,
veh310,dieselEuroSix,4886.822543132647,5,1122,2749,1627,325.4,
veh619,highEmissions,982.6720878204427,9,2268,3910,1642,182.44444444444446,
veh1017,gasolineEuroSix,810.907685161482,9,3578,5171,1593,177.0,
veh311,highEmissions,1132.984313879787,7,1123,2652,1529,218.42857142857142,
veh618,gasolineEuroSix,720.3702870545367,10,2265,3748,1483,148.3,
veh1009,gasolineEuroSix,946.5277930231418,6,3550,5472,1922,320.3333333333333,
veh307,eVehicle,0.0,5,1110,2650,1540,308.0,
veh626,hovGasolinaEuroSix,5256.824805527474,5,2301,3915,1614,322.8,
veh1016,normalVehicle,1249.6026635699454,8,3572,5140,1568,196.0,
veh308,truck,130677.04358294747,8,1118,2721,1603,200.375,
veh621,eVehicle,0.0,8,2279,3855,1576,197.0,
veh1012,hovGasolinaEuroSix,5233.65168980833,7,3552,5186,1634,233.42857142857142,
veh317,hovGasolinaEuroSix,5307.382303580197,8,1144,3050,1906,238.25,
veh625,normalVehicle,1624.265377879091,9,2298,3913,1615,179.44444444444446,
veh1024,gasolineEuroSix,887.3030318716326,10,3597,5172,1575,157.5,
veh312,hovGasolinaEuroSix,4694.889320244256,6,1124,2644,1520,253.33333333333334,
veh323,eVehicle,0.0,9,1174,2968,1794,199.33333333333334,
veh628,dieselEuroSix,4916.733206592071,6,2306,3905,1599,266.5,
veh1022,dieselEuroSix,5656.681367582738,9,3594,5141,1547,171.88888888888889,
veh315,normalVehicle,1144.2163398199489,5,1140,2538,1398,279.6,
veh627,normalVehicle,1142.9811972692967,8,2304,3941,1637,204.625,
veh1015,normalVehicle,1498.0661791891148,6,3570,5226,1656,276.0,
veh318,gasolineEuroSix,846.241728620328,5,1147,2725,1578,315.6,
veh634,dieselEuroSix,6141.759576208889,8,2332,4029,1697,212.125,
veh1018,normalVehicle,1774.083392721629,5,3581,5452,1871,374.2,
veh320,hovGasolinaEuroSix,3767.1569313754812,8,1155,2539,1384,173.0,
veh624,highEmissions,1148.8193837213257,7,2292,3791,1499,214.14285714285714,
veh1014,eVehicle,0.0,10,3567,5177,1610,161.0,
veh314,hovGasolinaEuroSix,3979.399390361151,7,1139,2537,1398,199.71428571428572,
veh635,dieselEuroSix,5992.747958684206,7,2333,3942,1609,229.85714285714286,
veh629,highEmissions,971.3009595376773,9,2307,3947,1640,182.22222222222223,
veh636,normalVehicle,1098.7508551005787,5,2334,3775,1441,288.2,
veh1020,gasolineEuroSix,727.7914083535915,6,3590,5169,1579,263.1666666666667,
veh316,hovGasolinaEuroSix,4123.184213678082,5,1142,2550,1408,281.6,
veh630,normalVehicle,1093.9511891279683,7,2310,3735,1425,203.57142857142858,
veh1025,normalVehicle,1465.1284246456714,6,3598,5172,1574,262.3333333333333,
veh321,eVehicle,0.0,5,1163,2935,1772,354.4,
veh631,highEmissions,1429.3415332172385,8,2311,3917,1606,200.75,
veh322,eVehicle,0.0,8,1170,2874,1704,213.0,
veh633,hovGasolinaEuroSix,3331.057942773904,5,2327,3773,1446,289.2,
veh1023,dieselEuroSix,6446.5372106757895,8,3596,5322,1726,215.75,
veh36,dieselEuroSix,5853.190052774126,6,157,1812,1655,275.8333333333333,
veh106,truck,99083.36046941098,5,379,1820,1441,288.2,
veh170,highEmissions,881.153177848399,10,642,2016,1374,137.4,
veh35,gasolineEuroSix,937.0128340016769,9,154,1808,1654,183.77777777777777,
veh105,normalVehicle,1314.1108657361528,6,376,1903,1527,254.5,
veh172,eVehicle,0.0,7,647,2302,1655,236.42857142857142,
veh37,truck,120327.20617400133,8,157,1661,1504,188.0,
veh107,dieselEuroSix,5655.109080081006,6,391,1899,1508,251.33333333333334,
veh173,eVehicle,0.0,8,654,2097,1443,180.375,
veh51,gasolineEuroSix,688.6457671336283,10,203,1466,1263,126.3,
veh169,eVehicle,0.0,8,639,2211,1572,196.5,
veh64,normalVehicle,1088.5159382544969,7,249,1816,1567,223.85714285714286,
veh180,gasolineEuroSix,837.8002659536569,9,672,2102,1430,158.88888888888889,
veh41,truck,132484.07031871766,7,172,1814,1642,234.57142857142858,
veh116,gasolineEuroSix,801.7208229971568,7,422,1879,1457,208.14285714285714,
veh171,dieselEuroSix,5094.268694271569,8,643,2296,1653,206.625,
veh46,gasolineEuroSix,730.1142266910348,8,191,1693,1502,187.75,
veh111,highEmissions,1003.2215901751323,8,397,2100,1703,212.875,
veh174,eVehicle,0.0,10,657,2232,1575,157.5,
veh108,eVehicle,0.0,9,393,1945,1552,172.44444444444446,
veh176,normalVehicle,1373.1980520401878,6,661,2099,1438,239.66666666666666,
veh112,dieselEuroSix,6228.992037321885,9,401,1859,1458,162.0,
veh175,dieselEuroSix,4818.046121878078,10,659,2259,1600,160.0,
veh110,dieselEuroSix,4835.844540081149,6,397,1981,1584,264.0,
veh177,gasolineEuroSix,765.9651688831962,8,664,2210,1546,193.25,
veh104,dieselEuroSix,4986.602990986923,9,374,2031,1657,184.11111111111111,
veh179,hovGasolinaEuroSix,4601.05429403768,8,671,2176,1505,188.125,
veh190,dieselEuroSix,4984.803103673489,5,707,2348,1641,328.2,
veh109,dieselEuroSix,4884.089348233557,9,394,1939,1545,171.66666666666666,
veh184,hovGasolinaEuroSix,3628.057677750655,7,688,2261,1573,224.71428571428572,
veh178,highEmissions,1101.9989276389645,8,666,2101,1435,179.375,
veh40,hovGasolinaEuroSix,4856.33793737153,6,164,1765,1601,266.8333333333333,
veh113,hovGasolinaEuroSix,3518.8716654921045,7,404,1877,1473,210.42857142857142,
veh194,normalVehicle,1523.0154706515643,8,716,2302,1586,198.25,
veh38,eVehicle,0.0,8,160,1752,1592,199.0,
veh121,truck,136357.12198892626,5,435,2022,1587,317.4,
veh181,eVehicle,0.0,5,676,2211,1535,307.0,
veh117,hovGasolinaEuroSix,3510.489358824787,10,425,1902,1477,147.7,
veh185,normalVehicle,1397.4385235031004,6,691,2566,1875,312.5,
veh39,hovGasolinaEuroSix,3438.269437755095,9,163,1798,1635,181.66666666666666,
veh114,gasolineEuroSix,828.892092603195,9,405,1904,1499,166.55555555555554,
veh182,highEmissions,862.3894143451577,9,680,2103,1423,158.11111111111111,
veh43,truck,141915.772357665,8,182,1768,1586,198.25,
veh123,normalVehicle,1332.3072704922681,10,440,1983,1543,154.3,
veh186,dieselEuroSix,6868.4424627736325,6,695,2567,1872,312.0,
veh42,normalVehicle,1678.8629354383668,6,175,1767,1592,265.3333333333333,
veh115,dieselEuroSix,5062.9434398871535,7,415,2018,1603,229.0,
veh183,gasolineEuroSix,809.1256325628893,8,681,2213,1532,191.5,
veh45,normalVehicle,1749.4732415460974,5,186,1812,1626,325.2,
veh187,hovGasolinaEuroSix,4798.949323458946,5,698,2569,1871,374.2,
veh44,eVehicle,0.0,7,183,1774,1591,227.28571428571428,
veh118,gasolineEuroSix,713.7683604904024,9,428,1919,1491,165.66666666666666,
veh188,eVehicle,0.0,8,701,2571,1870,233.75,
veh54,eVehicle,0.0,5,213,1807,1594,318.8,
veh137,highEmissions,1027.385651999214,6,503,1988,1485,247.5,
veh189,normalVehicle,1332.1501887611885,8,706,2297,1591,198.875,
veh48,eVehicle,0.0,10,194,1877,1683,168.3,
veh119,normalVehicle,1432.3667272893126,9,430,2020,1590,176.66666666666666,
veh199,normalVehicle,1184.3886547363345,7,727,2515,1788,255.42857142857142,
veh49,hovGasolinaEuroSix,3693.7611446205706,5,197,1933,1736,347.2,
veh120,highEmissions,981.2915583303915,10,432,2002,1570,157.0,
veh191,hovGasolinaEuroSix,4207.750253335449,5,710,2349,1639,327.8,
veh50,highEmissions,1046.2846442312452,6,202,1936,1734,289.0,
veh124,eVehicle,0.0,9,444,1901,1457,161.88888888888889,
veh192,eVehicle,0.0,10,710,2299,1589,158.9,
veh47,truck,95745.4280419358,9,193,1708,1515,168.33333333333334,
veh122,dieselEuroSix,4981.739719456562,8,437,1894,1457,182.125,
veh193,dieselEuroSix,7545.974936424579,5,713,2301,1588,317.6,
veh57,hovGasolinaEuroSix,3830.569869436981,10,228,1710,1482,148.2,
veh203,highEmissions,1125.7367526411913,5,744,2246,1502,300.4,
veh101,dieselEuroSix,6283.9227935725185,10,370,1990,1620,162.0,
veh195,dieselEuroSix,4915.436478240548,6,714,2475,1761,293.5,
veh56,eVehicle,0.0,7,216,1862,1646,235.14285714285714,
veh125,eVehicle,0.0,6,446,1821,1375,229.16666666666666,
veh200,normalVehicle,1326.6811118231567,6,739,2351,1612,268.6666666666667,
veh52,gasolineEuroSix,856.3851916613429,10,209,1938,1729,172.9,
veh126,truck,127056.31190031212,9,452,2023,1571,174.55555555555554,
veh131,gasolineEuroSix,665.4101839032509,8,477,1847,1370,171.25,
veh196,truck,113405.26151537042,8,717,2234,1517,189.625,
veh53,normalVehicle,1696.0061311111617,7,210,1776,1566,223.71428571428572,
veh197,eVehicle,0.0,10,718,2421,1703,170.3,
veh59,normalVehicle,1567.2805950661318,9,233,1939,1706,189.55555555555554,
veh198,hovGasolinaEuroSix,3525.629991927159,9,720,2105,1385,153.88888888888889,
veh55,highEmissions,1179.3029103538836,10,216,1808,1592,159.2,
veh202,normalVehicle,1291.6016056785327,9,744,2263,1519,168.77777777777777,
veh60,truck,122982.3626275336,8,237,1864,1627,203.375,
veh204,hovGasolinaEuroSix,4190.626414758193,7,746,2304,1558,222.57142857142858,
veh58,gasolineEuroSix,795.8984014447675,10,230,1770,1540,154.0,
veh212,normalVehicle,1108.8475328291806,9,777,2254,1477,164.11111111111111,
veh71,hovGasolinaEuroSix,4343.8184469576045,5,276,1867,1591,318.2,
veh130,normalVehicle,1349.4525804489526,9,474,1984,1510,167.77777777777777,
veh201,gasolineEuroSix,715.371625549702,6,741,2425,1684,280.6666666666667,
veh62,eVehicle,0.0,10,242,1866,1624,162.4,
veh205,highEmissions,1086.9524384471536,5,747,2267,1520,304.0,
veh63,hovGasolinaEuroSix,3332.2085255591787,6,245,1732,1487,247.83333333333334,
veh127,eVehicle,0.0,9,466,2268,1802,200.22222222222223,
veh218,highEmissions,1117.8183674853008,10,811,2422,1611,161.1,
veh206,truck,113421.22469664349,8,750,2273,1523,190.375,
veh61,dieselEuroSix,5377.005788347925,9,239,1599,1360,151.11111111111111,
veh146,hovGasolinaEuroSix,3520.378212441971,6,547,2208,1661,276.8333333333333,
veh207,highEmissions,1011.9846696855648,8,757,2312,1555,194.375,
veh66,normalVehicle,1118.472032897202,9,269,1892,1623,180.33333333333334,
veh129,gasolineEuroSix,784.2328780121521,5,473,2004,1531,306.2,
veh210,eVehicle,0.0,10,765,2275,1510,151.0,
veh73,truck,120824.32776590038,6,282,1896,1614,269.0,
veh128,hovGasolinaEuroSix,4014.028832311623,6,469,1949,1480,246.66666666666666,
veh211,hovGasolinaEuroSix,3583.7882778833805,6,767,2236,1469,244.83333333333334,
veh65,eVehicle,0.0,7,264,1943,1679,239.85714285714286,
veh138,gasolineEuroSix,686.33829430894,10,506,1968,1462,146.2,
veh219,gasolineEuroSix,718.9880208145804,6,813,2440,1627,271.1666666666667,
veh82,gasolineEuroSix,848.0173354916461,7,311,1854,1543,220.42857142857142,
veh133,hovGasolinaEuroSix,3585.0717490896163,8,480,1930,1450,181.25,
veh208,normalVehicle,1174.6863387069452,10,758,2305,1547,154.7,
veh70,normalVehicle,1352.699574850033,9,275,1817,1542,171.33333333333334,
veh132,normalVehicle,1124.6689503178068,8,480,2011,1531,191.375,
veh209,hovGasolinaEuroSix,4121.9594923124205,10,762,2304,1542,154.2,
veh67,gasolineEuroSix,771.5413006800225,8,270,1935,1665,208.125,
veh68,normalVehicle,1470.126439125936,9,271,1945,1674,186.0,
veh142,normalVehicle,1118.9467559666043,5,523,2092,1569,313.8,
veh213,normalVehicle,1457.513106315249,5,782,2277,1495,299.0,
veh69,dieselEuroSix,5703.292845201902,8,272,1816,1544,193.0,
veh135,gasolineEuroSix,762.3223953067904,8,498,2033,1535,191.875,
veh230,normalVehicle,1102.0622377572872,6,843,2255,1412,235.33333333333334,
veh72,dieselEuroSix,4945.302240721644,8,279,1849,1570,196.25,
veh134,hovGasolinaEuroSix,4764.096702325924,7,482,1986,1504,214.85714285714286,
veh215,dieselEuroSix,5262.975536335879,6,788,2235,1447,241.16666666666666,
veh78,dieselEuroSix,5609.447139982306,6,296,1792,1496,249.33333333333334,
veh136,hovGasolinaEuroSix,4224.612388299911,10,501,1947,1446,144.6,
veh216,hovGasolinaEuroSix,4605.262039096578,8,790,2567,1777,222.125,
veh75,dieselEuroSix,6721.590525323026,8,287,1937,1650,206.25,
veh139,truck,107149.39724756611,9,517,2034,1517,168.55555555555554,
veh226,dieselEuroSix,6940.317453806658,6,835,2424,1589,264.8333333333333,
veh86,highEmissions,1028.155252418625,5,320,1827,1507,301.4,
veh144,normalVehicle,1266.2680291705371,10,537,2564,2027,202.7,
veh217,hovGasolinaEuroSix,4193.476888299571,6,796,2307,1511,251.83333333333334,
veh140,dieselEuroSix,5709.596673587594,9,518,2012,1494,166.0,
veh248,hovGasolinaEuroSix,5413.111061964692,8,900,2576,1676,209.5,
veh74,gasolineEuroSix,739.7111676894834,10,284,1851,1567,156.7,
veh141,eVehicle,0.0,6,520,1989,1469,244.83333333333334,
veh214,hovGasolinaEuroSix,3790.8295891369444,9,787,2565,1778,197.55555555555554,
veh76,normalVehicle,1385.6185228752022,8,290,1819,1529,191.125,
veh147,dieselEuroSix,7565.950238967054,9,549,2612,2063,229.22222222222223,
veh233,dieselEuroSix,7047.216749130329,5,851,2573,1722,344.4,
veh93,highEmissions,978.5824443788686,10,339,1942,1603,160.3,
veh148,gasolineEuroSix,723.6746306987469,10,558,2093,1535,153.5,
veh221,gasolineEuroSix,938.8796738427507,10,817,2569,1752,175.2,
veh77,normalVehicle,1617.408500459438,10,292,1938,1646,164.6,
veh145,eVehicle,0.0,9,544,2036,1492,165.77777777777777,
veh220,dieselEuroSix,4443.348141662277,7,816,2058,1242,177.42857142857142,
veh79,gasolineEuroSix,971.074144625714,10,301,1940,1639,163.9,
veh161,eVehicle,0.0,6,609,2174,1565,260.8333333333333,
veh222,truck,152043.14258183414,6,820,2571,1751,291.8333333333333,
veh81,normalVehicle,1358.1370188249887,10,308,1853,1545,154.5,
veh150,dieselEuroSix,5008.865319675823,8,563,2102,1539,192.375,
veh225,dieselEuroSix,6958.987220819704,9,832,2573,1741,193.44444444444446,
veh84,eVehicle,0.0,8,316,1941,1625,203.125,
veh154,hovGasolinaEuroSix,4048.0345594288056,9,591,2042,1451,161.22222222222223,
veh223,hovGasolinaEuroSix,4168.1954889691815,5,822,2353,1531,306.2,
veh80,hovGasolinaEuroSix,4335.240404865977,10,303,1813,1510,151.0,
veh152,gasolineEuroSix,731.8355961253038,10,571,1988,1417,141.7,
veh224,eVehicle,0.0,9,831,2477,1646,182.88888888888889,
veh83,hovGasolinaEuroSix,3665.161717031007,5,314,1856,1542,308.4,
veh227,gasolineEuroSix,731.6815382200645,6,837,2237,1400,233.33333333333334,
veh85,normalVehicle,1087.4915233622403,10,317,1825,1508,150.8,
veh143,eVehicle,0.0,7,536,2014,1478,211.14285714285714,
veh232,eVehicle,0.0,8,845,2427,1582,197.75,
veh102,hovGasolinaEuroSix,4531.470885279173,6,373,1992,1619,269.8333333333333,
veh163,normalVehicle,1354.1851478577207,6,612,2098,1486,247.66666666666666,
veh229,eVehicle,0.0,9,841,2387,1546,171.77777777777777,
veh91,truck,103930.76737107374,7,334,1879,1545,220.71428571428572,
veh149,hovGasolinaEuroSix,3529.511590600701,10,562,1991,1429,142.9,
veh228,highEmissions,1322.875333229373,8,838,2478,1640,205.0,
veh87,eVehicle,0.0,9,319,1943,1624,180.44444444444446,
veh238,dieselEuroSix,5034.426580347061,9,882,2238,1356,150.66666666666666,
veh88,normalVehicle,1312.1749234863219,6,321,1897,1576,262.6666666666667,
veh151,eVehicle,0.0,7,568,2040,1472,210.28571428571428,
veh231,truck,134736.7092040818,6,846,2257,1411,235.16666666666666,
veh90,normalVehicle,1222.2020826791393,8,330,1810,1480,185.0,
veh157,hovGasolinaEuroSix,3950.120747912572,6,599,2038,1439,239.83333333333334,
veh234,hovGasolinaEuroSix,2935.1794848001996,9,859,2183,1324,147.11111111111111,
veh89,gasolineEuroSix,742.6632345223669,9,327,1806,1479,164.33333333333334,
veh153,gasolineEuroSix,716.4182575247277,5,579,2171,1592,318.4,
veh235,highEmissions,1339.320321260397,10,874,2574,1700,170.0,
veh97,eVehicle,0.0,7,353,1986,1633,233.28571428571428,
veh167,dieselEuroSix,4853.937087192971,6,630,2057,1427,237.83333333333334,
veh236,dieselEuroSix,5975.981844011194,6,875,2441,1566,261.0,
veh92,truck,112247.19998099463,8,338,1947,1609,201.125,
veh155,hovGasolinaEuroSix,3957.1524518724855,5,597,2102,1505,301.0,
veh237,eVehicle,0.0,10,878,2547,1669,166.9,
veh95,truck,118428.39086278883,8,344,1815,1471,183.875,
veh160,eVehicle,0.0,10,606,2289,1683,168.3,
veh245,dieselEuroSix,6510.004678905201,8,898,2482,1584,198.0,
veh94,eVehicle,0.0,5,340,1941,1601,320.2,
veh156,normalVehicle,1427.6749157042452,8,598,2172,1574,196.75,
veh242,eVehicle,0.0,9,890,2136,1246,138.44444444444446,
veh96,truck,115643.29094392204,5,345,1869,1524,304.8,
veh244,eVehicle,0.0,6,895,2480,1585,264.1666666666667,
veh99,eVehicle,0.0,9,360,1858,1498,166.44444444444446,
veh158,gasolineEuroSix,711.8663911854778,6,601,2233,1632,272.0,
veh239,normalVehicle,1303.4677825588305,10,885,2240,1355,135.5,
veh100,highEmissions,982.9431581374323,8,365,1818,1453,181.625,
veh159,eVehicle,0.0,8,602,1993,1391,173.875,
veh240,hovGasolinaEuroSix,4273.6196884265755,9,887,2574,1687,187.44444444444446,
veh98,hovGasolinaEuroSix,4467.016238982996,10,357,1988,1631,163.1,
veh162,eVehicle,0.0,5,609,2097,1488,297.6,
veh246,normalVehicle,1376.0220399885802,10,901,2484,1583,158.3,
veh168,hovGasolinaEuroSix,3371.613470225845,10,635,2126,1491,149.1,
veh165,eVehicle,0.0,7,616,2231,1615,230.71428571428572,
veh241,truck,99634.43673857498,10,888,2339,1451,145.1,
veh103,highEmissions,1022.848469072875,6,372,1944,1572,262.0,
veh166,normalVehicle,1141.175231446016,10,629,2096,1467,146.7,
veh243,highEmissions,1306.7844731144194,5,891,2576,1685,337.0,
veh164,highEmissions,1113.2711916509702,7,615,2100,1485,212.14285714285714,
veh640,normalVehicle,1102.6166264134595,5,2356,3938,1582,316.4,
veh715,dieselEuroSix,5962.621497650319,7,2661,4136,1475,210.71428571428572,
veh637,gasolineEuroSix,791.8687915901253,10,2335,3907,1572,157.2,
veh716,gasolineEuroSix,704.7245622520411,7,2663,4154,1491,213.0,
veh652,dieselEuroSix,5103.911812688206,10,2412,3931,1519,151.9,
veh720,hovGasolinaEuroSix,3714.5443279596857,6,2675,4157,1482,247.0,
veh643,eVehicle,0.0,10,2363,3920,1557,155.7,
veh714,hovGasolinaEuroSix,3664.7773519054563,10,2659,4175,1516,151.6,
veh654,gasolineEuroSix,723.8665885757886,5,2432,3923,1491,298.2,
veh718,gasolineEuroSix,800.6206371540941,8,2669,4156,1487,185.875,
veh724,hovGasolinaEuroSix,5160.118301610544,6,2683,4243,1560,260.0,
veh642,eVehicle,0.0,7,2361,3875,1514,216.28571428571428,
veh721,gasolineEuroSix,819.6510664077624,6,2674,4451,1777,296.1666666666667,
veh638,eVehicle,0.0,9,2352,3873,1521,169.0,
veh717,gasolineEuroSix,747.205304017216,7,2664,4084,1420,202.85714285714286,
veh647,truck,106182.43014378056,8,2396,3915,1519,189.875,
veh722,normalVehicle,1141.3303939581633,9,2677,4371,1694,188.22222222222223,
veh639,highEmissions,1106.3136120831894,6,2355,3908,1553,258.8333333333333,
veh719,gasolineEuroSix,724.126820581467,7,2672,4301,1629,232.71428571428572,
veh641,eVehicle,0.0,6,2359,3940,1581,263.5,
veh727,hovGasolinaEuroSix,3702.4454710018845,7,2684,4490,1806,258.0,
veh644,truck,103765.931472948,6,2368,3912,1544,257.3333333333333,
veh725,hovGasolinaEuroSix,3726.7236294316854,10,2681,4409,1728,172.8,
veh646,highEmissions,1085.3606928390377,8,2382,3904,1522,190.25,
veh731,dieselEuroSix,5299.3624451405485,10,2700,3873,1173,117.3,
veh723,gasolineEuroSix,862.1689356524022,8,2680,4241,1561,195.125,
veh663,eVehicle,0.0,10,2460,3945,1485,148.5,
veh728,eVehicle,0.0,5,2694,4245,1551,310.2,
veh645,eVehicle,0.0,7,2379,4136,1757,251.0,
veh775,eVehicle,0.0,5,2836,4308,1472,294.4,
veh648,dieselEuroSix,5054.3120383852975,9,2400,3942,1542,171.33333333333334,
veh726,truck,106230.63885189682,6,2682,4203,1521,253.5,
veh664,eVehicle,0.0,7,2469,3938,1469,209.85714285714286,
veh730,eVehicle,0.0,6,2697,4252,1555,259.1666666666667,
veh659,gasolineEuroSix,616.5464757507767,6,2447,3919,1472,245.33333333333334,
veh732,gasolineEuroSix,738.8163587280186,10,2700,4176,1476,147.6,
veh651,gasolineEuroSix,744.7155083270468,7,2407,3948,1541,220.14285714285714,
veh729,highEmissions,956.4710309793319,9,2695,4138,1443,160.33333333333334,
veh649,hovGasolinaEuroSix,3678.5939937600488,10,2402,4220,1818,181.8,
veh733,highEmissions,956.3017311578225,5,2705,4265,1560,312.0,
veh662,highEmissions,1015.1007497757008,9,2456,4134,1678,186.44444444444446,
veh734,gasolineEuroSix,816.4836606665997,10,2708,4266,1558,155.8,
veh653,dieselEuroSix,5499.936249602967,9,2419,4138,1719,191.0,
veh738,hovGasolinaEuroSix,4713.625945164286,6,2721,4305,1584,264.0,
veh650,dieselEuroSix,6136.242835322147,6,2403,3943,1540,256.6666666666667,
veh737,eVehicle,0.0,6,2717,4503,1786,297.6666666666667,
veh656,dieselEuroSix,5595.233504191243,7,2440,3917,1477,211.0,
veh736,hovGasolinaEuroSix,3681.648967026943,7,2715,4307,1592,227.42857142857142,
veh706,normalVehicle,1202.5296885088371,7,2621,4135,1514,216.28571428571428,
veh735,dieselEuroSix,5952.473878786123,9,2708,4303,1595,177.22222222222223,
veh657,eVehicle,0.0,10,2443,3919,1476,147.6,
veh741,hovGasolinaEuroSix,4823.67017797363,7,2729,4311,1582,226.0,
veh655,eVehicle,0.0,10,2438,3944,1506,150.6,
veh747,normalVehicle,1667.8802849252306,7,2746,4507,1761,251.57142857142858,
veh742,dieselEuroSix,5974.274837270632,7,2727,4247,1520,217.14285714285714,
veh30,normalVehicle,1595.519310284122,10,135,1771,1636,163.6,
veh661,dieselEuroSix,6764.490709694963,5,2455,4140,1685,337.0,
veh743,hovGasolinaEuroSix,5182.743659859234,9,2737,4505,1768,196.44444444444446,
veh658,dieselEuroSix,5020.199772831948,5,2444,4124,1680,336.0,
veh740,dieselEuroSix,5866.353399949997,5,2726,4309,1583,316.6,
veh0,gasolineEuroSix,565.7941021067966,6,2,1138,1136,189.33333333333334,
veh671,eVehicle,0.0,5,2488,3946,1458,291.6,
veh739,hovGasolinaEuroSix,3547.7838070357225,6,2723,4414,1691,281.8333333333333,
veh660,normalVehicle,1381.9864917061466,5,2450,4222,1772,354.4,
veh746,eVehicle,0.0,5,2745,4456,1711,342.2,
veh675,eVehicle,0.0,5,2512,4229,1717,343.4,
veh1,highEmissions,781.618607860189,9,5,1288,1283,142.55555555555554,
veh668,normalVehicle,1107.2788138154583,5,2482,4044,1562,312.4,
veh745,hovGasolinaEuroSix,4997.787478403871,8,2742,4454,1712,214.0,
veh4,eVehicle,0.0,5,16,1172,1156,231.2,
veh672,hovGasolinaEuroSix,3014.0056626423393,8,2501,3870,1369,171.125,
veh749,highEmissions,918.2204902958205,10,2753,4295,1542,154.2,
veh670,dieselEuroSix,7284.55631258302,8,2490,4225,1735,216.875,
veh744,highEmissions,1174.9071741574116,10,2739,4453,1714,171.4,
veh665,gasolineEuroSix,711.5213079098849,9,2474,3921,1447,160.77777777777777,
veh751,hovGasolinaEuroSix,4716.129533001997,5,2767,4298,1531,306.2,
veh2,hovGasolinaEuroSix,3490.4961956769794,5,8,1290,1282,256.4,
veh666,gasolineEuroSix,933.2597208204836,5,2475,4142,1667,333.4,
veh748,dieselEuroSix,7850.286563299758,6,2749,4509,1760,293.3333333333333,
veh667,eVehicle,0.0,8,2476,3950,1474,184.25,
veh774,normalVehicle,1139.3977582248049,6,2834,4564,1730,288.3333333333333,
veh6,highEmissions,737.4994610359203,8,23,1178,1155,144.375,
veh669,eVehicle,0.0,8,2487,4224,1737,217.125,
veh750,dieselEuroSix,6060.458311213845,7,2764,4296,1532,218.85714285714286,
veh674,gasolineEuroSix,566.1866702446362,7,2503,3852,1349,192.71428571428572,
veh754,hovGasolinaEuroSix,4178.108037317568,7,2774,4415,1641,234.42857142857142,
veh685,eVehicle,0.0,7,2557,4232,1675,239.28571428571428,
veh755,gasolineEuroSix,759.8795161465996,10,2782,4458,1676,167.6,
veh676,truck,140825.203040761,5,2515,4104,1589,317.8,
veh762,gasolineEuroSix,856.1731307950834,9,2794,4417,1623,180.33333333333334,
veh678,dieselEuroSix,4803.954606507994,6,2515,3995,1480,246.66666666666666,
veh677,normalVehicle,1682.5863971880449,6,2519,4231,1712,285.3333333333333,
veh752,hovGasolinaEuroSix,3639.564633298111,7,2770,4449,1679,239.85714285714286,
veh3,highEmissions,1040.9650600732666,7,11,1291,1280,182.85714285714286,
veh673,dieselEuroSix,7415.527070761698,9,2502,4227,1725,191.66666666666666,
veh753,truck,125236.43847814736,8,2771,4228,1457,182.125,
veh14,dieselEuroSix,4976.326373743251,9,72,1563,1491,165.66666666666666,
veh681,dieselEuroSix,5719.19188131705,6,2531,3920,1389,231.5,
veh759,hovGasolinaEuroSix,5254.970676760088,10,2793,4514,1721,172.1,
veh5,eVehicle,0.0,8,20,1803,1783,222.875,
veh691,normalVehicle,1547.3653438611866,9,2572,4254,1682,186.88888888888889,
veh757,dieselEuroSix,7751.977231731016,9,2787,4512,1725,191.66666666666666,
veh7,highEmissions,955.7873118380443,8,26,1689,1663,207.875,
veh756,eVehicle,0.0,6,2784,4511,1727,287.8333333333333,
veh683,highEmissions,1093.3122341369296,8,2542,4138,1596,199.5,
veh758,eVehicle,0.0,7,2790,4030,1240,177.14285714285714,
veh10,normalVehicle,1487.8967075723242,6,48,1756,1708,284.6666666666667,
veh692,normalVehicle,1611.5665416141974,6,2575,4411,1836,306.0,
veh766,dieselEuroSix,5856.291967404921,8,2813,4307,1494,186.75,
veh690,hovGasolinaEuroSix,3788.791348668072,5,2566,4238,1672,334.4,
veh765,highEmissions,951.9288777671263,5,2804,4370,1566,313.2,
veh11,eVehicle,0.0,5,52,1805,1753,350.6,
veh679,gasolineEuroSix,694.5052440822991,7,2522,4009,1487,212.42857142857142,
veh760,hovGasolinaEuroSix,4779.507330355904,7,2792,4460,1668,238.28571428571428,
veh8,normalVehicle,928.9644301281162,10,33,1316,1283,128.3,
veh680,dieselEuroSix,6930.494171617319,6,2530,4143,1613,268.8333333333333,
veh764,dieselEuroSix,7422.917694910226,9,2798,4419,1621,180.11111111111111,
veh9,normalVehicle,1135.010757190449,8,36,1754,1718,214.75,
veh689,dieselEuroSix,7611.621093091687,6,2566,4238,1672,278.6666666666667,
veh761,highEmissions,1413.2014152730449,5,2795,4461,1666,333.2,
veh682,hovGasolinaEuroSix,4038.5354005452677,5,2534,4136,1602,320.4,
veh24,eVehicle,0.0,5,108,1901,1793,358.6,
veh684,gasolineEuroSix,712.2839539525534,7,2552,4163,1611,230.14285714285714,
veh763,normalVehicle,1806.4757491807281,6,2796,4516,1720,286.6666666666667,
veh686,gasolineEuroSix,758.9679028420737,8,2560,4235,1675,209.375,
veh779,gasolineEuroSix,911.2112397711419,5,2846,4518,1672,334.4,
veh695,dieselEuroSix,6485.828841118746,10,2584,4240,1656,165.6,
veh767,dieselEuroSix,6276.627196444896,6,2819,4371,1552,258.6666666666667,
veh688,normalVehicle,1231.777223825397,6,2559,4449,1890,315.0,
veh770,hovGasolinaEuroSix,3999.201655281362,9,2826,4421,1595,177.22222222222223,
veh13,highEmissions,1287.7277612419055,8,65,1693,1628,203.5,
veh693,dieselEuroSix,6696.565963868474,8,2576,4240,1664,208.0,
veh769,hovGasolinaEuroSix,4896.620922844705,7,2823,4463,1640,234.28571428571428,
veh687,highEmissions,1264.7907534825038,7,2563,4237,1674,239.14285714285714,
veh772,hovGasolinaEuroSix,3602.610359932047,9,2832,4497,1665,185.0,
veh12,hovGasolinaEuroSix,4246.881769792521,8,62,1691,1629,203.625,
veh698,eVehicle,0.0,10,2600,4244,1644,164.4,
veh768,eVehicle,0.0,8,2822,4300,1478,184.75,
veh696,eVehicle,0.0,6,2587,4242,1655,275.8333333333333,
veh776,dieselEuroSix,6424.206825650499,5,2838,4499,1661,332.2,
veh18,normalVehicle,1494.4277245349153,7,83,1757,1674,239.14285714285714,
veh705,dieselEuroSix,5713.842212196383,8,2617,4147,1530,191.25,
veh31,highEmissions,1357.4894325760276,6,136,1804,1668,278.0,
veh711,normalVehicle,1114.1988646315463,10,2640,3871,1231,123.1,
veh771,dieselEuroSix,5534.962147404668,9,2829,4491,1662,184.66666666666666,
veh17,hovGasolinaEuroSix,4492.5685549371,8,83,1767,1684,210.5,
veh694,dieselEuroSix,5228.323301873568,6,2579,4145,1566,261.0,
veh778,truck,111915.46683125201,6,2841,4527,1686,281.0,
veh15,dieselEuroSix,4768.059406475492,5,74,1659,1585,317.0,
veh697,dieselEuroSix,4817.727260520936,10,2588,4082,1494,149.4,
veh773,normalVehicle,1489.4527181569606,7,2833,4493,1660,237.14285714285714,
veh16,gasolineEuroSix,734.6351887786045,10,80,1766,1686,168.6,
veh789,gasolineEuroSix,890.4360559690721,6,2884,4782,1898,316.3333333333333,
veh20,gasolineEuroSix,938.5582385894465,6,86,1759,1673,278.8333333333333,
veh707,hovGasolinaEuroSix,3477.6592408195984,6,2628,4116,1488,248.0,
veh788,normalVehicle,1152.6623878908422,10,2879,4387,1508,150.8,
veh21,normalVehicle,1788.731504084724,9,89,1761,1672,185.77777777777777,
veh699,normalVehicle,1142.5272333401228,7,2603,3952,1349,192.71428571428572,
veh780,normalVehicle,911.3189998504822,8,2848,3977,1129,141.125,
veh19,eVehicle,0.0,10,85,1131,1046,104.6,
veh704,dieselEuroSix,5492.809536878899,7,2621,4249,1628,232.57142857142858,
veh777,dieselEuroSix,7260.092671472097,8,2841,4501,1660,207.5,
veh26,truck,128576.00570528027,10,113,1801,1688,168.8,
veh700,highEmissions,925.1214937272085,8,2608,4079,1471,183.875,
veh785,hovGasolinaEuroSix,3961.130203957165,7,2869,4858,1989,284.14285714285717,
veh22,normalVehicle,1089.6206391187136,5,92,1597,1505,301.0,
veh701,eVehicle,0.0,9,2612,4201,1589,176.55555555555554,
veh782,normalVehicle,1233.0974823666552,9,2852,4778,1926,214.0,
veh23,eVehicle,0.0,7,95,1750,1655,236.42857142857142,
veh708,normalVehicle,1308.738837703499,6,2630,4118,1488,248.0,
veh781,normalVehicle,1662.4134255924318,8,2849,4465,1616,202.0,
veh27,truck,160484.86216502887,5,112,1763,1651,330.2,
veh703,truck,126274.46525806029,8,2617,4247,1630,203.75,
veh783,highEmissions,966.3125599625557,6,2854,4522,1668,278.0,
veh25,eVehicle,0.0,5,109,1799,1690,338.0,
veh787,truck,141910.3467838983,5,2877,4860,1983,396.6,
veh32,gasolineEuroSix,723.0351637149208,8,148,1624,1476,184.5,
veh710,highEmissions,1313.9283411256308,7,2634,4502,1868,266.85714285714283,
veh784,dieselEuroSix,5991.9751161569175,9,2858,4565,1707,189.66666666666666,
veh34,truck,129083.35958744332,5,153,1810,1657,331.4,
veh712,eVehicle,0.0,6,2650,4251,1601,266.8333333333333,
veh791,normalVehicle,1389.552402342134,8,2890,4422,1532,191.5,
veh28,normalVehicle,1468.3770118246418,9,118,1803,1685,187.22222222222223,
veh702,highEmissions,1036.4367243653269,10,2614,4245,1631,163.1,
veh786,truck,141249.15829034505,8,2874,4780,1906,238.25,
veh29,eVehicle,0.0,8,125,1769,1644,205.5,
veh709,hovGasolinaEuroSix,3753.973922228635,8,2631,4500,1869,233.625,
veh790,hovGasolinaEuroSix,4101.913016298252,10,2886,4529,1643,164.3,
veh33,gasolineEuroSix,945.1676191717556,10,151,1772,1621,162.1,
veh713,highEmissions,1120.4185046658647,5,2656,4149,1493,298.6,
veh792,dieselEuroSix,6344.981047576097,5,2893,4567,1674,334.8,
ALL SIMULATION,
total_steps(sec), minutes, median_package_all_sim,
5554,93.0,225.71206797858883,
