1;2;3;4;5;6;7;8;9;10;11
RRE
PARAMETERS
window_size;threshold_L;threshold_H;p_t_ini;e_ini;size_ratio;subs_NOx;min_packages;max_packages
60;80000;100000;100000;4000;4;9000;1;20
ALL SIMULATION RESULTS
total_steps(sec);minutes;avg_time_per_package (sec);p_t_total_all_steps;e_t_total_all_steps;p_t_control_zone_all_steps;e_t_control_zone_all_steps;avg_k_all_steps;veh_enter_cz_all_steps;not_veh_enter_cz_all_steps;avg_total_time_all_steps
4732;79.0;1321.0485744456178;449759.9894110641;1484310.6228758707;3581804.6441241624;490597.88527752145;0.9364486615185158;815;0;1319.4539877300613
WINDOWS
step;NOx_total_w;NOx_total_acum;lambda;p_t_total;e_t_total;p_t_control_zone;e_t_control_zone;k_control_zone;num_veh_total;num_vehicles_control_zone
60;454.59762078585607;454.59762078585607;0.8;100000;454.59762078585607;100000;0;0.0;12;0
60;454.59762078585607;909.1952415717121;0.8;100000;454.59762078585607;100000;0;0.0;12;0
120;1343.2481672412246;2252.4434088129365;0.8100043020890668;86839.84512479359;1343.2481672412246;96709.9612811984;0;0.0;27;0
180;1913.125131319903;4165.568540132839;0.9100117273476477;70079.42294027828;1913.125131319903;92519.85573506956;0;0.16450193594008017;38;0
240;2609.715869355155;6775.284409487995;0.8892842952595291;54065.188310935235;2609.715869355155;88516.2970777338;0;0.37400721324652186;54;0
300;3851.761529264404;10627.045938752399;1.094588485665605;30660.002826973454;3851.761529264404;82665.00070674336;0;0.5741851461133097;70;0
360;4937.211073865674;15564.257012618073;1.0706797949691644;8115.530208083532;4937.211073865674;77028.88255202088;0;0.8667499646628319;87;0
420;6444.713573998931;22008.970586617004;1.1568718270819383;0;6444.713573998931;70617.03610828343;33.09200774953783;1;102;3
480;7390.0566258516255;29399.02721246863;0.8347755330517665;0;7390.0566258516255;67104.05631081753;263.6322596349807;1;118;10
540;8347.519194402563;37746.546406871195;0.9687687278741082;0;8347.519194402563;62385.13775995055;968.8198604568227;1;128;24
600;9272.32941051517;47018.87581738637;0.8119188877752281;0;9272.32941051517;59077.8677699735;1865.2520788005916;1;141;44
660;10325.390215766296;57344.266033152664;0.8874551899214413;0;10325.390215766296;55090.77106068053;2780.3940479167654;1;159;52
720;12109.755838054574;69454.02187120724;1.002142115241345;0;12109.755838054574;50071.49202350842;3549.6891646467893;1;181;71
780;13480.454491160019;82934.47636236726;0.8106143878735454;0;13480.454491160019;48128.33544997135;5352.37291732484;1;194;95
840;14735.446945488424;97669.92330785569;0.8795350602746594;0;14735.446945488424;46957.65096455886;6745.131057059447;1;209;103
900;16371.958246796614;114041.8815546523;1.0599537751118093;0;16371.958246796614;45010.33720336054;7592.2702148079625;1;225;115
960;18180.50964361736;132222.39119826964;1.0179765922412867;0;18180.50964361736;44118.769034477176;8270.221161288215;1;244;126
1020;19380.88518443107;151603.27638270071;0.8881762488162787;0;19380.88518443107;44384.7215096686;8259.538714537932;1;260;131
1080;21491.46749361536;173094.74387631606;1.0357062735503635;0;21491.46749361536;43189.867574303214;8126.502526587886;1;273;119
1140;22638.31829110122;195733.0621674173;1.1237721826711307;0;22638.31829110122;42136.76488895937;9060.846958696331;1;286;128
1200;24195.759837520443;219928.82200493774;0.8025995038712245;0;24195.759837520443;44063.747902671515;9150.378548553173;1;298;132
1260;25773.885100310497;245702.70710524824;1.1223277007331232;0;25773.885100310497;41941.70660134641;7978.908005272996;1;319;110
1320;27807.87507693152;273510.5821821797;1.0792557579952908;0;27807.87507693152;40741.26187796896;8512.857098580173;1;330;120
1380;28181.31141483301;301691.89359701273;0.9361002066071967;0;28181.31141483301;40623.2119292808;8306.85191077661;1;337;125
1440;28419.783999066036;330111.6775960788;0.8621917999247126;0;28419.783999066036;42637.74534489366;9774.259614935274;1;342;121
1500;27233.350643572874;357345.02823965164;1.1828852288827125;0;27233.350643572874;42154.829554061485;10163.051269112239;1;323;118
1560;27977.523377289188;385322.5516169408;0.9346378180450508;0;27977.523377289188;43575.51617657789;9832.426984921864;1;329;125
1620;27293.37961190096;412615.9312288418;0.8370983373520592;0;27293.37961190096;46118.655002003754;10077.023861594398;1;318;131
1680;26338.864259830745;438954.7954886725;0.8386865507333856;0;26338.864259830745;50432.63775859801;11862.16171319473;1;315;134
1740;25364.298465832253;464319.09395450476;1.1389977465389838;0;25364.298465832253;52067.525148405664;11885.867108658507;1;309;135
1800;25019.871763949326;489338.9657184541;1.0414904125467563;0;25019.871763949326;53922.06279540139;11227.95135991654;1;302;137
1860;24907.47761851707;514246.44333697116;1.122851309309752;0;24907.47761851707;54325.50460835033;10509.103596736712;1;304;127
1920;25785.914833306022;540032.3581702772;1.091892714677527;0;25785.914833306022;53376.847224747464;8878.377048494878;1;312;120
1980;26587.776091994943;566620.1342622722;1.0144912365818803;0;26587.776091994943;52980.2122585753;8733.786163064757;1;314;116
2040;26012.888943371345;592633.0232056435;1.1892463055917482;0;26012.888943371345;51043.832270143306;8766.83676189374;1;313;134
2100;25556.0007231131;618189.0239287566;0.9514137508833413;0;25556.0007231131;49763.28328284909;7282.174770655851;1;321;125
2160;26733.836453206393;644922.860381963;1.0208162525092908;0;26733.836453206393;47945.579863125706;7369.6428528602355;1;331;119
2220;26872.322537250664;671795.1829192137;1.1317618657011979;0;26872.322537250664;43359.12991698604;5599.406845171117;1;327;114
2280;27032.706722281833;698827.8896414955;1.0474079009456985;0;27032.706722281833;39448.83326869236;5516.374460217598;1;323;103
2340;25671.510085278365;724499.3997267738;1.1446827601243108;0;25671.510085278365;35872.33557495982;6725.647147386258;1;320;108
2400;24406.24735846037;748905.6470852342;1.0309408581027049;0;24406.24735846037;34189.69895538711;7595.831103351638;1;315;118
2460;25593.222409334197;774498.8694945683;1.0818287344859694;0;25593.222409334197;32683.847797802533;8230.607452789149;1;325;118
2520;24544.84173930847;799043.7112338768;0.8183297534622649;0;24544.84173930847;33809.44212038142;8490.562103739267;1;308;132
2580;25353.290965138145;824397.0021990149;0.8911593102606188;0;25353.290965138145;34838.03345744782;9049.025129411964;1;320;115
2640;26961.970818887174;851358.9730179021;0.9157551854408429;0;26961.970818887174;35988.57062030881;9392.33383182858;1;331;118
2700;26728.93053542752;878087.9035533296;0.831916790769451;0;26728.93053542752;38071.105595517845;9569.786092134089;1;329;128
2760;27349.29870889772;905437.2022622273;0.8931163545444121;0;27349.29870889772;39260.39288588799;9227.33448126985;1;320;121
2820;27136.255831497787;932573.4580937251;0.8404005717638917;0;27136.255831497787;39731.21920972866;8034.431469715693;1;329;125
2880;28447.848242326974;961021.3063360521;0.9111894412440369;0;28447.848242326974;40367.43516683292;8836.920928300595;1;334;121
2940;29521.042733864087;990542.3490699162;1.05427377770576;0;29521.042733864087;39952.62707606351;9073.655908582426;1;339;129
3000;29688.534873848104;1020230.8839437643;0.9459328715880337;0;29688.534873848104;39752.68064177345;8313.449410002246;1;340;120
3060;30590.86344941525;1050821.7473931795;0.9480723868467531;0;30590.86344941525;40102.25324313383;8882.22408298116;1;344;119
3120;30613.392742882043;1081435.1401360615;0.8838028123085951;0;30613.392742882043;41249.37973147113;9101.351799114647;1;349;122
3180;31542.56195387031;1112977.7020899318;0.9067911288196454;0;31542.56195387031;43415.661165531055;10327.401593436733;1;360;138
3240;29784.379541965427;1142762.0816318973;1.1746618350849976;0;29784.379541965427;44804.51767707314;11960.813027307066;1;338;145
3300;28153.9819001468;1170916.063532044;1.0592141540986373;0;28153.9819001468;46335.9257681364;11064.335477950995;1;329;145
3360;28591.067007802994;1199507.1305398468;1.0436524022667952;0;28591.067007802994;48376.65356901744;11433.599421282195;1;311;133
3420;27255.00953944772;1226762.1400792946;0.8684554592792388;0;27255.00953944772;51788.34847085205;11227.794035347753;1;304;133
3480;26251.232414845163;1253013.3724941397;1.0916507191801397;0;26251.232414845163;54068.28587754786;12104.793879317067;1;282;145
3540;24481.833052623177;1277495.2055467628;0.8653609975047714;0;24481.833052623177;57918.459827756276;11638.422927751353;1;268;133
3600;23790.862866230706;1301286.0684129936;0.9517821767030591;0;23790.862866230706;61614.369125750905;12261.948888322167;1;263;141
3660;23645.622215968087;1324931.6906289617;1.195809340254638;0;23645.622215968087;62601.969047026374;11749.883983567206;1;258;141
3720;22547.6403875357;1347479.3310164975;1.055999903941637;0;22547.6403875357;61613.30155243268;8515.331640881031;1;228;128
3780;19742.026042421672;1367221.357058919;1.0227798975098585;0;19742.026042421672;59557.72001704386;7149.4375421999075;1;208;98
3840;17713.726643645336;1384935.0837025645;1.0738457003959498;0;17713.726643645336;56040.474918449516;6147.366204969208;1;195;88
3900;16586.884978691407;1401521.9686812558;1.1371407680759238;0;16586.884978691407;50323.53183078059;4517.323825014385;1;172;74
3960;14332.292745750601;1415854.2614270065;1.1103999646184979;0;14332.292745750601;42860.94633245788;2531.0141832437776;1;154;48
4020;14079.658523335629;1429933.919950342;0.8916192287856418;0;14079.658523335629;36211.65194181938;1375.2786684322691;1;152;32
4080;13172.104634782228;1443106.0245851243;0.8128400975616151;0;13172.104634782228;29706.218528882957;810.127465118119;1;135;14
4140;11122.18857619681;1454228.2131613211;0.9261812192236327;0;11122.18857619681;22079.458775837462;708.8712199671995;1;113;12
4200;7960.895897779405;1462189.1090591005;0.9070963503902811;0;7960.895897779405;14171.369031010849;255.77740868591718;1;88;7
4260;6724.18403927321;1468913.2930983738;0.8843931374345306;0;6724.18403927321;6211.830794100073;0;1;83;0
4320;6279.736820662331;1475193.0299190362;1.1771638857340219;0;6279.736820662331;0;0;1;71;0
4380;4197.139985389729;1479390.169904426;1.1505470505890676;0;4197.139985389729;0;0;1;36;0
4440;1742.7322210892098;1481132.9021255153;0.9258711523193912;0;1742.7322210892098;0;0;1;25;0
4500;1037.9607131627122;1482170.862838678;1.062175466117952;0;1037.9607131627122;0;0;1;13;0
4560;764.0828225894838;1482934.9456612675;0.9582527604242657;0;764.0828225894838;0;0;1;12;0
4620;750.616501182765;1483685.5621624503;1.1658190358962175;0;750.616501182765;0;0;1;11;0
4680;625.0607134203534;1484310.6228758707;0.9835407410349595;0;625.0607134203534;0;0;1;3;0
VEHICLES
id;vType;NOx_total_veh;n_packages;step_ini;step_fin;total_time(sec);average_package;enter_cz
veh0;gasolineEuroSix;539.9939153146611;4;2;1135;1133;283.25;True
veh1;highEmissions;741.2123480714711;1;5;1281;1276;1276.0;True
veh2;hovDieselEuroSix;3399.205021172713;9;8;1282;1274;141.55555555555554;True
veh3;highEmissions;994.7311814542937;8;11;1284;1273;159.125;True
veh4;eVehicle;0.0;8;16;1172;1156;144.5;True
veh5;eVehicle;0.0;5;20;1469;1449;289.8;True
veh6;highEmissions;673.7658082257292;4;23;1165;1142;285.5;True
veh7;highEmissions;790.1906678155333;18;26;1379;1353;75.16666666666667;True
veh8;normalVehicle;876.8277658194668;3;33;1311;1278;426.0;True
veh9;normalVehicle;901.822523178173;19;36;1439;1403;73.84210526315789;True
veh10;normalVehicle;1163.485897177426;14;48;1440;1392;99.42857142857143;True
veh11;eVehicle;0.0;2;52;1471;1419;709.5;True
veh12;hovDieselEuroSix;3367.5764738348207;1;62;1381;1319;1319.0;True
veh13;highEmissions;1037.6148245299773;3;65;1383;1318;439.3333333333333;True
veh14;dieselEuroSix;4261.818201607376;7;72;1313;1241;177.28571428571428;True
veh15;dieselEuroSix;3788.1716142923115;8;74;1367;1293;161.625;True
veh16;gasolineEuroSix;579.5908361848379;17;80;1447;1367;80.41176470588235;True
veh18;normalVehicle;1175.1355641464443;1;83;1442;1359;1359.0;True
veh17;hovDieselEuroSix;3640.2008748782882;20;83;1449;1366;68.3;True
veh19;eVehicle;0.0;18;85;1113;1028;57.111111111111114;True
veh20;gasolineEuroSix;760.1148175208881;7;86;1444;1358;194.0;True
veh21;normalVehicle;1492.6485565733915;18;89;1446;1357;75.38888888888889;True
veh22;normalVehicle;879.8607357263397;14;92;1316;1224;87.42857142857143;True
veh23;eVehicle;0.0;8;95;1443;1348;168.5;True
veh24;eVehicle;0.0;15;108;1574;1466;97.73333333333333;True
veh25;eVehicle;0.0;19;109;1486;1377;72.47368421052632;True
veh26;normalVehicle;1112.2351538474582;9;118;1487;1369;152.11111111111111;True
veh27;eVehicle;0.0;1;125;1451;1326;1326.0;True
veh28;normalVehicle;1355.0252852253643;6;135;1453;1318;219.66666666666666;True
veh29;highEmissions;998.7483727939157;14;136;1489;1353;96.64285714285714;True
veh30;gasolineEuroSix;531.1573386505314;11;148;1163;1015;92.27272727272727;True
veh31;gasolineEuroSix;776.7962621437716;9;151;1454;1303;144.77777777777777;True
veh32;gasolineEuroSix;741.5670116555931;5;154;1491;1337;267.4;True
veh33;dieselEuroSix;5099.9509806505575;7;156;1576;1420;202.85714285714286;True
veh34;eVehicle;0.0;11;160;1444;1284;116.72727272727273;True
veh35;hovDieselEuroSix;3685.4902545769323;4;163;1446;1283;320.75;True
veh36;hovDieselEuroSix;3443.8605126492675;3;164;1448;1284;428.0;True
veh37;normalVehicle;1242.1759121351206;13;175;1449;1274;98.0;True
veh38;eVehicle;0.0;4;183;1456;1273;318.25;True
veh39;normalVehicle;903.4746487910744;12;186;1517;1331;110.91666666666667;True
veh40;gasolineEuroSix;540.0498421095565;12;191;1348;1157;96.41666666666667;True
veh41;eVehicle;0.0;20;194;1448;1254;62.7;True
veh42;hovDieselEuroSix;3395.011231204639;9;197;1450;1253;139.22222222222223;True
veh43;highEmissions;690.5666770408809;2;202;1358;1156;578.0;True
veh44;gasolineEuroSix;548.3959953017384;15;203;1357;1154;76.93333333333334;True
veh45;gasolineEuroSix;621.7658093506523;18;209;1360;1151;63.94444444444444;True
veh46;normalVehicle;1099.9329734574737;4;210;1458;1248;312.0;True
veh47;eVehicle;0.0;13;213;1578;1365;105.0;True
veh48;highEmissions;780.9524274112737;3;216;1586;1370;456.6666666666667;True
veh49;eVehicle;0.0;18;216;1644;1428;79.33333333333333;True
veh50;hovDieselEuroSix;2848.71023087342;10;228;1633;1405;140.5;True
veh51;gasolineEuroSix;691.4994012372375;20;230;1451;1221;61.05;True
veh52;normalVehicle;902.8317874390042;12;233;1410;1177;98.08333333333333;True
veh53;dieselEuroSix;4196.040603122587;19;239;1359;1120;58.94736842105263;True
veh54;eVehicle;0.0;7;242;1646;1404;200.57142857142858;True
veh55;hovDieselEuroSix;3558.687701788371;3;245;1635;1390;463.3333333333333;True
veh56;normalVehicle;901.5373931928009;2;249;1583;1334;667.0;True
veh57;eVehicle;0.0;8;264;1411;1147;143.375;True
veh58;normalVehicle;1273.8539291542152;10;269;1636;1367;136.7;True
veh59;gasolineEuroSix;557.3463820809775;3;270;1502;1232;410.6666666666667;True
veh60;normalVehicle;1032.275689039919;8;271;1413;1142;142.75;True
veh61;dieselEuroSix;4902.528854685598;4;272;1588;1316;329.0;True
veh62;normalVehicle;1211.4772844048807;13;275;1590;1315;101.15384615384616;True
veh63;hovDieselEuroSix;3792.250369526407;9;276;1648;1372;152.44444444444446;True
veh64;dieselEuroSix;3845.6537025918215;15;279;1558;1279;85.26666666666667;True
veh65;gasolineEuroSix;570.0853562681834;12;284;1644;1360;113.33333333333333;True
veh66;dieselEuroSix;3879.5737433051995;6;287;1611;1324;220.66666666666666;True
veh67;normalVehicle;933.3196402943815;12;290;1616;1326;110.5;True
veh68;normalVehicle;1103.274997432857;12;292;1612;1320;110.0;True
veh69;dieselEuroSix;5682.7213460082785;7;296;1649;1353;193.28571428571428;True
veh70;gasolineEuroSix;720.7773069246027;9;301;1614;1313;145.88888888888889;True
veh71;hovDieselEuroSix;2602.053063768516;3;303;1530;1227;409.0;True
veh72;normalVehicle;1102.8186635006555;20;308;1645;1337;66.85;True
veh73;gasolineEuroSix;733.9224623634195;6;311;1647;1336;222.66666666666666;True
veh74;hovDieselEuroSix;3924.4622519939912;18;314;1649;1335;74.16666666666667;True
veh75;eVehicle;0.0;8;316;1616;1300;162.5;True
veh76;normalVehicle;1038.2688756317827;6;317;1585;1268;211.33333333333334;True
veh78;eVehicle;0.0;15;319;1618;1299;86.6;True
veh77;highEmissions;859.2789552465373;13;320;1586;1266;97.38461538461539;True
veh79;normalVehicle;1270.474763200088;9;321;1638;1317;146.33333333333334;True
veh80;gasolineEuroSix;578.911367122724;18;327;1531;1204;66.88888888888889;True
veh81;normalVehicle;932.5237165887934;8;330;1533;1203;150.375;True
veh82;highEmissions;900.049652340337;11;339;1618;1279;116.27272727272727;True
veh83;eVehicle;0.0;2;340;1581;1241;620.5;True
veh84;eVehicle;0.0;8;353;1651;1298;162.25;True
veh85;hovDieselEuroSix;3539.628451343738;2;357;1653;1296;648.0;True
veh86;eVehicle;0.0;11;360;1651;1291;117.36363636363636;True
veh87;highEmissions;900.7027623116081;13;365;1588;1223;94.07692307692308;True
veh88;dieselEuroSix;5616.714039216552;9;370;1655;1285;142.77777777777777;True
veh90;highEmissions;899.1682505096657;3;372;1619;1247;415.6666666666667;True
veh89;hovDieselEuroSix;3963.8875984368515;7;373;1657;1284;183.42857142857142;True
veh91;dieselEuroSix;3833.059766033485;19;374;1721;1347;70.89473684210526;True
veh92;normalVehicle;936.1359149186328;11;376;1827;1451;131.9090909090909;True
veh93;dieselEuroSix;3805.879388105193;7;391;1691;1300;185.71428571428572;True
veh94;eVehicle;0.0;16;393;1619;1226;76.625;True
veh95;dieselEuroSix;4017.278386236819;13;394;1535;1141;87.76923076923077;True
veh96;dieselEuroSix;3752.634673941237;15;397;1578;1181;78.73333333333333;True
veh97;highEmissions;766.7260951841322;5;397;1718;1321;264.2;True
veh98;dieselEuroSix;5779.165717153573;9;401;1652;1251;139.0;True
veh99;hovDieselEuroSix;4097.919634262645;5;404;1654;1250;250.0;True
veh100;gasolineEuroSix;663.244025467937;8;405;1829;1424;178.0;True
veh101;dieselEuroSix;3872.220446996535;18;415;1666;1251;69.5;True
veh102;gasolineEuroSix;562.6350094398128;18;422;1660;1238;68.77777777777777;True
veh103;hovDieselEuroSix;2773.3066424138387;9;425;1691;1266;140.66666666666666;True
veh104;gasolineEuroSix;574.8901076403098;19;428;1771;1343;70.6842105263158;True
veh105;normalVehicle;1062.4348136733008;14;430;1668;1238;88.42857142857143;True
veh106;highEmissions;1077.091950260359;19;432;1831;1399;73.63157894736842;True
veh107;dieselEuroSix;4668.290491686584;13;437;1692;1255;96.53846153846153;True
veh108;normalVehicle;901.6102463111304;12;440;1580;1140;95.0;True
veh109;eVehicle;0.0;8;444;1694;1250;156.25;True
veh110;eVehicle;0.0;5;446;1735;1289;257.8;True
veh111;eVehicle;0.0;17;466;1853;1387;81.58823529411765;True
veh112;hovDieselEuroSix;3546.446513643193;16;469;1855;1386;86.625;True
veh113;gasolineEuroSix;717.674427357678;3;473;1832;1359;453.0;True
veh114;normalVehicle;911.7377385261625;2;474;1582;1108;554.0;True
veh115;gasolineEuroSix;568.7520459681363;4;477;1775;1298;324.5;True
veh116;normalVehicle;1159.7061446461314;5;480;1776;1296;259.2;True
veh117;hovDieselEuroSix;3315.3533527809896;6;480;1773;1293;215.5;True
veh118;hovDieselEuroSix;2642.1062655389537;14;482;1687;1205;86.07142857142857;True
veh119;gasolineEuroSix;607.7781821631731;20;498;1723;1225;61.25;True
veh120;hovDieselEuroSix;2810.4080711407173;3;501;1772;1271;423.6666666666667;True
veh121;highEmissions;816.8967092555323;13;503;1689;1186;91.23076923076923;True
veh122;gasolineEuroSix;584.4103512740902;13;506;1696;1190;91.53846153846153;True
veh123;dieselEuroSix;5175.2653921756955;20;518;1778;1260;63.0;True
veh124;eVehicle;0.0;15;520;1690;1170;78.0;True
veh125;normalVehicle;1083.7836732169765;17;523;1697;1174;69.05882352941177;True
veh126;eVehicle;0.0;9;536;1780;1244;138.22222222222223;True
veh127;normalVehicle;950.5085909560842;18;537;2003;1466;81.44444444444444;True
veh128;eVehicle;0.0;1;544;1774;1230;1230.0;True
veh129;hovDieselEuroSix;3562.548681973447;4;547;1782;1235;308.75;True
veh130;dieselEuroSix;3937.5027587895747;18;549;1709;1160;64.44444444444444;True
veh131;gasolineEuroSix;566.9049331925579;9;558;1699;1141;126.77777777777777;True
veh132;hovDieselEuroSix;2705.6525226616213;11;562;1806;1244;113.0909090909091;True
veh133;dieselEuroSix;4482.93580875943;4;563;1775;1212;303.0;True
veh134;eVehicle;0.0;10;568;1775;1207;120.7;True
veh135;gasolineEuroSix;601.1019666059753;14;571;1777;1206;86.14285714285714;True
veh136;gasolineEuroSix;609.0368645094985;6;579;1711;1132;188.66666666666666;True
veh137;hovDieselEuroSix;2857.1483830117495;15;591;1779;1188;79.2;True
veh138;hovDieselEuroSix;3517.300417778582;1;597;2005;1408;1408.0;True
veh139;normalVehicle;878.8416724956189;9;598;1854;1256;139.55555555555554;True
veh140;hovDieselEuroSix;3289.6365284003905;17;599;1780;1181;69.47058823529412;True
veh141;gasolineEuroSix;684.5062720317686;6;601;1783;1182;197.0;True
veh142;eVehicle;0.0;17;602;1880;1278;75.17647058823529;True
veh143;eVehicle;0.0;4;606;1855;1249;312.25;True
veh144;eVehicle;0.0;10;609;2261;1652;165.2;True
veh145;eVehicle;0.0;17;609;1834;1225;72.05882352941177;True
veh146;normalVehicle;914.011859235264;20;612;1966;1354;67.7;True
veh147;highEmissions;984.1191898960425;7;615;1967;1352;193.14285714285714;True
veh148;eVehicle;0.0;5;616;1850;1234;246.8;True
veh149;normalVehicle;896.9404279475493;12;629;1787;1158;96.5;True
veh150;dieselEuroSix;4053.426567343312;6;630;1882;1252;208.66666666666666;True
veh151;hovDieselEuroSix;3709.831611819384;18;635;2007;1372;76.22222222222223;True
veh152;eVehicle;0.0;17;639;1776;1137;66.88235294117646;True
veh153;highEmissions;731.4682516920383;1;642;1933;1291;1291.0;True
veh154;dieselEuroSix;5072.8415391807275;20;643;2263;1620;81.0;True
veh155;eVehicle;0.0;11;647;1969;1322;120.18181818181819;True
veh156;eVehicle;0.0;16;654;1788;1134;70.875;True
veh157;eVehicle;0.0;1;657;1851;1194;1194.0;True
veh158;dieselEuroSix;3806.462603905949;4;659;1976;1317;329.25;True
veh159;normalVehicle;1142.01172181388;12;661;1790;1129;94.08333333333333;True
veh160;gasolineEuroSix;576.220765171259;10;664;2032;1368;136.8;True
veh161;highEmissions;764.189866617329;8;666;1792;1126;140.75;True
veh162;hovDieselEuroSix;4269.674080989243;2;671;2264;1593;796.5;True
veh163;gasolineEuroSix;663.4556151352806;8;672;1794;1122;140.25;True
veh164;eVehicle;0.0;19;676;2034;1358;71.47368421052632;True
veh165;highEmissions;956.5902627494378;3;680;2036;1356;452.0;True
veh166;gasolineEuroSix;569.1503300563213;3;681;1872;1191;397.0;True
veh167;hovDieselEuroSix;3360.6335440491675;16;688;1978;1290;80.625;True
veh168;normalVehicle;1105.3686101878827;3;691;2008;1317;439.0;True
veh169;dieselEuroSix;4340.615386239146;18;695;2010;1315;73.05555555555556;True
veh170;hovDieselEuroSix;3811.697004328123;5;698;2012;1314;262.8;True
veh171;eVehicle;0.0;5;701;2038;1337;267.4;True
veh172;normalVehicle;1333.3715707412607;16;706;2266;1560;97.5;True
veh173;dieselEuroSix;4655.756593699641;18;707;1873;1166;64.77777777777777;True
veh174;hovDieselEuroSix;2777.261261030677;6;710;1964;1254;209.0;True
veh175;eVehicle;0.0;9;710;2268;1558;173.11111111111111;True
veh176;dieselEuroSix;6570.6567988194;17;713;2270;1557;91.58823529411765;True
veh178;dieselEuroSix;4958.615987772832;20;714;1966;1252;62.6;True
veh177;normalVehicle;1534.0813869554966;14;716;2271;1555;111.07142857142857;True
veh179;eVehicle;0.0;7;718;1971;1253;179.0;True
veh180;hovDieselEuroSix;2668.95553589457;18;720;1803;1083;60.166666666666664;True
veh181;normalVehicle;844.7044803213757;7;727;1888;1161;165.85714285714286;True
veh182;normalVehicle;1100.2514106414915;10;739;1967;1228;122.8;True
veh183;gasolineEuroSix;673.7419608044162;13;741;1979;1238;95.23076923076923;True
veh184;normalVehicle;884.907463956591;12;744;2014;1270;105.83333333333333;True
veh185;highEmissions;764.3452854394861;15;744;2056;1312;87.46666666666667;True
veh186;hovDieselEuroSix;3716.787602663755;17;746;1973;1227;72.17647058823529;True
veh187;highEmissions;801.2519389821938;15;747;2104;1357;90.46666666666667;True
veh188;highEmissions;945.5868052486888;4;757;2106;1349;337.25;True
veh189;normalVehicle;896.7999419484589;8;758;1993;1235;154.375;True
veh190;hovDieselEuroSix;4107.471365849001;8;762;2274;1512;189.0;True
veh191;eVehicle;0.0;3;765;2107;1342;447.3333333333333;True
veh192;hovDieselEuroSix;2897.310353545332;11;767;1890;1123;102.0909090909091;True
veh193;normalVehicle;869.9555032207026;1;777;1892;1115;1115.0;True
veh194;normalVehicle;1237.3206523765964;19;782;2109;1327;69.84210526315789;True
veh195;hovDieselEuroSix;3487.3406080526597;18;787;2276;1489;82.72222222222223;True
veh196;dieselEuroSix;4702.008313107108;8;788;2037;1249;156.125;True
veh197;hovDieselEuroSix;3931.487663793749;19;790;2278;1488;78.3157894736842;True
veh198;hovDieselEuroSix;3061.777722382422;8;796;1995;1199;149.875;True
veh199;highEmissions;856.4237987847159;1;811;2269;1458;1458.0;True
veh200;gasolineEuroSix;642.0485287412973;3;813;2111;1298;432.6666666666667;True
veh201;dieselEuroSix;3895.627598218175;2;816;2189;1373;686.5;True
veh202;gasolineEuroSix;761.3525245136847;8;817;2279;1462;182.75;True
veh203;hovDieselEuroSix;3320.702301400491;3;822;2057;1235;411.6666666666667;True
veh204;eVehicle;0.0;2;831;2059;1228;614.0;True
veh205;dieselEuroSix;6177.263609763826;11;832;2281;1449;131.72727272727272;True
veh206;dieselEuroSix;5113.427129092658;3;835;2270;1435;478.3333333333333;True
veh207;gasolineEuroSix;556.7953506050263;17;837;2067;1230;72.3529411764706;True
veh208;highEmissions;722.2259260436847;8;838;2090;1252;156.5;True
veh209;eVehicle;0.0;9;841;2092;1251;139.0;True
veh210;normalVehicle;826.0797443021778;16;843;1918;1075;67.1875;True
veh211;eVehicle;0.0;7;845;2016;1171;167.28571428571428;True
veh212;dieselEuroSix;3836.384777766969;18;851;2040;1189;66.05555555555556;True
veh213;hovDieselEuroSix;4566.91017992741;5;859;2283;1424;284.8;True
veh214;highEmissions;849.9585661034822;19;874;2324;1450;76.3157894736842;True
veh215;dieselEuroSix;4794.2597764017855;19;875;2191;1316;69.26315789473684;True
veh216;eVehicle;0.0;16;878;2109;1231;76.9375;True
veh217;dieselEuroSix;4497.689325112438;8;882;2069;1187;148.375;True
veh218;normalVehicle;1060.3967053894673;16;885;2070;1185;74.0625;True
veh219;hovDieselEuroSix;2822.9947804909384;14;887;2204;1317;94.07142857142857;True
veh220;eVehicle;0.0;7;890;2093;1203;171.85714285714286;True
veh221;highEmissions;970.6275817476877;4;891;2205;1314;328.5;True
veh222;eVehicle;0.0;4;895;2336;1441;360.25;True
veh223;dieselEuroSix;5129.07326895684;14;898;2338;1440;102.85714285714286;True
veh226;hovDieselEuroSix;3721.127674827132;12;900;2326;1426;118.83333333333333;True
veh224;normalVehicle;1331.2823951845257;14;901;2340;1439;102.78571428571429;True
veh225;dieselEuroSix;6153.548208338504;14;904;2341;1437;102.64285714285714;True
veh227;eVehicle;0.0;15;906;2328;1422;94.8;True
veh228;gasolineEuroSix;700.3388802886896;2;908;2272;1364;682.0;True
veh229;eVehicle;0.0;4;910;2110;1200;300.0;True
veh230;dieselEuroSix;4268.916844318912;2;915;2110;1195;597.5;True
veh231;eVehicle;0.0;13;927;2274;1347;103.61538461538461;True
veh232;eVehicle;0.0;11;928;2329;1401;127.36363636363636;True
veh233;gasolineEuroSix;796.2060372497955;4;933;2331;1398;349.5;True
veh235;normalVehicle;867.4408207599163;8;935;2180;1245;155.625;True
veh234;dieselEuroSix;5562.2215614433835;7;936;2333;1397;199.57142857142858;True
veh236;hovDieselEuroSix;4420.970017924345;7;936;2343;1407;201.0;True
veh237;dieselEuroSix;3851.4876728441436;18;942;2300;1358;75.44444444444444;True
veh238;hovDieselEuroSix;3622.8886464761463;15;945;2301;1356;90.4;True
veh239;gasolineEuroSix;639.5093852883724;5;945;2181;1236;247.2;True
veh240;normalVehicle;875.7513349045688;14;948;2205;1257;89.78571428571429;True
veh241;dieselEuroSix;3739.7568938072363;6;950;2127;1177;196.16666666666666;True
veh242;hovDieselEuroSix;2652.702274173645;9;953;2185;1232;136.88888888888889;True
veh243;highEmissions;1058.4266190435146;15;956;2303;1347;89.8;True
veh244;gasolineEuroSix;658.0525781867866;8;965;2207;1242;155.25;True
veh245;highEmissions;1113.4483570649893;3;977;2345;1368;456.0;True
veh246;highEmissions;732.394720480495;15;978;2209;1231;82.06666666666666;True
veh248;gasolineEuroSix;714.2112324943973;4;981;2209;1228;307.0;True
veh247;hovDieselEuroSix;3327.7555245303697;18;981;2211;1230;68.33333333333333;True
veh249;normalVehicle;1163.218634643424;2;990;2212;1222;611.0;True
veh250;dieselEuroSix;3797.252836196372;18;991;2277;1286;71.44444444444444;True
veh251;hovDieselEuroSix;2934.173859285863;1;993;2364;1371;1371.0;True
veh252;hovDieselEuroSix;3390.314721563094;3;999;2279;1280;426.6666666666667;True
veh253;normalVehicle;1178.7632820531953;8;1003;2280;1277;159.625;True
veh254;normalVehicle;898.8705533913147;6;1009;2373;1364;227.33333333333334;True
veh255;dieselEuroSix;4148.822275076405;14;1010;2728;1718;122.71428571428571;True
veh256;hovDieselEuroSix;3501.8193769545896;16;1011;2365;1354;84.625;True
veh257;highEmissions;1206.168432721648;16;1013;2347;1334;83.375;True
veh258;gasolineEuroSix;685.0985533717499;7;1015;2375;1360;194.28571428571428;True
veh259;eVehicle;0.0;13;1020;2459;1439;110.6923076923077;True
veh260;gasolineEuroSix;622.0867990637348;2;1026;2638;1612;806.0;True
veh261;dieselEuroSix;4379.893830955434;6;1029;2207;1178;196.33333333333334;True
veh262;dieselEuroSix;5803.971683873311;13;1031;2335;1304;100.3076923076923;True
veh263;hovDieselEuroSix;4001.6393147019953;1;1036;2730;1694;1694.0;True
veh264;dieselEuroSix;4683.61078167115;13;1038;2208;1170;90.0;True
veh265;dieselEuroSix;5576.693810036227;9;1049;2731;1682;186.88888888888889;True
veh266;hovDieselEuroSix;3706.4217793643834;15;1051;2348;1297;86.46666666666667;True
veh267;normalVehicle;904.4783856236674;10;1054;2365;1311;131.1;True
veh268;eVehicle;0.0;14;1056;2295;1239;88.5;True
veh269;gasolineEuroSix;694.2016783095821;18;1066;2282;1216;67.55555555555556;True
veh270;dieselEuroSix;4882.272354255812;16;1071;2461;1390;86.875;True
veh271;normalVehicle;1342.6024832219023;5;1074;2733;1659;331.8;True
veh272;gasolineEuroSix;658.5515030095967;7;1080;2284;1204;172.0;True
veh273;normalVehicle;1214.6696857338468;10;1081;2462;1381;138.1;True
veh274;eVehicle;0.0;7;1083;2491;1408;201.14285714285714;True
veh276;eVehicle;0.0;2;1084;2464;1380;690.0;True
veh277;hovDieselEuroSix;4579.554359799513;19;1085;2735;1650;86.84210526315789;True
veh275;gasolineEuroSix;691.1314564493808;18;1086;2492;1406;78.11111111111111;True
veh278;eVehicle;0.0;2;1094;2366;1272;636.0;True
veh279;hovDieselEuroSix;3740.7961947304134;11;1095;2640;1545;140.45454545454547;True
veh280;dieselEuroSix;5755.751007460691;2;1101;2642;1541;770.5;True
veh281;eVehicle;0.0;2;1110;2286;1176;588.0;True
veh282;normalVehicle;1237.16870604713;19;1119;2494;1375;72.36842105263158;True
veh283;dieselEuroSix;5429.410058506113;16;1122;2464;1342;83.875;True
veh284;highEmissions;927.611022115048;17;1123;2721;1598;94.0;True
veh285;hovDieselEuroSix;4345.420168559607;17;1124;2643;1519;89.3529411764706;True
veh286;hovDieselEuroSix;2815.612534553307;6;1139;2368;1229;204.83333333333334;True
veh287;normalVehicle;899.4830873720699;2;1140;2487;1347;673.5;True
veh288;hovDieselEuroSix;3329.0119068216404;17;1142;2370;1228;72.23529411764706;True
veh289;hovDieselEuroSix;3477.2842490124463;3;1144;2465;1321;440.3333333333333;True
veh290;gasolineEuroSix;765.8387260239549;6;1147;2737;1590;265.0;True
veh291;hovDieselEuroSix;3646.3975812781214;3;1152;2467;1315;438.3333333333333;True
veh292;hovDieselEuroSix;3514.6705814546945;20;1155;2489;1334;66.7;True
veh293;eVehicle;0.0;3;1163;2738;1575;525.0;True
veh294;eVehicle;0.0;8;1170;2496;1326;165.75;True
veh295;eVehicle;0.0;13;1174;2491;1317;101.3076923076923;True
veh296;gasolineEuroSix;789.0517178708834;4;1181;2497;1316;329.0;True
veh297;highEmissions;1055.3467649497659;19;1182;2493;1311;69.0;True
veh298;normalVehicle;1045.9370197836413;8;1194;2466;1272;159.0;True
veh299;hovDieselEuroSix;4326.498733327629;19;1195;2494;1299;68.36842105263158;True
veh300;eVehicle;0.0;20;1196;2371;1175;58.75;True
veh301;dieselEuroSix;4876.199892889951;2;1197;2723;1526;763.0;True
veh302;gasolineEuroSix;712.4566856732633;20;1198;2499;1301;65.05;True
veh303;eVehicle;0.0;3;1203;2496;1293;431.0;True
veh305;normalVehicle;898.8578060015359;14;1205;2469;1264;90.28571428571429;True
veh304;hovDieselEuroSix;4089.5029653055544;19;1206;2498;1292;68.0;True
veh306;dieselEuroSix;5916.574742082883;19;1208;2501;1293;68.05263157894737;True
veh307;eVehicle;0.0;17;1219;2443;1224;72.0;True
veh308;hovDieselEuroSix;2860.439785197969;11;1222;2444;1222;111.0909090909091;True
veh309;eVehicle;0.0;9;1224;2740;1516;168.44444444444446;True
veh310;eVehicle;0.0;7;1233;2645;1412;201.71428571428572;True
veh312;normalVehicle;1112.75789952053;11;1235;2468;1233;112.0909090909091;True
veh311;normalVehicle;1315.4738264342327;8;1236;2647;1411;176.375;True
veh313;normalVehicle;1141.8256401811843;9;1238;2469;1231;136.77777777777777;True
veh314;dieselEuroSix;6064.461240423193;13;1243;2742;1499;115.3076923076923;True
veh315;dieselEuroSix;4831.485159814892;5;1244;2446;1202;240.4;True
veh317;eVehicle;0.0;10;1246;2500;1254;125.4;True
veh316;hovDieselEuroSix;3612.3371976026156;15;1247;2448;1201;80.06666666666666;True
veh319;eVehicle;0.0;11;1247;2470;1223;111.18181818181819;True
veh318;dieselEuroSix;5322.853242530445;3;1249;2502;1253;417.6666666666667;True
veh320;hovDieselEuroSix;4444.25439601554;1;1253;2649;1396;1396.0;True
veh322;dieselEuroSix;4653.758277314596;15;1254;2725;1471;98.06666666666666;True
veh321;normalVehicle;978.9264619207727;20;1256;2651;1395;69.75;True
veh323;hovDieselEuroSix;2962.3754279334757;19;1257;2727;1470;77.36842105263158;True
veh324;hovDieselEuroSix;2766.2168615005426;4;1262;2538;1276;319.0;True
veh325;hovDieselEuroSix;3719.285838591768;3;1266;2653;1387;462.3333333333333;True
veh326;highEmissions;1035.2892830489648;18;1270;2728;1458;81.0;True
veh328;dieselEuroSix;4161.440030575067;7;1272;2472;1200;171.42857142857142;True
veh327;hovDieselEuroSix;4231.983491708982;17;1273;2730;1457;85.70588235294117;True
veh329;dieselEuroSix;4853.056782273915;9;1274;2744;1470;163.33333333333334;True
veh330;hovDieselEuroSix;4102.553803658443;5;1277;2746;1469;293.8;True
veh331;eVehicle;0.0;12;1278;2732;1454;121.16666666666667;True
veh332;normalVehicle;1416.6381897057418;3;1284;2747;1463;487.6666666666667;True
veh333;normalVehicle;871.8214551470169;8;1287;2567;1280;160.0;True
veh334;eVehicle;0.0;12;1292;2474;1182;98.5;True
veh335;normalVehicle;906.1213393602001;10;1296;2643;1347;134.7;True
veh336;normalVehicle;1166.112176828221;6;1300;2645;1345;224.16666666666666;True
veh337;eVehicle;0.0;15;1302;2480;1178;78.53333333333333;True
veh338;hovDieselEuroSix;2745.2342861943043;18;1305;2548;1243;69.05555555555556;True
veh339;eVehicle;0.0;10;1305;2646;1341;134.1;True
veh340;hovDieselEuroSix;4447.814076112336;20;1308;2648;1340;67.0;True
veh341;dieselEuroSix;4448.022023252402;17;1322;2734;1412;83.05882352941177;True
veh342;highEmissions;985.8261594807061;1;1329;2654;1325;1325.0;True
veh343;gasolineEuroSix;633.6480162133314;18;1337;2656;1319;73.27777777777777;True
veh344;dieselEuroSix;3695.9596106698755;10;1338;2554;1216;121.6;True
veh345;normalVehicle;884.8872729636407;4;1343;2614;1271;317.75;True
veh346;eVehicle;0.0;5;1344;2749;1405;281.0;True
veh347;normalVehicle;941.0314218821076;9;1347;2809;1462;162.44444444444446;True
veh348;eVehicle;0.0;4;1350;2811;1461;365.25;True
veh349;eVehicle;0.0;4;1361;2696;1335;333.75;True
veh350;eVehicle;0.0;18;1363;2650;1287;71.5;True
veh351;normalVehicle;957.3228126411398;5;1366;2845;1479;295.8;True
veh352;eVehicle;0.0;9;1375;2847;1472;163.55555555555554;True
veh353;eVehicle;0.0;10;1376;2658;1282;128.2;True
veh354;eVehicle;0.0;20;1379;2660;1281;64.05;True
veh355;eVehicle;0.0;7;1386;2698;1312;187.42857142857142;True
veh356;hovDieselEuroSix;3969.000684373906;11;1389;2813;1424;129.45454545454547;True
veh357;eVehicle;0.0;7;1393;2735;1342;191.71428571428572;True
veh358;eVehicle;0.0;9;1395;2495;1100;122.22222222222223;True
veh359;highEmissions;845.2259730183899;17;1398;2814;1416;83.29411764705883;True
veh360;gasolineEuroSix;691.7618857305843;16;1401;2816;1415;88.4375;True
veh361;hovDieselEuroSix;3351.1393681384957;9;1403;2700;1297;144.11111111111111;True
veh362;eVehicle;0.0;2;1414;2817;1403;701.5;True
veh363;eVehicle;0.0;3;1426;2748;1322;440.6666666666667;True
veh364;hovDieselEuroSix;2715.7814811088692;14;1428;2629;1201;85.78571428571429;True
veh365;gasolineEuroSix;795.644771344884;9;1430;2819;1389;154.33333333333334;True
veh366;gasolineEuroSix;691.7376779816846;2;1432;2751;1319;659.5;True
veh367;hovDieselEuroSix;2827.012430672665;1;1446;2661;1215;1215.0;True
veh368;eVehicle;0.0;11;1453;2750;1297;117.9090909090909;True
veh369;hovDieselEuroSix;3307.297270630745;5;1455;2753;1298;259.6;True
veh370;eVehicle;0.0;9;1475;2631;1156;128.44444444444446;True
veh371;gasolineEuroSix;567.0267801025209;6;1490;2769;1279;213.16666666666666;True
veh372;normalVehicle;881.7246447016695;15;1507;2688;1181;78.73333333333333;True
veh373;dieselEuroSix;3878.0366965188696;18;1512;2837;1325;73.61111111111111;True
veh374;highEmissions;881.3120890930473;14;1519;2839;1320;94.28571428571429;True
veh375;dieselEuroSix;3829.964752828416;18;1526;3013;1487;82.61111111111111;True
veh376;eVehicle;0.0;1;1527;2821;1294;1294.0;True
veh377;eVehicle;0.0;4;1530;2689;1159;289.75;True
veh378;gasolineEuroSix;565.951197762587;3;1531;2832;1301;433.6666666666667;True
veh379;gasolineEuroSix;657.7482611627323;5;1533;3014;1481;296.2;True
veh380;eVehicle;0.0;18;1539;2948;1409;78.27777777777777;True
veh381;normalVehicle;1177.178544005275;2;1542;2950;1408;704.0;True
veh382;eVehicle;0.0;12;1543;2960;1417;118.08333333333333;True
veh383;highEmissions;996.1923358319714;19;1547;2841;1294;68.10526315789474;True
veh384;hovDieselEuroSix;3987.876143738336;18;1554;2823;1269;70.5;True
veh385;highEmissions;1094.1640220945987;5;1564;3016;1452;290.4;True
veh386;gasolineEuroSix;629.3103514891727;14;1570;2833;1263;90.21428571428571;True
veh387;dieselEuroSix;3776.9941365232157;5;1585;2920;1335;267.0;True
veh388;hovDieselEuroSix;4088.1128245333684;2;1592;2824;1232;616.0;True
veh389;eVehicle;0.0;10;1593;2962;1369;136.9;True
veh390;normalVehicle;1389.5503627657865;12;1598;3018;1420;118.33333333333333;True
veh391;highEmissions;1044.811310900509;2;1601;2964;1363;681.5;True
veh393;eVehicle;0.0;7;1604;3019;1415;202.14285714285714;True
veh392;gasolineEuroSix;762.2402001651616;12;1604;2965;1361;113.41666666666667;True
veh394;gasolineEuroSix;805.960459221458;8;1607;2967;1360;170.0;True
veh395;gasolineEuroSix;841.102189691748;4;1611;2969;1358;339.5;True
veh396;eVehicle;0.0;12;1616;2834;1218;101.5;True
veh397;highEmissions;850.2166770428597;18;1625;2835;1210;67.22222222222223;True
veh398;highEmissions;1268.1384269496727;14;1628;2970;1342;95.85714285714286;True
veh399;normalVehicle;1123.330312770693;20;1630;2837;1207;60.35;True
veh400;gasolineEuroSix;777.0506179975717;5;1631;2972;1341;268.2;True
veh401;normalVehicle;1051.0793707018427;8;1635;2921;1286;160.75;True
veh402;eVehicle;0.0;6;1638;2923;1285;214.16666666666666;True
veh403;highEmissions;1071.458806355876;6;1641;2925;1284;214.0;True
veh404;eVehicle;0.0;14;1644;2926;1282;91.57142857142857;True
veh405;gasolineEuroSix;671.9841422043365;1;1644;2974;1330;1330.0;True
veh406;eVehicle;0.0;6;1655;2976;1321;220.16666666666666;True
veh407;hovDieselEuroSix;2839.599393824332;11;1656;3051;1395;126.81818181818181;True
veh408;gasolineEuroSix;760.4009369855595;14;1657;3021;1364;97.42857142857143;True
veh409;highEmissions;1127.365425347284;8;1660;3023;1363;170.375;True
veh410;gasolineEuroSix;672.4594248954359;9;1664;2951;1287;143.0;True
veh411;hovDieselEuroSix;4161.30956608019;6;1668;3025;1357;226.16666666666666;True
veh412;hovDieselEuroSix;3638.7845237527335;4;1670;2978;1308;327.0;True
veh413;normalVehicle;986.5887883234013;13;1674;3177;1503;115.61538461538461;True
veh414;gasolineEuroSix;669.5188756209948;2;1676;2928;1252;626.0;True
veh415;hovDieselEuroSix;3592.1867370644804;16;1680;3052;1372;85.75;True
veh416;gasolineEuroSix;705.8372049609695;8;1686;2953;1267;158.375;True
veh417;gasolineEuroSix;697.5273106319299;7;1687;3178;1491;213.0;True
veh418;normalVehicle;1097.7582794776447;15;1689;3027;1338;89.2;True
veh419;hovDieselEuroSix;3539.991722566158;12;1694;2955;1261;105.08333333333333;True
veh420;normalVehicle;885.5028897221699;10;1696;2970;1274;127.4;True
veh421;hovDieselEuroSix;3802.75042004205;8;1701;2930;1229;153.625;True
veh422;gasolineEuroSix;709.5520798723517;8;1703;3029;1326;165.75;True
veh423;hovDieselEuroSix;4236.079031090211;1;1706;3030;1324;1324.0;True
veh424;highEmissions;713.3556203126734;7;1715;2908;1193;170.42857142857142;True
veh425;normalVehicle;948.643563104449;13;1739;3105;1366;105.07692307692308;True
veh426;dieselEuroSix;4789.785962020397;11;1742;2956;1214;110.36363636363636;True
veh427;normalVehicle;1044.4091140045432;9;1746;2932;1186;131.77777777777777;True
veh428;gasolineEuroSix;658.361678716488;3;1750;3032;1282;427.3333333333333;True
veh430;gasolineEuroSix;740.0102902235686;9;1752;3180;1428;158.66666666666666;True
veh429;normalVehicle;1274.9663212459432;12;1753;3034;1281;106.75;True
veh431;gasolineEuroSix;601.900277166436;17;1757;3201;1444;84.94117647058823;True
veh433;normalVehicle;1359.332182629309;13;1759;3182;1423;109.46153846153847;True
veh432;dieselEuroSix;5177.164419800559;18;1760;3203;1443;80.16666666666667;True
veh434;gasolineEuroSix;607.770163851855;11;1760;3345;1585;144.0909090909091;True
veh435;gasolineEuroSix;807.0440904965637;1;1764;3183;1419;1419.0;True
veh436;gasolineEuroSix;586.2153086360308;4;1768;3138;1370;342.5;True
veh437;normalVehicle;967.7283029468452;9;1777;2958;1181;131.22222222222223;True
veh438;gasolineEuroSix;680.778103498686;6;1788;3106;1318;219.66666666666666;True
veh439;normalVehicle;892.2009622511267;19;1800;3090;1290;67.89473684210526;True
veh440;highEmissions;770.2966408431156;9;1801;3144;1343;149.22222222222223;True
veh441;dieselEuroSix;3892.9651136816883;2;1803;3093;1290;645.0;True
veh442;eVehicle;0.0;4;1804;3139;1335;333.75;True
veh443;gasolineEuroSix;724.6194670180732;20;1807;3141;1334;66.7;True
veh444;eVehicle;0.0;14;1815;3108;1293;92.35714285714286;True
veh445;dieselEuroSix;3792.303247195462;12;1816;3048;1232;102.66666666666667;True
veh446;hovDieselEuroSix;3944.43013766251;11;1828;3204;1376;125.0909090909091;True
veh447;eVehicle;0.0;14;1832;3206;1374;98.14285714285714;True
veh448;eVehicle;0.0;20;1835;3208;1373;68.65;True
veh450;dieselEuroSix;4536.377726804467;17;1835;3050;1215;71.47058823529412;True
veh452;dieselEuroSix;5391.53905782844;4;1837;3185;1348;337.0;True
veh449;dieselEuroSix;5282.081318863793;13;1838;3210;1372;105.53846153846153;True
veh451;hovDieselEuroSix;2775.1377181085427;19;1838;3186;1348;70.94736842105263;True
veh453;hovDieselEuroSix;3546.5754537323983;7;1847;3347;1500;214.28571428571428;True
veh454;eVehicle;0.0;9;1860;3255;1395;155.0;True
veh455;normalVehicle;926.5437763704327;2;1861;3216;1355;677.5;True
veh456;gasolineEuroSix;757.2470423886048;14;1863;3212;1349;96.35714285714286;True
veh457;hovDieselEuroSix;4130.568256747143;1;1867;3187;1320;1320.0;True
veh458;gasolineEuroSix;602.2505665416829;17;1870;3387;1517;89.23529411764706;True
veh459;hovDieselEuroSix;3049.137058701893;18;1882;3453;1571;87.27777777777777;True
veh460;eVehicle;0.0;7;1885;3455;1570;224.28571428571428;True
veh461;dieselEuroSix;5873.869809796167;12;1888;3456;1568;130.66666666666666;True
veh462;dieselEuroSix;3934.6680686133523;14;1889;3094;1205;86.07142857142857;True
veh463;normalVehicle;1190.3136642003633;3;1890;3257;1367;455.6666666666667;True
veh464;gasolineEuroSix;653.4709723240393;11;1891;3187;1296;117.81818181818181;True
veh465;gasolineEuroSix;615.3365606533363;20;1898;3096;1198;59.9;True
veh466;eVehicle;0.0;11;1903;3189;1286;116.9090909090909;True
veh467;highEmissions;1265.490641295863;4;1909;3458;1549;387.25;True
veh468;dieselEuroSix;5666.577363909894;10;1915;3213;1298;129.8;True
veh469;eVehicle;0.0;17;1919;3460;1541;90.6470588235294;True
veh470;dieselEuroSix;5423.782435139329;10;1920;3191;1271;127.1;True
veh471;dieselEuroSix;6837.342717545747;14;1922;3462;1540;110.0;True
veh472;eVehicle;0.0;11;1926;3217;1291;117.36363636363636;True
veh473;hovDieselEuroSix;3577.674558598072;13;1929;3219;1290;99.23076923076923;True
veh474;hovDieselEuroSix;3784.4687069730344;10;1942;3221;1279;127.9;True
veh475;hovDieselEuroSix;2753.888191462898;18;1945;3202;1257;69.83333333333333;True
veh476;dieselEuroSix;4659.432409751913;5;1948;3193;1245;249.0;True
veh477;gasolineEuroSix;663.7227772839466;7;1951;3215;1264;180.57142857142858;True
veh478;eVehicle;0.0;14;1953;3320;1367;97.64285714285714;True
veh479;eVehicle;0.0;13;1955;3464;1509;116.07692307692308;True
veh480;eVehicle;0.0;6;1966;3466;1500;250.0;True
veh481;hovDieselEuroSix;3548.2575270065913;20;1968;3349;1381;69.05;True
veh482;gasolineEuroSix;715.8950644597743;19;1974;3222;1248;65.6842105263158;True
veh483;highEmissions;858.5532832236302;10;1977;3224;1247;124.7;True
veh484;gasolineEuroSix;609.2076408634541;13;1980;3226;1246;95.84615384615384;True
veh485;hovDieselEuroSix;3748.2279936380014;18;1985;3217;1232;68.44444444444444;True
veh486;eVehicle;0.0;1;1987;3228;1241;1241.0;True
veh487;gasolineEuroSix;653.830139974274;10;1988;3259;1271;127.1;True
veh488;normalVehicle;1582.9412643523483;10;1989;3467;1478;147.8;True
veh489;normalVehicle;1466.984009196725;7;1992;3469;1477;211.0;True
veh490;eVehicle;0.0;14;1996;3229;1233;88.07142857142857;True
veh491;highEmissions;970.8173661138632;19;2004;3350;1346;70.84210526315789;True
veh492;gasolineEuroSix;704.8137853684703;20;2015;3218;1203;60.15;True
veh493;gasolineEuroSix;676.6836463727175;11;2020;3260;1240;112.72727272727273;True
veh494;normalVehicle;950.3405347348634;15;2021;3097;1076;71.73333333333333;True
veh495;eVehicle;0.0;15;2024;3431;1407;93.8;True
veh497;gasolineEuroSix;740.3982137210025;15;2026;3471;1445;96.33333333333333;True
veh496;gasolineEuroSix;681.5773103336097;7;2027;3432;1405;200.71428571428572;True
veh498;gasolineEuroSix;788.5392003731474;17;2036;3473;1437;84.52941176470588;True
veh499;dieselEuroSix;5094.503530070756;16;2040;3194;1154;72.125;True
veh500;gasolineEuroSix;649.5857970231914;6;2048;3262;1214;202.33333333333334;True
veh501;normalVehicle;910.1637774101082;3;2051;3356;1305;435.0;True
veh502;gasolineEuroSix;572.1101101008262;10;2057;3351;1294;129.4;True
veh503;hovDieselEuroSix;2696.6066163788187;17;2061;3312;1251;73.58823529411765;True
veh505;dieselEuroSix;3772.9499582385033;20;2063;3244;1181;59.05;True
veh504;normalVehicle;1081.8562826171772;11;2064;3314;1250;113.63636363636364;True
veh506;normalVehicle;1121.8554314317507;3;2065;3353;1288;429.3333333333333;True
veh507;eVehicle;0.0;8;2070;3838;1768;221.0;True
veh508;eVehicle;0.0;10;2075;3214;1139;113.9;True
veh509;normalVehicle;1119.0980960153206;8;2076;3357;1281;160.125;True
veh510;dieselEuroSix;4939.721235924103;7;2080;3316;1236;176.57142857142858;True
veh511;eVehicle;0.0;5;2081;3263;1182;236.4;True
veh512;highEmissions;839.0311969416483;1;2084;3265;1181;1181.0;True
veh513;eVehicle;0.0;2;2086;3359;1273;636.5;True
veh514;dieselEuroSix;6079.831600841109;8;2090;3474;1384;173.0;True
veh515;dieselEuroSix;3857.4609771563833;16;2093;3404;1311;81.9375;True
veh516;eVehicle;0.0;20;2094;3840;1746;87.3;True
veh517;dieselEuroSix;3797.033045001667;3;2101;3406;1305;435.0;True
veh518;hovDieselEuroSix;3475.9876280891863;15;2104;3408;1304;86.93333333333334;True
veh519;hovDieselEuroSix;3987.202426083408;14;2110;3409;1299;92.78571428571429;True
veh520;gasolineEuroSix;745.8638183419331;19;2112;3476;1364;71.78947368421052;True
veh521;dieselEuroSix;5345.353751269656;7;2113;3317;1204;172.0;True
veh522;hovDieselEuroSix;2901.1568594818586;13;2117;3506;1389;106.84615384615384;True
veh523;hovDieselEuroSix;3887.291245423062;16;2121;3411;1290;80.625;True
veh524;normalVehicle;1244.1415879723193;13;2124;3413;1289;99.15384615384616;True
veh525;gasolineEuroSix;625.4717938030935;8;2125;3319;1194;149.25;True
veh526;gasolineEuroSix;547.0079120284403;5;2128;3327;1199;239.8;True
veh527;dieselEuroSix;4461.144877748375;1;2130;3354;1224;1224.0;True
veh528;eVehicle;0.0;4;2133;3841;1708;427.0;True
veh529;gasolineEuroSix;763.3127681620309;14;2136;3843;1707;121.92857142857143;True
veh530;gasolineEuroSix;692.2565368115198;8;2138;3356;1218;152.25;True
veh531;eVehicle;0.0;6;2139;3508;1369;228.16666666666666;True
veh532;normalVehicle;1272.5043165099826;17;2142;3510;1368;80.47058823529412;True
veh533;highEmissions;1153.9679604290043;15;2144;3511;1367;91.13333333333334;True
veh534;eVehicle;0.0;2;2155;3513;1358;679.0;True
veh535;normalVehicle;911.04167814661;18;2156;3555;1399;77.72222222222223;True
veh536;hovDieselEuroSix;3620.8371704792817;8;2161;3557;1396;174.5;True
veh537;highEmissions;816.264263574756;4;2170;3584;1414;353.5;True
veh538;hovDieselEuroSix;2991.6247478086416;15;2171;3478;1307;87.13333333333334;True
veh539;eVehicle;0.0;5;2177;3434;1257;251.4;True
veh540;dieselEuroSix;4395.485022393298;15;2182;3267;1085;72.33333333333333;True
veh541;eVehicle;0.0;17;2185;3480;1295;76.17647058823529;True
veh542;normalVehicle;1036.700226116086;18;2190;3436;1246;69.22222222222223;True
veh543;dieselEuroSix;3805.674566341187;20;2191;3520;1329;66.45;True
veh544;gasolineEuroSix;625.6486298281127;11;2195;3438;1243;113.0;True
veh545;normalVehicle;1104.2326598494778;15;2213;3522;1309;87.26666666666667;True
veh546;highEmissions;1201.3537567899243;20;2215;3845;1630;81.5;True
veh547;dieselEuroSix;5338.380150576504;17;2222;3523;1301;76.52941176470588;True
veh548;hovDieselEuroSix;3813.106352578838;14;2230;3481;1251;89.35714285714286;True
veh549;dieselEuroSix;5623.849082155594;18;2242;3847;1605;89.16666666666667;True
veh550;gasolineEuroSix;766.9601544514103;15;2245;3849;1604;106.93333333333334;True
veh551;hovDieselEuroSix;2858.0111403408478;6;2245;3600;1355;225.83333333333334;True
veh552;dieselEuroSix;4301.28308796749;16;2246;3439;1193;74.5625;True
veh553;highEmissions;838.520122363251;15;2247;3685;1438;95.86666666666666;True
veh554;eVehicle;0.0;9;2253;3687;1434;159.33333333333334;True
veh555;eVehicle;0.0;8;2255;3525;1270;158.75;True
veh556;eVehicle;0.0;9;2261;3850;1589;176.55555555555554;True
veh557;gasolineEuroSix;568.4820496987868;17;2264;3509;1245;73.23529411764706;True
veh558;gasolineEuroSix;664.7509505890752;16;2265;3602;1337;83.5625;True
veh559;highEmissions;936.7245404610935;8;2268;3604;1336;167.0;True
veh560;eVehicle;0.0;9;2279;3689;1410;156.66666666666666;True
veh561;gasolineEuroSix;680.9734469075794;15;2282;3606;1324;88.26666666666667;True
veh562;highEmissions;1131.0282669092562;3;2286;3690;1404;468.0;True
veh563;highEmissions;699.8066465054542;10;2292;3489;1197;119.7;True
veh564;normalVehicle;956.7848194978521;8;2298;3746;1448;181.0;True
veh565;hovDieselEuroSix;3693.3108146448167;9;2301;3748;1447;160.77777777777777;True
veh566;normalVehicle;879.1840824699249;11;2304;3591;1287;117.0;True
veh567;dieselEuroSix;6219.4660475178525;11;2306;3692;1386;126.0;True
veh568;highEmissions;799.9991184871008;18;2307;3711;1404;78.0;True
veh569;normalVehicle;902.7637178581587;3;2310;3701;1391;463.6666666666667;True
veh570;highEmissions;1142.709279192783;5;2311;3750;1439;287.8;True
veh571;dieselEuroSix;5706.192690564288;5;2319;3852;1533;306.6;True
veh572;hovDieselEuroSix;3525.0880912941648;8;2327;3702;1375;171.875;True
veh573;dieselEuroSix;3837.07274826888;13;2332;3613;1281;98.53846153846153;True
veh574;dieselEuroSix;3775.8725608702443;5;2333;3670;1337;267.4;True
veh575;normalVehicle;1271.0277081589038;7;2334;3704;1370;195.71428571428572;True
veh576;gasolineEuroSix;768.5009061014993;3;2335;3694;1359;453.0;True
veh577;eVehicle;0.0;14;2352;3854;1502;107.28571428571429;True
veh578;highEmissions;1023.1441364022247;14;2355;3696;1341;95.78571428571429;True
veh579;normalVehicle;1184.6500479953193;11;2356;3706;1350;122.72727272727273;True
veh580;eVehicle;0.0;18;2359;3708;1349;74.94444444444444;True
veh581;eVehicle;0.0;15;2361;3855;1494;99.6;True
veh582;eVehicle;0.0;14;2363;3710;1347;96.21428571428571;True
veh583;eVehicle;0.0;2;2379;3511;1132;566.0;True
veh584;highEmissions;839.3702989187639;7;2382;3513;1131;161.57142857142858;True
veh585;dieselEuroSix;5368.414515316965;14;2400;3711;1311;93.64285714285714;True
veh586;hovDieselEuroSix;3185.673799748223;13;2402;3615;1213;93.3076923076923;True
veh587;dieselEuroSix;5917.424653120445;19;2403;3713;1310;68.94736842105263;True
veh588;gasolineEuroSix;603.7207957543886;1;2407;3713;1306;1306.0;True
veh589;dieselEuroSix;3865.7083315295017;19;2412;3703;1291;67.94736842105263;True
veh590;dieselEuroSix;4932.710542718948;13;2419;3705;1286;98.92307692307692;True
veh591;gasolineEuroSix;670.6591982090495;16;2432;3857;1425;89.0625;True
veh592;eVehicle;0.0;1;2438;3672;1234;1234.0;True
veh593;dieselEuroSix;5278.668819691838;12;2440;3697;1257;104.75;True
veh594;eVehicle;0.0;10;2443;3699;1256;125.6;True
veh595;dieselEuroSix;5146.248338877524;13;2444;3715;1271;97.76923076923077;True
veh596;gasolineEuroSix;651.9708028039049;14;2447;3859;1412;100.85714285714286;True
veh597;normalVehicle;885.8461751154725;18;2450;3742;1292;71.77777777777777;True
veh598;dieselEuroSix;5427.440567395959;18;2455;3707;1252;69.55555555555556;True
veh599;highEmissions;820.2780696022112;20;2456;3836;1380;69.0;True
veh600;eVehicle;0.0;8;2460;3715;1255;156.875;True
veh601;eVehicle;0.0;16;2469;3861;1392;87.0;True
veh602;gasolineEuroSix;711.9466379018018;8;2474;3862;1388;173.5;True
veh603;gasolineEuroSix;630.9355480003552;9;2475;3708;1233;137.0;True
veh604;eVehicle;0.0;14;2476;3810;1334;95.28571428571429;True
veh605;normalVehicle;1021.0316571989988;16;2482;3812;1330;83.125;True
veh606;eVehicle;0.0;1;2487;3745;1258;1258.0;True
veh608;eVehicle;0.0;13;2488;3776;1288;99.07692307692308;True
veh607;dieselEuroSix;3758.6006976236336;11;2490;3766;1276;116.0;True
veh609;hovDieselEuroSix;3477.801526417793;13;2501;3751;1250;96.15384615384616;True
veh610;dieselEuroSix;4785.752596720593;6;2502;3768;1266;211.0;True
veh611;gasolineEuroSix;681.5419621834901;15;2503;3814;1311;87.4;True
veh612;eVehicle;0.0;5;2512;3770;1258;251.6;True
veh613;normalVehicle;960.0450029248121;20;2515;3772;1257;62.85;True
veh614;dieselEuroSix;5224.174707231549;18;2515;3716;1201;66.72222222222223;True
veh615;gasolineEuroSix;561.2573180475672;1;2522;3719;1197;1197.0;True
veh616;dieselEuroSix;3933.2262569255695;13;2530;3720;1190;91.53846153846153;True
veh617;dieselEuroSix;4860.399223116205;19;2531;3837;1306;68.73684210526316;True
veh618;hovDieselEuroSix;3408.5313831778835;19;2534;3839;1305;68.6842105263158;True
veh619;highEmissions;787.2337237224591;1;2542;3880;1338;1338.0;True
veh620;gasolineEuroSix;609.9333427523399;3;2552;3722;1170;390.0;True
veh621;eVehicle;0.0;14;2557;3773;1216;86.85714285714286;True
veh624;normalVehicle;1111.2450078645847;5;2559;3881;1322;264.4;True
veh622;gasolineEuroSix;631.9954741063633;15;2560;3775;1215;81.0;True
veh623;highEmissions;941.7134466927608;6;2563;3777;1214;202.33333333333334;True
veh625;dieselEuroSix;5591.513422924462;2;2566;3778;1212;606.0;True
veh626;hovDieselEuroSix;3840.2390722393666;9;2566;3883;1317;146.33333333333334;True
veh627;normalVehicle;916.1718139475049;13;2572;3914;1342;103.23076923076923;True
veh628;normalVehicle;1060.737773303134;11;2575;3916;1341;121.9090909090909;True
veh629;dieselEuroSix;3849.0728848174826;7;2576;3911;1335;190.71428571428572;True
veh630;dieselEuroSix;3954.9855678710096;15;2579;3741;1162;77.46666666666667;True
veh631;dieselEuroSix;5776.442088748559;11;2584;3885;1301;118.27272727272727;True
veh632;eVehicle;0.0;11;2587;3913;1326;120.54545454545455;True
veh633;dieselEuroSix;3933.929093938608;13;2588;3778;1190;91.53846153846153;True
veh634;eVehicle;0.0;9;2600;3914;1314;146.0;True
veh635;normalVehicle;1208.1111355465302;14;2603;3918;1315;93.92857142857143;True
veh636;highEmissions;1036.9511567593606;9;2608;3919;1311;145.66666666666666;True
veh637;eVehicle;0.0;3;2612;3823;1211;403.6666666666667;True
veh638;highEmissions;1118.2427102689198;16;2614;3921;1307;81.6875;True
veh639;dieselEuroSix;5481.017732854425;1;2617;3923;1306;1306.0;True
veh640;dieselEuroSix;3869.7509216120825;18;2617;3907;1290;71.66666666666667;True
veh641;normalVehicle;844.6892050380087;2;2621;3748;1127;563.5;True
veh642;hovDieselEuroSix;3070.9412924474063;12;2628;3780;1152;96.0;True
veh643;normalVehicle;877.5777435285402;8;2631;3881;1250;156.25;True
veh644;hovDieselEuroSix;2771.9565964576896;3;2631;3950;1319;439.6666666666667;True
veh645;highEmissions;832.9217592835817;2;2634;4059;1425;712.5;True
veh646;normalVehicle;1246.6852207542536;1;2640;3924;1284;1284.0;True
veh647;eVehicle;0.0;8;2650;3926;1276;159.5;True
veh648;highEmissions;726.0568179342658;7;2656;3908;1252;178.85714285714286;True
veh649;hovDieselEuroSix;3037.995073526318;1;2659;4152;1493;1493.0;True
veh650;dieselEuroSix;3767.930129386838;20;2661;3810;1149;57.45;True
veh651;gasolineEuroSix;555.33055351957;5;2663;3864;1201;240.2;True
veh652;gasolineEuroSix;551.4992815352342;8;2664;3891;1227;153.375;True
veh653;gasolineEuroSix;579.1012238881765;5;2669;4044;1375;275.0;True
veh654;gasolineEuroSix;669.3595120578174;16;2672;4046;1374;85.875;True
veh656;gasolineEuroSix;689.4367574311493;4;2674;3886;1212;303.0;True
veh655;hovDieselEuroSix;4159.418822650546;19;2675;4048;1373;72.26315789473684;True
veh657;normalVehicle;839.046714543806;7;2677;3832;1155;165.0;True
veh658;gasolineEuroSix;586.745431304155;15;2680;4051;1371;91.4;True
veh660;hovDieselEuroSix;3275.0224610401337;9;2681;3928;1247;138.55555555555554;True
veh659;hovDieselEuroSix;2953.6886180527463;12;2683;4142;1459;121.58333333333333;True
veh661;hovDieselEuroSix;2743.1789846932725;6;2684;3812;1128;188.0;True
veh662;eVehicle;0.0;20;2694;4143;1449;72.45;True
veh663;highEmissions;833.2592780485295;20;2695;3813;1118;55.9;True
veh664;eVehicle;0.0;4;2697;3930;1233;308.25;True
veh665;dieselEuroSix;4841.8721968085;6;2700;3932;1232;205.33333333333334;True
veh666;gasolineEuroSix;676.0644692158769;10;2700;4154;1454;145.4;True
veh667;highEmissions;1105.6846320540826;4;2705;4156;1451;362.75;True
veh668;gasolineEuroSix;769.5466109037078;19;2708;4158;1450;76.3157894736842;True
veh669;dieselEuroSix;5782.436742423985;1;2708;4049;1341;1341.0;True
veh670;hovDieselEuroSix;4712.793132431141;10;2715;4159;1444;144.4;True
veh671;eVehicle;0.0;19;2717;4060;1343;70.6842105263158;True
veh672;hovDieselEuroSix;2860.118558858208;13;2721;4080;1359;104.53846153846153;True
veh673;hovDieselEuroSix;2629.531826327459;13;2723;3895;1172;90.15384615384616;True
veh674;dieselEuroSix;5587.320996552432;7;2726;4161;1435;205.0;True
veh676;dieselEuroSix;5753.882528284418;3;2727;4145;1418;472.6666666666667;True
veh675;hovDieselEuroSix;4581.8581972145375;19;2729;4163;1434;75.47368421052632;True
veh677;hovDieselEuroSix;3684.660739792182;8;2737;4062;1325;165.625;True
veh678;highEmissions;1115.4181786843262;4;2739;4147;1408;352.0;True
veh679;hovDieselEuroSix;4364.709778352898;10;2741;4149;1408;140.8;True
veh680;eVehicle;0.0;20;2744;4150;1406;70.3;True
veh681;normalVehicle;1327.7208125477332;4;2746;4064;1318;329.5;True
veh682;dieselEuroSix;5213.8598205410635;19;2749;4066;1317;69.3157894736842;True
veh683;highEmissions;721.1721438199672;2;2753;3991;1238;619.0;True
veh684;dieselEuroSix;3805.535403163938;12;2764;4072;1308;109.0;True
veh685;hovDieselEuroSix;3425.891843797421;18;2767;4073;1306;72.55555555555556;True
veh686;hovDieselEuroSix;2871.3145359965392;14;2770;4125;1355;96.78571428571429;True
veh687;hovDieselEuroSix;2880.9128053515346;12;2774;3897;1123;93.58333333333333;True
veh688;gasolineEuroSix;603.4581199947394;3;2782;4314;1532;510.6666666666667;True
veh689;eVehicle;0.0;17;2784;4067;1283;75.47058823529412;True
veh690;dieselEuroSix;3795.4511498064776;11;2787;4124;1337;121.54545454545455;True
veh691;eVehicle;0.0;1;2791;4126;1335;1335.0;True
veh693;hovDieselEuroSix;3804.852104026662;14;2792;4316;1524;108.85714285714286;True
veh692;hovDieselEuroSix;4065.0869783904704;16;2793;4128;1335;83.4375;True
veh695;gasolineEuroSix;543.1758499674231;4;2794;3914;1120;280.0;True
veh694;highEmissions;1185.2946129817185;14;2795;4318;1523;108.78571428571429;True
veh696;normalVehicle;1394.4854576311393;12;2797;4129;1332;111.0;True
veh697;dieselEuroSix;3805.397197373609;15;2798;4015;1217;81.13333333333334;True
veh698;highEmissions;1221.8558776776158;5;2804;4165;1361;272.2;True
veh699;dieselEuroSix;4806.086724229379;14;2813;4082;1269;90.64285714285714;True
veh700;dieselEuroSix;5868.279296008475;6;2819;4166;1347;224.5;True
veh701;eVehicle;0.0;17;2822;4113;1291;75.94117647058823;True
veh702;hovDieselEuroSix;4508.986118237575;9;2823;4319;1496;166.22222222222223;True
veh703;hovDieselEuroSix;2717.2804165118127;20;2826;4040;1214;60.7;True
veh704;dieselEuroSix;3794.5809435532824;18;2829;4068;1239;68.83333333333333;True
veh705;hovDieselEuroSix;3314.3121768078454;16;2832;4127;1295;80.9375;True
veh706;normalVehicle;1057.5781588351908;15;2833;4069;1236;82.4;True
veh707;normalVehicle;1113.157220969411;14;2834;4115;1281;91.5;True
veh708;eVehicle;0.0;19;2836;4084;1248;65.6842105263158;True
veh709;dieselEuroSix;3973.8898908583274;9;2838;4361;1523;169.22222222222223;True
veh710;dieselEuroSix;5142.337654726595;11;2841;4363;1522;138.36363636363637;True
veh711;gasolineEuroSix;759.9718291960478;8;2846;4131;1285;160.625;True
veh712;normalVehicle;1276.0798551296007;3;2848;4168;1320;440.0;True
veh713;normalVehicle;1536.512962343722;9;2849;4321;1472;163.55555555555554;True
veh714;normalVehicle;1522.2200099748998;15;2852;4323;1471;98.06666666666666;True
veh715;highEmissions;1138.5385663374443;8;2854;4133;1279;159.875;True
veh716;dieselEuroSix;5073.11013338764;15;2858;4117;1259;83.93333333333334;True
veh717;hovDieselEuroSix;4570.208721948423;19;2869;4134;1265;66.57894736842105;True
veh718;normalVehicle;1344.9441056044634;20;2879;4170;1291;64.55;True
veh719;gasolineEuroSix;767.5426929343838;13;2884;4325;1441;110.84615384615384;True
veh720;hovDieselEuroSix;2820.8074027191756;11;2886;4085;1199;109.0;True
veh721;normalVehicle;878.8352795675532;1;2890;4182;1292;1292.0;True
veh722;dieselEuroSix;3886.456261581065;16;2893;4271;1378;86.125;True
veh723;dieselEuroSix;5121.355860502383;11;2895;4184;1289;117.18181818181819;True
veh724;normalVehicle;1168.1513832380574;6;2897;4273;1376;229.33333333333334;True
veh725;hovDieselEuroSix;2881.6446389920984;16;2911;4309;1398;87.375;True
veh726;hovDieselEuroSix;2666.325228470386;7;2915;4106;1191;170.14285714285714;True
veh727;gasolineEuroSix;589.1217001012362;12;2916;4384;1468;122.33333333333333;True
veh728;normalVehicle;916.0548852647527;9;2918;4108;1190;132.22222222222223;True
veh729;dieselEuroSix;5353.445473158446;11;2925;4185;1260;114.54545454545455;True
veh730;gasolineEuroSix;729.4293665452454;9;2927;4365;1438;159.77777777777777;True
veh731;gasolineEuroSix;767.6583904590191;20;2939;4136;1197;59.85;True
veh732;gasolineEuroSix;558.7177207921397;9;2940;4109;1169;129.88888888888889;True
veh733;normalVehicle;1177.3937045338755;18;2943;4386;1443;80.16666666666667;True
veh734;gasolineEuroSix;550.8579594662375;1;2945;4134;1189;1189.0;True
veh735;dieselEuroSix;3730.3451976313477;17;2946;4151;1205;70.88235294117646;True
veh737;gasolineEuroSix;755.9177574512435;7;2947;4366;1419;202.71428571428572;True
veh736;highEmissions;735.3235134930617;3;2949;4224;1275;425.0;True
veh738;normalVehicle;1034.2466890897483;8;2957;4111;1154;144.25;True
veh739;gasolineEuroSix;589.0905579065059;14;2959;4335;1376;98.28571428571429;True
veh740;dieselEuroSix;5206.813320413621;16;2962;4337;1375;85.9375;True
veh741;normalVehicle;1342.4753135000574;18;2968;4339;1371;76.16666666666667;True
veh742;gasolineEuroSix;747.1030385865681;8;2977;4327;1350;168.75;True
veh743;normalVehicle;1266.6918116032496;16;2983;4388;1405;87.8125;True
veh744;normalVehicle;1205.6314897596096;16;2985;4341;1356;84.75;True
veh745;eVehicle;0.0;15;2989;4368;1379;91.93333333333334;True
veh746;dieselEuroSix;3755.7312921424755;1;2994;4244;1250;1250.0;True
veh747;hovDieselEuroSix;3852.9781027669505;3;2995;4370;1375;458.3333333333333;True
veh748;hovDieselEuroSix;3014.4270135317706;10;2996;4136;1140;114.0;True
veh751;gasolineEuroSix;754.2482882243576;8;2998;4371;1373;171.625;True
veh753;eVehicle;0.0;13;2998;4154;1156;88.92307692307692;True
veh749;normalVehicle;886.367075873871;8;2999;4255;1256;157.0;True
veh754;dieselEuroSix;5781.136527944306;10;3000;4343;1343;134.3;True
veh752;highEmissions;824.2892963006586;19;3001;4374;1373;72.26315789473684;True
veh750;highEmissions;892.3267063994423;12;3002;4257;1255;104.58333333333333;True
veh755;eVehicle;0.0;16;3006;4343;1337;83.5625;True
veh756;dieselEuroSix;3859.604461449315;18;3009;4300;1291;71.72222222222223;True
veh757;eVehicle;0.0;17;3011;4156;1145;67.3529411764706;True
veh758;hovDieselEuroSix;3466.4707441702444;12;3013;4344;1331;110.91666666666667;True
veh759;hovDieselEuroSix;3777.0889054639388;14;3017;4346;1329;94.92857142857143;True
veh760;normalVehicle;1399.8490086118923;18;3019;4344;1325;73.61111111111111;True
veh761;eVehicle;0.0;11;3021;4157;1136;103.27272727272727;True
veh762;gasolineEuroSix;663.9939026659054;12;3022;4302;1280;106.66666666666667;True
veh763;gasolineEuroSix;681.4008829580297;15;3035;4259;1224;81.6;True
veh764;dieselEuroSix;5919.414705801398;9;3037;4348;1311;145.66666666666666;True
veh765;gasolineEuroSix;553.2709901348367;10;3039;4308;1269;126.9;True
veh766;gasolineEuroSix;668.1782693833708;9;3041;4376;1335;148.33333333333334;True
veh767;gasolineEuroSix;620.8069621277648;8;3045;4159;1114;139.25;True
veh768;hovDieselEuroSix;3774.8716520426888;4;3046;4378;1332;333.0;True
veh770;normalVehicle;1033.062559850219;7;3047;4346;1299;185.57142857142858;True
veh771;hovDieselEuroSix;2713.8361939382585;4;3049;4282;1233;308.25;True
veh769;normalVehicle;1162.4785588431137;11;3049;4379;1330;120.9090909090909;True
veh772;eVehicle;0.0;18;3050;4404;1354;75.22222222222223;True
veh773;normalVehicle;1177.2700411529127;6;3054;4405;1351;225.16666666666666;True
veh774;eVehicle;0.0;7;3062;4472;1410;201.42857142857142;True
veh775;hovDieselEuroSix;3591.2633466047027;7;3065;4473;1408;201.14285714285714;True
veh776;normalVehicle;1302.0698257548918;16;3068;4349;1281;80.0625;True
veh777;hovDieselEuroSix;3145.0246064648604;9;3071;4284;1213;134.77777777777777;True
veh778;dieselEuroSix;4072.4461091820585;19;3075;4661;1586;83.47368421052632;True
veh779;dieselEuroSix;5700.7463585616615;17;3076;4407;1331;78.29411764705883;True
veh780;eVehicle;0.0;20;3091;4475;1384;69.2;True
veh781;gasolineEuroSix;787.30936102105;10;3094;4477;1383;138.3;True
veh782;highEmissions;914.4214618196187;4;3104;4674;1570;392.5;True
veh783;gasolineEuroSix;578.8676546419367;7;3108;4468;1360;194.28571428571428;True
veh785;gasolineEuroSix;637.7734399227227;10;3110;4728;1618;161.8;True
veh784;highEmissions;968.5524428518745;8;3111;4470;1359;169.875;True
veh786;eVehicle;0.0;12;3115;4662;1547;128.91666666666666;True
veh787;gasolineEuroSix;567.9711426867327;6;3122;4372;1250;208.33333333333334;True
veh788;gasolineEuroSix;584.9710539976667;10;3123;4351;1228;122.8;True
veh789;gasolineEuroSix;727.4426259428258;1;3124;4471;1347;1347.0;True
veh790;gasolineEuroSix;564.7898199086811;18;3127;4361;1234;68.55555555555556;True
veh791;eVehicle;0.0;5;3128;4473;1345;269.0;True
veh792;dieselEuroSix;4671.624907813051;9;3129;4374;1245;138.33333333333334;True
veh793;highEmissions;746.480347723505;2;3130;4363;1233;616.5;True
veh794;gasolineEuroSix;647.8833862514075;2;3133;4364;1231;615.5;True
veh795;hovDieselEuroSix;2669.451340167247;18;3140;4393;1253;69.61111111111111;True
veh796;dieselEuroSix;5071.249035913138;10;3146;4730;1584;158.4;True
veh797;highEmissions;1166.7894445553804;5;3148;4475;1327;265.4;True
veh798;gasolineEuroSix;566.0517737607239;16;3153;4417;1264;79.0;True
veh799;hovDieselEuroSix;3332.45946253321;4;3156;4479;1323;330.75;True
veh800;eVehicle;0.0;1;3160;4419;1259;1259.0;True
veh801;normalVehicle;1384.7625835914048;19;3162;4732;1570;82.63157894736842;True
veh802;hovDieselEuroSix;2879.395256156445;10;3168;4428;1260;126.0;True
veh803;normalVehicle;1139.5631374986178;16;3170;4676;1506;94.125;True
veh804;normalVehicle;968.5100365008502;16;3171;4375;1204;75.25;True
veh805;eVehicle;0.0;15;3182;4677;1495;99.66666666666667;True
veh806;eVehicle;0.0;11;3183;4480;1297;117.9090909090909;True
veh807;hovDieselEuroSix;3572.568503764803;6;3187;4421;1234;205.66666666666666;True
veh808;gasolineEuroSix;697.3816627473124;2;3188;4664;1476;738.0;True
veh809;hovDieselEuroSix;4260.427418308538;9;3191;4666;1475;163.88888888888889;True
veh810;gasolineEuroSix;566.4603191645818;16;3191;4508;1317;82.3125;True
veh812;eVehicle;0.0;4;3192;4482;1290;322.5;True
veh811;normalVehicle;942.191441836707;3;3194;4623;1429;476.3333333333333;True
veh813;eVehicle;0.0;13;3196;4584;1388;106.76923076923077;True
veh814;normalVehicle;1103.105445719559;16;3197;4377;1180;73.75;True
FOR_DENSITY_DISTRIBUTION
vType;NOx_total;total_time
normalVehicle;1087.8662039222447;1313.086330935252
dieselEuroSix;4740.948677270381;1316.1884057971015
highEmissions;930.877998852723;1330.2716049382716
hovDieselEuroSix;3476.2209586881745;1323.150684931507
gasolineEuroSix;660.0783420337359;1313.606896551724
eVehicle;0.0;1324.078313253012
