HISTORICAL - NO CONTROL ZONE, 
PARAMETERS,
window_size, alpha_ini, p_t_ini, min_packages, max_packages,
60,0.5,75,5,10,
WINDOWS,
step, NOx_total_w, NOx_total_acum, alpha, lambda, p_t_total, e_t_total, p_t_control_zone, e_t_control_zone, num_veh_total, num_vehicles_control_zone,  
0,75,75,0.5,0.8,75,75,75,75,0,0,
60,444.0395844905346,519.0395844905346,0.5,0.995142662609659,481.5395844905346,444.0395844905346,37.5,0,12,0,
120,3296.1674042257464,3815.206988716281,0.5,0.803681975421754,3536.9371964710135,3296.1674042257464,18.75,0,29,0,
180,18228.77521363398,22043.98220235026,0.5353697079699948,1.0707394159399897,20122.34424761688,18228.77521363398,10.038182024437404,0,43,0,
240,33163.428980170305,55207.41118252056,0.6060461530611754,1.1320142773097308,45358.49830201118,33163.428980170305,6.08360159963813,0,62,0,
300,40036.54445425511,95243.95563677567,0.5738345167423268,0.9468495325708353,66064.81640754735,40036.54445425511,3.4909805839811923,0,79,0,
360,50630.23790971128,145874.19354648696,0.5952233330986818,1.037273492152023,89953.5581323641,50630.23790971128,2.077913098980068,0,100,0,
420,59717.472735159165,205591.66628164612,0.5854930343986409,0.9836526927642674,112384.65444103155,59717.472735159165,35.083057218283926,33.8664535727454,116,3,
480,71347.23976307326,276938.9060447194,0.598233641657145,1.0217604762310963,138579.5208557114,71347.23976307326,310.9746658038719,289.98680072371195,134,10,
540,79374.72419405016,356313.6302387696,0.5578259388364089,0.9324549807850921,156677.97551888705,79374.72419405016,4757.563813431858,4584.094078525474,145,23,
600,82558.01344245275,438871.64368122234,0.5,0.8281813892222468,160897.0012018963,82558.01344245275,19099.617505623526,16720.835598907597,158,46,
660,81952.86072476643,520824.5044059888,0.5,0.9091657747274721,162401.36132571456,81952.86072476643,42995.83097389289,33446.022221081126,176,57,
720,85025.87630275014,605850.3807087389,0.5,0.8901496053274408,166226.55696560742,85025.87630275014,61565.19992333329,40067.28443638684,199,85,
780,96619.63472828246,702470.0154370214,0.5033199033898786,1.0066398067797573,180284.76932104415,96619.63472828246,88209.90484556911,57222.914367978425,213,103,
840,101869.86156915425,804339.8770061757,0.5789254472010913,1.1502136976940638,206241.30227188533,101869.86156915425,120159.61324550319,69092.65463521639,229,120,
900,115221.49097068339,919561.3679768591,0.5028586021722302,0.8686068380710875,218931.70394130406,115221.49097068339,140495.09003741597,80071.79488322645,247,133,
960,116911.40741040994,1036472.775387269,0.5036847721529731,1.001642946898341,227183.97282714787,116911.40741040994,154284.14583432442,83518.9084202171,266,139,
1020,128087.04088955643,1164559.8162768255,0.5907592714762175,1.1728749887574508,262298.07916799514,128087.04088955643,166134.88824669964,74990.09865328365,284,142,
1080,135190.56249654025,1299750.3787733656,0.5359391608767902,0.9072039775822048,275766.37494542944,135190.56249654025,150360.16921140585,61321.976612110346,299,135,
1140,142464.0921543413,1442214.470927707,0.5,0.9282903821442657,280347.27962705604,142464.0921543413,125879.4475577833,50699.36295208038,315,142,
1200,147499.0686126413,1589713.539540348,0.5,0.9459567215763572,287672.70842616935,147499.0686126413,98531.33679265111,35591.61301375946,329,141,
1260,169782.9675028009,1759496.507043149,0.5,0.9803634469729168,313619.32171588554,169782.9675028009,82755.4301846287,33489.761788303134,351,127,
1320,181754.81796986176,1941251.3250130108,0.5,0.8042024606074689,338564.47882780456,181754.81796986176,80572.28587661,39194.570784295654,364,127,
1380,191594.5312229708,2132845.8562359815,0.5570271232989532,1.1140542465979064,380184.12891563214,191594.5312229708,78922.274157709,34041.32553824006,376,124,
1440,204507.04750239404,2337352.9037383753,0.5908967195992448,1.0608042138050682,429156.60212233744,204507.04750239404,86662.56399907445,40027.65109597195,387,129,
1500,214142.08349153594,2551494.987229911,0.5475804793899908,0.9266940587542408,449139.861415065,214142.08349153594,94102.07408205725,46647.34574227832,366,140,
1560,218639.26964782682,2770134.256877738,0.5,0.9072255270218991,443209.20035535935,218639.26964782682,101124.26538520481,54073.22834417618,373,139,
1620,208903.21972923397,2979037.476606972,0.5,0.8308427945055665,430507.8199069137,208903.21972923397,106303.89152822335,55741.758835620945,347,133,
1680,191593.96496534348,3170631.4415723155,0.5681437044493476,1.1362874088986952,436184.27256167,191593.96496534348,124692.76020150885,64296.87347128241,354,154,
1740,201262.10940660295,3371893.5509789186,0.650433408934389,1.1448395957582556,484970.9327324566,201262.10940660295,152921.20448222995,71816.86739492424,339,147,
1800,196817.96830133547,3568711.519280254,0.5874634136339613,0.9031876369887087,481720.64795759064,196817.96830133547,172563.15007744776,82727.53727529992,346,148,
1860,208015.0493661521,3776726.568646406,0.602519382195353,1.025628776553518,498261.0765643047,208015.0493661521,196713.19301058294,92740.55043623515,350,149,
1920,207280.43021659058,3984006.998862996,0.5394656505601386,0.8953498700648096,476075.16603414825,207280.43021659058,205540.0652177376,99420.05457652136,360,140,
1980,204679.8448774971,4188686.8437404935,0.5,0.8192789373445616,442717.4278945712,204679.8448774971,216629.92985616007,113859.89724729127,356,147,
2040,202027.41784700062,4390714.261587494,0.5472836233150636,1.0945672466301273,444319.415889867,202027.41784700062,243884.2662503348,125326.25332016744,359,146,
2100,207079.12720679241,4597793.388794286,0.5239928192626319,0.9574428996954956,439899.3105920496,207079.12720679241,247369.3780858596,119575.77383954833,374,153,
2160,207823.789413244,4805617.17820753,0.5631097643061327,1.074651681484007,455535.3865191633,207823.789413244,240537.7911215786,101241.67893109558,374,146,
2220,201800.83837898105,5007418.01658651,0.6552085646170054,1.1635539039610818,500271.5251124548,201800.83837898105,255249.46997638818,97647.04911947361,358,136,
2280,205562.1256984972,5212980.142285008,0.6391620010799566,0.9755092280479748,525316.6747726955,205562.1256984972,240033.76764645817,76888.0056417516,343,124,
2340,194916.05737459363,5407896.199659602,0.7241334581011488,1.1329419722662184,575315.4376759422,194916.05737459363,233475.33922933188,59658.857002454446,351,124,
2400,202353.24195917087,5610249.441618772,0.6615820701384554,0.9136189782934238,582971.6201994322,202353.24195917087,204782.53127272613,50319.43301910664,354,119,
2460,209380.7499719986,5819630.191590771,0.6807886675264653,1.0290313148661818,606261.2224933146,209380.7499719986,179255.3864566661,39841.759858810176,360,122,
2520,210761.2760047504,6030391.467595521,0.6533944797582355,0.9597610990386163,606889.0120733615,210761.2760047504,146943.4519531551,29818.971975440316,366,127,
2580,216242.59650436396,6246634.0640998855,0.7394912902612608,1.131768499995412,665031.735087876,216242.59650436396,141404.7122778866,32741.30939760434,362,141,
2640,185778.94518373485,6432413.00928362,0.7472384075351908,1.0104762792692161,682716.1998711642,185778.94518373485,132960.7221926834,27297.690172183582,358,132,
2700,154010.41287062262,6586423.422154242,0.8133792690486804,1.088513733831829,709317.6164895229,154010.41287062262,144878.34954359138,36730.8545143219,336,130,
2760,123488.54431647496,6709911.966470717,0.9217133466827444,1.1331901140789713,777276.0584720605,123488.54431647496,161668.4484580843,28132.140038388272,334,133,
2820,119163.90614398236,6829075.872614699,0.9243544598594576,1.0028654387898566,837642.497334612,119163.90614398236,181397.56142135971,31958.610070570627,339,125,
2880,113319.23747903158,6942395.110093731,0.9124992927458853,0.9871746525511709,877667.423870762,113319.23747903158,199425.68369783883,33900.537195019795,349,124,
2940,127898.57223400721,7070293.682327739,0.87589553005778,0.9598862563740104,896643.5456797346,127898.57223400721,215789.51735122618,41113.45242157248,357,139,
3000,124389.93477787149,7194683.617105611,0.7587460891601129,0.8662518110008631,804714.718433027,124389.93477787149,205579.96763206067,41850.515260069486,371,131,
3060,130031.2750137398,7324714.892119351,0.6997143933293365,0.9221983524210042,693101.7460252931,130031.2750137398,179674.3044016473,35827.04206931534,370,137,
3120,134391.49140438088,7459106.3835237315,0.6981639511794123,0.997784178566705,618290.1449787491,134391.49140438088,153447.4181244109,28005.295837944355,370,115,
3180,130998.33516210216,7590104.718685834,0.7681513939897816,1.1002449964541123,605938.7719176725,130998.33516210216,151844.40877037626,33973.560633977155,373,125,
3240,139678.0172954957,7729782.735981329,0.661308626569207,0.8609092318824902,540390.5543374036,139678.0172954957,136626.46265372034,36210.445237569555,384,135,
3300,129205.68137323951,7858988.417354569,0.5403724154600162,0.8171259133022446,421217.83051231946,129205.68137323951,108343.66525632315,34514.493616374595,391,130,
3360,138118.02602689867,7997106.443381468,0.5,0.9071892677831496,348726.9412830584,138118.02602689867,94053.83259351808,39881.99996535651,400,147,
3420,141304.23550666467,8138410.678888133,0.5,0.9650600091758204,315667.70614819386,141304.23550666467,94000.85835949643,46973.942062737384,404,155,
3480,144644.09886777788,8283054.7777559105,0.5704328582359935,1.140865716471987,324711.33073869185,144644.09886777788,112597.69044140802,58976.512130763695,396,155,
3540,138538.17051705252,8421592.948272962,0.624424446651656,1.0946502075329707,341295.863535083,138538.17051705252,135223.98146876023,64915.23092062959,406,148,
3600,136288.6657630861,8557881.614036048,0.5754057471778877,0.9214977893056228,332672.26712921297,136288.6657630861,140991.5446181481,63182.88852474727,413,160,
3660,137795.61577122248,8695677.22980727,0.5581045302646999,0.9699321444075895,323461.5151494646,137795.61577122248,140084.48883298368,61396.46905257766,371,157,
3720,127471.59692509471,8823148.826732365,0.5012649312017309,0.8981559977017014,289611.51106289873,127471.59692509471,127984.59457540348,57765.15291810827,370,149,
3780,130999.01931060427,8954147.84604297,0.5127293600430134,1.0228709972066024,279491.34403897444,130999.01931060427,125267.96771189087,59646.508439879726,369,161,
3840,130323.0668359515,9084470.912878921,0.5,0.9320428667158991,270068.7388554387,130323.0668359515,123050.83378202535,60416.84992607991,349,166,
3900,126496.17583448703,9210967.088713408,0.5,0.9354653343836072,261530.5452622064,126496.17583448703,115996.143741037,54470.72685002433,328,169,
3960,120994.71034098296,9331961.79905439,0.5567242836819473,1.1134485673638945,266595.1158130339,120994.71034098296,111546.29102120257,46968.42098710557,311,175,
4020,115386.31109173229,9447348.110146122,0.6583367448200336,1.1825184640160888,290895.6718210049,115386.31109173229,116111.4932189699,42676.471091323256,295,161,
4080,109580.1025951786,9556928.2127413,0.6804938103698119,1.0336561276947034,307532.80673274054,109580.1025951786,126579.16114494156,47566.008696636156,292,166,
4140,104905.42877479926,9661833.6415161,0.5728908436826731,0.8418751720479831,281088.1578840194,104905.42877479926,116598.37290402819,44082.33048305759,262,149,
4200,105221.09209907384,9767054.733615175,0.6078543564468785,1.0610299730738442,276081.75341450307,105221.09209907384,109954.43362993142,39079.60470560022,238,129,
4260,88374.5535406543,9855429.28715583,0.5953597199763321,0.979444687139232,252742.5089440876,88374.5535406543,96019.62953634633,30557.18872027417,214,122,
4320,78477.42313145912,9933906.710287288,0.7115812142847637,1.1952122228105253,258324.2445472707,78477.42313145912,86752.87851506377,18427.11393441728,198,71,
4380,70401.24588666693,10004307.956173955,0.7740243145683683,1.0877525980591947,270350.49220875965,70401.24588666693,80150.64949183822,13001.812162383063,189,50,
4440,66622.22461553448,10070930.18078949,0.8776773492148703,1.1339144426028835,303902.7279762541,66622.22461553448,78918.92833499539,8572.518751148631,180,37,
4500,54512.010634580205,10125442.19142407,0.9483431057250161,1.0805145040752848,342716.06752188574,54512.010634580205,76021.12625362637,1178.9046559268588,166,16,
4560,50974.15814439068,10176416.34956846,0.9618547211531379,1.0142476023145568,380617.22570535407,50974.15814439068,74253.82652047531,1132.5473260460283,149,13,
4620,48975.064712669264,10225391.41428113,1,1.1587273567312502,429592.29041802336,48975.064712669264,74533.99523900978,280.16871853446895,140,9,
4680,45296.779635474326,10270688.193916604,1,1.1326468258832036,474889.0700534977,45296.779635474326,74535.05531580093,1.0600767911465463,114,1,
4740,29648.278314177773,10300336.47223078,0.9165303550457317,0.9165303550457317,464898.52629764733,29648.278314177773,68313.64071194427,0,92,0,
4800,22586.789043707646,10322923.261274489,0.7907940835084137,0.862812758088035,390225.79307166784,22586.789043707646,54022.02289792503,0,48,0,
4860,12978.675445905928,10335901.936720395,0.7497840934681683,0.9481407475150779,305563.76795204345,12978.675445905928,40504.853465837354,0,31,0,
4920,4896.761074502172,10340798.697794897,0.7561055749170704,1.0084310690290343,235935.22951570828,4896.761074502172,30625.945516718646,0,13,0,
4980,1148.9147538220593,10341947.61254872,0.6343363114564018,0.8389520359322515,150811.19798743603,1148.9147538220593,19427.14931394003,0,13,0,
5040,1155.2669882576213,10343102.879536977,0.5951036982146632,0.9381517145823441,90903.56864276457,1155.2669882576213,11561.16840249417,0,13,0,
5100,975.8144749335174,10344078.69401191,0.6129343533305732,1.029962265684792,56693.73453642779,975.8144749335174,7086.23727852862,0,5,0,
5160,87.30114510268166,10344165.995157013,0.5010308349219408,0.8174298474207405,28492.61029473197,87.30114510268166,3550.423380116176,0,2,0,
VEHICLES,
id, vType, NOx_total_veh, n_packages, step_ini, step_fin, total_time(sec),median_package,
veh526,eVehicle,0.0,10,1919,3210,1291,129.1,
veh511,eVehicle,0.0,8,1860,3063,1203,150.375,
veh515,gasolineEuroSix,590.5606975606976,6,1870,3190,1320,220.0,
veh512,normalVehicle,1296.3107443679244,6,1861,3241,1380,230.0,
veh510,hovGasolinaEuroSix,3568.39568788532,7,1847,3168,1321,188.71428571428572,
veh514,hovGasolinaEuroSix,3318.920893642222,5,1867,3046,1179,235.8,
veh516,hovGasolinaEuroSix,2971.3639680471815,8,1882,3202,1320,165.0,
veh518,dieselEuroSix,5213.005016351067,6,1888,3207,1319,219.83333333333334,
veh513,gasolineEuroSix,716.417656586085,9,1863,3084,1221,135.66666666666666,
veh519,dieselEuroSix,5206.761007260157,9,1889,3212,1323,147.0,
veh517,eVehicle,0.0,5,1885,3205,1320,264.0,
veh36,dieselEuroSix,5210.724795311258,6,157,1577,1420,236.66666666666666,
veh534,gasolineEuroSix,566.9949497684739,7,1951,3100,1149,164.14285714285714,
veh522,gasolineEuroSix,569.0160882274291,10,1898,3288,1390,139.0,
veh0,gasolineEuroSix,568.4563843217602,6,2,1142,1140,190.0,
veh523,eVehicle,0.0,8,1903,3605,1702,212.75,
veh520,normalVehicle,915.9773625673467,7,1890,3064,1174,167.71428571428572,
veh521,gasolineEuroSix,755.3071179140285,9,1891,3604,1713,190.33333333333334,
veh527,dieselEuroSix,5864.913093498168,6,1920,3607,1687,281.1666666666667,
veh1,highEmissions,794.2266545150286,9,5,1304,1299,144.33333333333334,
veh530,hovGasolinaEuroSix,3914.66702022117,8,1929,3245,1316,164.5,
veh537,eVehicle,0.0,10,1966,3391,1425,142.5,
veh524,highEmissions,953.084081826088,10,1909,3209,1300,130.0,
veh4,eVehicle,0.0,5,16,1173,1157,231.4,
veh525,dieselEuroSix,3864.679510140503,10,1915,3086,1171,117.1,
veh587,gasolineEuroSix,687.8776505782808,5,2136,3440,1304,260.8,
veh528,dieselEuroSix,5661.119720303873,8,1922,3212,1290,161.25,
veh529,eVehicle,0.0,10,1926,3243,1317,131.7,
veh539,gasolineEuroSix,716.7518472844064,7,1974,3248,1274,182.0,
veh531,hovGasolinaEuroSix,3737.5817319492717,6,1942,3247,1305,217.5,
veh532,hovGasolinaEuroSix,2899.5106313925276,10,1945,3193,1248,124.8,
veh533,dieselEuroSix,5917.044720698509,8,1948,3609,1661,207.625,
veh2,hovGasolinaEuroSix,3582.538477034739,5,8,1305,1297,259.4,
veh543,eVehicle,0.0,9,1987,3330,1343,149.22222222222223,
veh541,gasolineEuroSix,717.7796273206242,6,1980,3252,1272,212.0,
veh6,highEmissions,748.7759060974953,8,23,1177,1154,144.25,
veh535,eVehicle,0.0,9,1953,3359,1406,156.22222222222223,
veh5,eVehicle,0.0,8,20,1479,1459,182.375,
veh274,dieselEuroSix,3946.897314568567,7,991,2398,1407,201.0,
veh536,eVehicle,0.0,9,1955,3239,1284,142.66666666666666,
veh3,highEmissions,1072.6732271126916,7,11,1307,1296,185.14285714285714,
veh538,hovGasolinaEuroSix,2708.589834612887,10,1968,3251,1283,128.3,
veh14,dieselEuroSix,4586.773131006107,9,72,1319,1247,138.55555555555554,
veh546,normalVehicle,1321.527235854249,6,1992,3394,1402,233.66666666666666,
veh7,highEmissions,761.5744042270704,8,26,1380,1354,169.25,
veh540,highEmissions,1093.26502424613,10,1976,3250,1274,127.4,
veh542,hovGasolinaEuroSix,2643.3066020045,5,1985,3157,1172,234.4,
veh290,dieselEuroSix,6094.99481637745,5,1049,2569,1520,304.0,
veh544,gasolineEuroSix,587.5354174989698,10,1988,3184,1196,119.6,
veh9,normalVehicle,914.8529304680687,8,36,1438,1402,175.25,
veh547,eVehicle,0.0,9,1996,3332,1336,148.44444444444446,
veh11,eVehicle,0.0,5,52,1480,1428,285.6,
veh550,gasolineEuroSix,592.4373024043663,7,2020,3268,1248,178.28571428571428,
veh545,normalVehicle,1194.8032393976464,7,1989,3392,1403,200.42857142857142,
veh8,normalVehicle,953.3769338721469,10,33,1318,1285,128.5,
veh275,hovGasolinaEuroSix,3294.413605002385,9,993,2257,1264,140.44444444444446,
veh10,normalVehicle,1148.732647277613,6,48,1440,1392,232.0,
veh557,dieselEuroSix,5444.9917051296125,10,2040,3611,1571,157.1,
veh24,eVehicle,0.0,5,108,1574,1466,293.2,
veh548,highEmissions,882.1190369886278,6,2004,3253,1249,208.16666666666666,
veh552,eVehicle,0.0,7,2024,3265,1241,177.28571428571428,
veh558,gasolineEuroSix,589.4212437865289,9,2048,3269,1221,135.66666666666666,
veh13,highEmissions,1059.1531255427617,8,65,1384,1319,164.875,
veh277,normalVehicle,1263.8927742779745,7,1003,2402,1399,199.85714285714286,
veh551,normalVehicle,919.1587702129167,10,2021,3376,1355,135.5,
veh549,gasolineEuroSix,540.2730888548598,7,2015,3263,1248,178.28571428571428,
veh555,truck,108174.14197094653,6,2030,3458,1428,238.0,
veh553,gasolineEuroSix,580.306873714165,7,2027,3456,1429,204.14285714285714,
veh320,hovGasolinaEuroSix,2911.161010296095,6,1155,2262,1107,184.5,
veh12,hovGasolinaEuroSix,3500.303534817375,8,62,1382,1320,165.0,
veh554,gasolineEuroSix,655.1212627806304,9,2026,3396,1370,152.22222222222223,
veh18,normalVehicle,1150.281570713159,7,83,1442,1359,194.14285714285714,
veh563,dieselEuroSix,5029.910730207185,9,2063,3334,1271,141.22222222222223,
veh561,hovGasolinaEuroSix,3973.197346163414,9,2061,3613,1552,172.44444444444446,
veh17,hovGasolinaEuroSix,3663.871947454908,8,83,1457,1374,171.75,
veh556,gasolineEuroSix,732.2714963433897,10,2036,3398,1362,136.2,
veh15,dieselEuroSix,3814.0905769550895,5,74,1363,1289,257.8,
veh559,normalVehicle,956.4004652000201,5,2051,3348,1297,259.4,
veh16,gasolineEuroSix,600.7384211620754,10,80,1455,1375,137.5,
veh278,normalVehicle,1020.0502578377017,8,1009,2279,1270,158.75,
veh20,gasolineEuroSix,749.3470830603018,6,86,1443,1357,226.16666666666666,
veh562,normalVehicle,1375.2284884136047,9,2064,3614,1550,172.22222222222223,
veh21,normalVehicle,1417.7088510423969,9,89,1445,1356,150.66666666666666,
veh568,dieselEuroSix,4898.560292362252,8,2080,3617,1537,192.125,
veh19,eVehicle,0.0,10,85,1131,1046,104.6,
veh560,gasolineEuroSix,672.8405254364038,5,2057,3360,1303,260.6,
veh26,truck,103677.94944314618,10,113,1487,1374,137.4,
veh573,dieselEuroSix,3773.299660109472,8,2093,3374,1281,160.125,
veh32,gasolineEuroSix,587.5190592634743,8,148,1352,1204,150.5,
veh283,eVehicle,0.0,8,1020,2283,1263,157.875,
veh580,hovGasolinaEuroSix,2890.9662910206316,9,2117,3392,1275,141.66666666666666,
veh22,normalVehicle,865.6670433179397,5,92,1314,1222,244.4,
veh564,normalVehicle,1002.0784635340908,8,2065,3517,1452,181.5,
veh23,eVehicle,0.0,7,95,1441,1346,192.28571428571428,
veh565,eVehicle,0.0,6,2070,3335,1265,210.83333333333334,
veh27,truck,122319.68949052128,5,112,1447,1335,267.0,
veh566,eVehicle,0.0,6,2075,3378,1303,217.16666666666666,
veh567,normalVehicle,1157.5623293694275,7,2076,3350,1274,182.0,
veh25,eVehicle,0.0,5,109,1485,1376,275.2,
veh279,dieselEuroSix,5714.7083391071155,6,1010,2565,1555,259.1666666666667,
veh569,eVehicle,0.0,6,2081,3472,1391,231.83333333333334,
veh31,highEmissions,1098.104439791096,6,136,1490,1354,225.66666666666666,
veh570,highEmissions,986.2638939025178,9,2084,3474,1390,154.44444444444446,
veh37,truck,84640.9487500792,8,157,1365,1208,151.0,
veh572,dieselEuroSix,5767.016252975178,5,2090,3399,1309,261.8,
veh33,gasolineEuroSix,758.3232870891268,10,151,1462,1311,131.1,
veh586,eVehicle,0.0,10,2133,3438,1305,130.5,
veh28,normalVehicle,1179.3061150314459,9,118,1488,1370,152.22222222222223,
veh571,eVehicle,0.0,10,2086,3352,1266,126.6,
veh574,eVehicle,0.0,10,2094,3437,1343,134.3,
veh280,hovGasolinaEuroSix,3292.0962727104165,7,1011,2259,1248,178.28571428571428,
veh30,normalVehicle,1273.7771274965883,10,135,1460,1325,132.5,
veh576,hovGasolinaEuroSix,3870.1535291704777,7,2104,3377,1273,181.85714285714286,
veh29,eVehicle,0.0,8,125,1459,1334,166.75,
veh300,eVehicle,0.0,9,1083,2248,1165,129.44444444444446,
veh575,dieselEuroSix,4707.439693092785,10,2101,3375,1274,127.4,
veh577,hovGasolinaEuroSix,3317.598203373265,8,2110,3379,1269,158.625,
veh579,dieselEuroSix,5346.367979927253,6,2113,3619,1506,251.0,
veh276,hovGasolinaEuroSix,3281.599837068837,6,999,2400,1401,233.5,
veh35,gasolineEuroSix,761.335459662044,9,154,1492,1338,148.66666666666666,
veh582,normalVehicle,879.0278736424948,5,2124,3427,1303,260.6,
veh40,hovGasolinaEuroSix,3661.276792963968,6,164,1449,1285,214.16666666666666,
veh578,gasolineEuroSix,675.3836152301185,9,2112,3401,1289,143.22222222222223,
veh34,truck,106813.29155442648,5,153,1576,1423,284.6,
veh584,gasolineEuroSix,802.9042369056602,5,2128,3622,1494,298.8,
veh39,hovGasolinaEuroSix,2770.1024777211874,9,163,1494,1331,147.88888888888889,
veh581,hovGasolinaEuroSix,3429.1076812152355,10,2121,3381,1260,126.0,
veh38,eVehicle,0.0,8,160,1443,1283,160.375,
veh583,gasolineEuroSix,766.6781518396167,9,2125,3620,1495,166.11111111111111,
veh281,highEmissions,884.3026687250297,10,1013,2238,1225,122.5,
veh41,truck,117364.96874812245,7,172,1579,1407,201.0,
veh585,dieselEuroSix,4841.538058825477,7,2130,3519,1389,198.42857142857142,
veh666,gasolineEuroSix,747.5592582778254,9,2475,3822,1347,149.66666666666666,
veh769,hovGasolinaEuroSix,3537.5254286418353,10,2823,4131,1308,130.8,
veh667,eVehicle,0.0,10,2476,3816,1340,134.0,
veh748,dieselEuroSix,6380.353162947494,6,2749,4164,1415,235.83333333333334,
veh694,dieselEuroSix,4589.244701097599,10,2579,3872,1293,129.3,
veh285,dieselEuroSix,4901.810460533915,10,1029,2243,1214,121.4,
veh756,eVehicle,0.0,9,2784,4166,1382,153.55555555555554,
veh669,eVehicle,0.0,9,2487,3889,1402,155.77777777777777,
veh747,normalVehicle,1352.6019550150056,7,2746,4163,1417,202.42857142857142,
veh672,hovGasolinaEuroSix,2965.0218507412624,5,2501,3864,1363,272.6,
veh746,eVehicle,0.0,9,2745,4117,1372,152.44444444444446,
veh668,normalVehicle,1159.9359713883046,7,2482,3817,1335,190.71428571428572,
veh754,hovGasolinaEuroSix,3343.4890711198245,5,2774,4103,1329,265.8,
veh671,eVehicle,0.0,7,2488,3643,1155,165.0,
veh749,highEmissions,723.3642821355837,8,2753,4006,1253,156.625,
veh670,dieselEuroSix,5926.169440068018,5,2490,3891,1401,280.2,
veh282,gasolineEuroSix,575.29721226677,5,1015,2281,1266,253.2,
veh751,hovGasolinaEuroSix,3706.9710398414245,6,2767,4009,1242,207.0,
veh674,gasolineEuroSix,580.5129844083725,10,2503,3853,1350,135.0,
veh753,truck,101003.11989891934,9,2771,4007,1236,137.33333333333334,
veh676,truck,130714.76395167713,7,2515,3896,1381,197.28571428571428,
veh750,dieselEuroSix,4800.090012079041,8,2764,4008,1244,155.5,
veh677,normalVehicle,1307.8393178655106,9,2519,3898,1379,153.22222222222223,
veh752,hovGasolinaEuroSix,3035.03906088533,8,2770,4139,1369,171.125,
veh673,dieselEuroSix,5946.132123420796,8,2502,3893,1391,173.875,
veh761,highEmissions,1084.253895652619,7,2795,4129,1334,190.57142857142858,
veh678,dieselEuroSix,3751.244327230864,7,2515,3718,1203,171.85714285714286,
veh755,gasolineEuroSix,593.580201341177,7,2782,4125,1343,191.85714285714286,
veh675,eVehicle,0.0,8,2512,3894,1382,172.75,
veh757,dieselEuroSix,6164.899813265233,5,2787,4168,1381,276.2,
veh680,dieselEuroSix,5320.269385036503,10,2530,3824,1294,129.4,
veh773,normalVehicle,1255.626080151904,10,2833,4159,1326,132.6,
veh696,eVehicle,0.0,6,2587,3914,1327,221.16666666666666,
veh762,gasolineEuroSix,653.2438739913824,5,2794,4105,1311,262.2,
veh679,gasolineEuroSix,556.8800658573598,10,2522,3730,1208,120.8,
veh758,eVehicle,0.0,10,2790,4170,1380,138.0,
veh681,dieselEuroSix,5011.634989423571,9,2531,3825,1294,143.77777777777777,
veh289,dieselEuroSix,5563.988139931856,6,1038,2245,1207,201.16666666666666,
veh759,hovGasolinaEuroSix,4250.847812511676,8,2793,4172,1379,172.375,
veh690,hovGasolinaEuroSix,3893.3827666865104,7,2566,4101,1535,219.28571428571428,
veh760,hovGasolinaEuroSix,3674.6166004884944,9,2792,4127,1335,148.33333333333334,
veh824,highEmissions,933.173262940178,8,3002,4270,1268,158.5,
veh682,hovGasolinaEuroSix,3374.433231294775,8,2534,3827,1293,161.625,
veh768,eVehicle,0.0,6,2822,4011,1189,198.16666666666666,
veh683,highEmissions,897.4940099617654,5,2542,3829,1287,257.4,
veh766,dieselEuroSix,4387.869770238836,5,2813,4009,1196,239.2,
veh685,eVehicle,0.0,8,2557,3900,1343,167.875,
veh763,normalVehicle,1472.6352038642858,5,2796,4173,1377,275.4,
veh698,eVehicle,0.0,9,2600,3915,1315,146.11111111111111,
veh284,gasolineEuroSix,625.8132961154162,7,1026,2628,1602,228.85714285714286,
veh684,gasolineEuroSix,604.2033955553173,10,2552,3870,1318,131.8,
veh764,dieselEuroSix,5667.897034913118,10,2798,4106,1308,130.8,
veh686,gasolineEuroSix,572.9053989948052,6,2560,3907,1347,224.5,
veh765,highEmissions,776.9137106359688,8,2804,4080,1276,159.5,
veh688,normalVehicle,1026.842330592969,8,2559,4099,1540,192.5,
veh770,hovGasolinaEuroSix,2935.909969874083,5,2826,4108,1282,256.4,
veh687,highEmissions,963.9879697880596,9,2563,3908,1345,149.44444444444446,
veh767,dieselEuroSix,4992.031233967216,6,2819,4082,1263,210.5,
veh689,dieselEuroSix,5844.608355674106,5,2566,3910,1344,268.8,
veh771,dieselEuroSix,4633.105936763165,8,2829,4158,1329,166.125,
veh692,normalVehicle,1248.3705352692875,9,2575,3867,1292,143.55555555555554,
veh774,normalVehicle,924.3912218671502,7,2834,4241,1407,201.0,
veh700,highEmissions,958.4277335586319,8,2608,3871,1263,157.875,
veh780,normalVehicle,1160.6263876794264,6,2848,4083,1235,205.83333333333334,
veh691,normalVehicle,1157.4977768239635,10,2572,3866,1294,129.4,
veh778,truck,85270.97239714465,9,2841,4195,1354,150.44444444444446,
veh693,dieselEuroSix,5359.770743297529,10,2576,3912,1336,133.6,
veh772,hovGasolinaEuroSix,3019.3427879178607,10,2832,4198,1366,136.6,
veh777,dieselEuroSix,6014.794052773651,6,2841,4201,1360,226.66666666666666,
veh287,hovGasolinaEuroSix,4184.59223039231,8,1036,2567,1531,191.375,
veh705,dieselEuroSix,4830.8643635621675,10,2617,3873,1256,125.6,
veh782,normalVehicle,1031.5733812769463,7,2852,4434,1582,226.0,
veh704,dieselEuroSix,4455.5163512231575,6,2621,3911,1290,215.0,
veh781,normalVehicle,1193.341782893535,7,2849,4132,1283,183.28571428571428,
veh695,dieselEuroSix,5939.507989336149,9,2584,4103,1519,168.77777777777777,
veh775,eVehicle,0.0,9,2836,4011,1175,130.55555555555554,
veh697,dieselEuroSix,3757.356733429506,8,2588,3806,1218,152.25,
veh784,dieselEuroSix,5034.237857823564,5,2858,4243,1385,277.0,
veh699,normalVehicle,1280.8299243581455,9,2603,3869,1266,140.66666666666666,
veh286,dieselEuroSix,5813.357266555366,9,1031,2655,1624,180.44444444444446,
veh779,gasolineEuroSix,718.0676959399594,6,2846,4175,1329,221.5,
veh701,eVehicle,0.0,10,2612,3904,1292,129.2,
veh776,dieselEuroSix,5177.983224782939,7,2838,4199,1361,194.42857142857142,
veh703,truck,99404.53980770902,7,2617,3909,1292,184.57142857142858,
veh823,normalVehicle,940.7272964039142,10,2999,4269,1270,127.0,
veh712,eVehicle,0.0,10,2650,3914,1264,126.4,
veh786,truck,115496.10943856614,9,2874,4435,1561,173.44444444444446,
veh702,highEmissions,791.9129831986553,10,2614,3907,1293,129.3,
veh785,hovGasolinaEuroSix,3127.1393550482903,10,2869,4489,1620,162.0,
veh707,hovGasolinaEuroSix,2653.1917647675473,9,2628,3831,1203,133.66666666666666,
veh791,normalVehicle,1003.0469743565458,5,2890,4110,1220,244.0,
veh848,truck,109351.97861680586,10,3053,4443,1390,139.0,
veh719,gasolineEuroSix,591.12193617372,9,2672,4001,1329,147.66666666666666,
veh783,highEmissions,785.8912055032256,5,2854,4213,1359,271.8,
veh710,highEmissions,1052.66425282841,6,2634,4157,1523,253.83333333333334,
veh787,truck,111827.74189867212,10,2877,4491,1614,161.4,
veh708,normalVehicle,1041.8308812252553,10,2631,3833,1202,120.2,
veh789,gasolineEuroSix,723.9419288917403,9,2884,4437,1553,172.55555555555554,
veh709,hovGasolinaEuroSix,3003.93206760388,9,2631,4156,1525,169.44444444444446,
veh795,hovGasolinaEuroSix,3770.5557591545667,10,2911,4248,1337,133.7,
veh304,eVehicle,0.0,7,1094,2348,1254,179.14285714285714,
veh732,gasolineEuroSix,593.178766977571,8,2700,3889,1189,148.625,
veh792,dieselEuroSix,5357.231031670783,6,2893,4244,1351,225.16666666666666,
veh706,normalVehicle,861.5228114469895,8,2621,3808,1187,148.375,
veh788,normalVehicle,945.6269092155013,7,2879,4107,1228,175.42857142857142,
veh713,highEmissions,944.012749039153,8,2656,3875,1219,152.375,
veh794,normalVehicle,1318.4562862452717,10,2897,4246,1349,134.9,
veh799,normalVehicle,863.0046327551482,7,2918,4204,1286,183.71428571428572,
veh711,normalVehicle,1214.4558050146159,7,2640,3913,1273,181.85714285714286,
veh790,hovGasolinaEuroSix,3183.782646229529,10,2886,4197,1311,131.1,
veh296,dieselEuroSix,4821.396338332564,6,1071,2286,1215,202.5,
veh720,hovGasolinaEuroSix,3722.4935011689076,10,2675,4002,1327,132.7,
veh807,dieselEuroSix,5876.7624734683,9,2946,4494,1548,172.0,
veh804,gasolineEuroSix,620.3808867328887,9,2940,4206,1266,140.66666666666666,
veh714,hovGasolinaEuroSix,2892.695791533496,9,2659,3888,1229,136.55555555555554,
veh793,dieselEuroSix,3832.7287055784595,7,2895,4120,1225,175.0,
veh717,gasolineEuroSix,630.0953797418179,7,2664,3835,1171,167.28571428571428,
veh796,truck,116838.39644847022,10,2915,4250,1335,133.5,
veh715,dieselEuroSix,4304.659819871833,8,2661,3810,1149,143.625,
veh798,gasolineEuroSix,690.0975675935447,7,2919,4252,1333,190.42857142857142,
veh299,normalVehicle,1161.522465852743,7,1081,2288,1207,172.42857142857142,
veh716,gasolineEuroSix,609.6281187483171,8,2663,3912,1249,156.125,
veh797,hovGasolinaEuroSix,3533.0589615427266,9,2915,4161,1246,138.44444444444446,
veh718,gasolineEuroSix,680.2881670384967,9,2669,3913,1244,138.22222222222223,
veh803,gasolineEuroSix,714.5207188811615,8,2939,4493,1554,194.25,
veh721,gasolineEuroSix,744.7096328066666,10,2674,4105,1431,143.1,
veh805,normalVehicle,1315.8506591129192,8,2943,4254,1311,163.875,
veh725,hovGasolinaEuroSix,3056.2000128887958,8,2681,4101,1420,177.5,
veh802,truck,92374.46009523762,6,2936,4205,1269,211.5,
veh723,gasolineEuroSix,808.185560485417,5,2680,4106,1426,285.2,
veh800,dieselEuroSix,3722.9098791109163,9,2925,4152,1227,136.33333333333334,
veh291,hovGasolinaEuroSix,2956.3652923743207,10,1051,2298,1247,124.7,
veh733,highEmissions,784.1813475861809,6,2705,3984,1279,213.16666666666666,
veh801,gasolineEuroSix,707.668677754496,10,2927,4203,1276,127.6,
veh722,normalVehicle,897.2332592284431,10,2677,4053,1376,137.6,
veh306,dieselEuroSix,6010.6061747905005,5,1101,2631,1530,306.0,
veh729,highEmissions,1039.9585695852577,7,2695,4156,1461,208.71428571428572,
veh810,normalVehicle,883.1843670509106,6,2957,4273,1316,219.33333333333334,
veh726,truck,104173.27282903489,10,2682,4055,1373,137.3,
veh814,truck,97608.54268690021,6,2967,4276,1309,218.16666666666666,
veh724,hovGasolinaEuroSix,4930.529600242347,6,2683,4108,1425,237.5,
veh813,truck,93139.76009215285,10,2962,4275,1313,131.3,
veh311,highEmissions,1049.5918949395718,8,1123,2409,1286,160.75,
veh727,hovGasolinaEuroSix,2952.28873268733,10,2684,4154,1470,147.0,
veh822,hovGasolinaEuroSix,3190.4015942235374,7,2996,4200,1204,172.0,
veh826,highEmissions,1067.5758138496658,9,3001,4316,1315,146.11111111111111,
veh745,hovGasolinaEuroSix,4198.59696302182,10,2742,4115,1373,137.3,
veh806,gasolineEuroSix,648.4567595938964,7,2945,4199,1254,179.14285714285714,
veh728,eVehicle,0.0,10,2694,4110,1416,141.6,
veh809,gasolineEuroSix,652.1669030905651,7,2947,4207,1260,180.0,
veh731,dieselEuroSix,6101.189571381366,5,2700,4104,1404,280.8,
veh268,highEmissions,776.5110565961396,8,980,2236,1256,157.0,
veh812,dieselEuroSix,6283.730335411885,9,2962,4500,1538,170.88888888888889,
veh730,eVehicle,0.0,10,2697,4102,1405,140.5,
veh808,highEmissions,1297.6014976995289,10,2949,4496,1547,154.7,
veh737,eVehicle,0.0,6,2717,4159,1442,240.33333333333334,
veh819,eVehicle,0.0,7,2989,4208,1219,174.14285714285714,
veh744,highEmissions,967.1037818408238,8,2739,4113,1374,171.75,
veh811,gasolineEuroSix,754.2802334999576,7,2959,4498,1539,219.85714285714286,
veh735,dieselEuroSix,5360.547272447428,8,2708,4004,1296,162.0,
veh825,gasolineEuroSix,693.2076239978403,6,2998,4314,1316,219.33333333333334,
veh734,gasolineEuroSix,702.5371348062529,10,2708,3986,1278,127.8,
veh736,hovGasolinaEuroSix,2991.406280040678,7,2715,4005,1290,184.28571428571428,
veh815,normalVehicle,1553.5620199921584,10,2968,4501,1533,153.3,
veh294,gasolineEuroSix,721.6119858478171,6,1066,2404,1338,223.0,
veh740,dieselEuroSix,4962.964077005271,5,2726,4006,1280,256.0,
veh816,gasolineEuroSix,747.2706072439573,5,2977,4439,1462,292.4,
veh743,hovGasolinaEuroSix,4081.8230346430682,10,2737,4161,1424,142.4,
veh820,dieselEuroSix,3830.7251794388676,8,2994,4256,1262,157.75,
veh738,hovGasolinaEuroSix,4123.918470576065,5,2721,4006,1285,257.0,
veh817,normalVehicle,1235.0230273472225,9,2983,4255,1272,141.33333333333334,
veh742,dieselEuroSix,6415.223577779209,7,2727,4111,1384,197.71428571428572,
veh818,normalVehicle,1583.852647915316,8,2985,4503,1518,189.75,
veh225,dieselEuroSix,5716.894486136877,10,832,2248,1416,141.6,
veh739,hovGasolinaEuroSix,2849.3338945514843,9,2723,4101,1378,153.11111111111111,
veh827,eVehicle,0.0,5,2998,4368,1370,274.0,
veh295,truck,74649.42565589883,6,1068,2259,1191,198.5,
veh741,hovGasolinaEuroSix,3978.2677836893313,7,2729,4008,1279,182.71428571428572,
veh821,hovGasolinaEuroSix,3008.9830631557834,6,2995,4313,1318,219.66666666666666,
veh51,gasolineEuroSix,556.4228497731159,10,203,1246,1043,104.3,
veh123,normalVehicle,1040.856307401093,10,440,1685,1245,124.5,
veh196,truck,88195.86498072882,9,717,1930,1213,134.77777777777777,
veh46,gasolineEuroSix,583.7121358043651,8,191,1405,1214,151.75,
veh128,hovGasolinaEuroSix,3753.0020678983756,6,469,1932,1463,243.83333333333334,
veh212,normalVehicle,1266.4350455430447,10,777,2184,1407,140.7,
veh43,truck,108399.04921053279,8,182,1452,1270,158.75,
veh116,gasolineEuroSix,648.1415058603504,7,422,1602,1180,168.57142857142858,
veh194,normalVehicle,1226.4113882391348,6,716,2000,1284,214.0,
veh42,normalVehicle,1317.2991625315801,6,175,1451,1276,212.66666666666666,
veh121,truck,109732.86853888752,5,435,1735,1300,260.0,
veh202,normalVehicle,1143.0517451124783,10,744,2114,1370,137.0,
veh45,normalVehicle,1388.2242972418774,5,186,1494,1308,261.6,
veh117,hovGasolinaEuroSix,2897.2185867734283,10,425,1628,1203,120.3,
veh197,eVehicle,0.0,8,718,2103,1385,173.125,
veh44,eVehicle,0.0,7,183,1464,1281,183.0,
veh133,hovGasolinaEuroSix,2895.4943351562606,9,480,1644,1164,129.33333333333334,
veh198,hovGasolinaEuroSix,2957.948020265408,5,720,1851,1131,226.2,
veh53,normalVehicle,1288.7276866485045,7,210,1465,1255,179.28571428571428,
veh118,gasolineEuroSix,567.7231989696187,9,428,1643,1215,135.0,
veh199,normalVehicle,946.3437810799564,8,727,2181,1454,181.75,
veh48,eVehicle,0.0,10,194,1561,1367,136.7,
veh131,gasolineEuroSix,543.6985397676565,8,477,1590,1113,139.125,
veh200,normalVehicle,1170.146803162212,6,739,2154,1415,235.83333333333334,
veh49,hovGasolinaEuroSix,2894.5221458886936,5,197,1610,1413,282.6,
veh119,normalVehicle,1159.103808474347,9,430,1733,1303,144.77777777777777,
veh206,truck,82760.35042649692,9,750,1942,1192,132.44444444444446,
veh50,highEmissions,852.6646877102834,6,202,1618,1416,236.0,
veh120,highEmissions,791.616049977661,10,432,1721,1289,128.9,
veh203,highEmissions,1134.2200655578042,6,744,2156,1412,235.33333333333334,
veh47,truck,75392.653547144,9,193,1423,1230,136.66666666666666,
veh124,eVehicle,0.0,9,444,1598,1154,128.22222222222223,
veh210,eVehicle,0.0,6,765,2000,1235,205.83333333333334,
veh66,normalVehicle,889.4865045516382,9,269,1590,1321,146.77777777777777,
veh122,dieselEuroSix,3881.570845293644,8,437,1597,1160,145.0,
veh201,gasolineEuroSix,575.683145842688,5,741,2112,1371,274.2,
veh111,highEmissions,801.9758432543822,8,397,1785,1388,173.5,
veh129,gasolineEuroSix,631.1992633026066,8,473,1723,1250,156.25,
veh205,highEmissions,744.5248166517716,10,747,1924,1177,117.7,
veh52,gasolineEuroSix,707.5684204499412,10,209,1619,1410,141.0,
veh130,normalVehicle,1061.98448611082,5,474,1687,1213,242.6,
veh208,normalVehicle,1201.0494006462973,8,758,2107,1349,168.625,
veh54,eVehicle,0.0,5,213,1581,1368,273.6,
veh125,eVehicle,0.0,6,446,1547,1101,183.5,
veh204,hovGasolinaEuroSix,3708.198245332819,8,746,2105,1359,169.875,
veh126,truck,105540.91385649174,9,452,1737,1285,142.77777777777777,
veh218,highEmissions,1093.6713062504457,10,811,2110,1299,129.9,
veh292,normalVehicle,1123.5083825706722,5,1054,2299,1245,249.0,
veh55,highEmissions,1060.9286305830585,10,216,1583,1367,136.7,
veh127,eVehicle,0.0,9,466,1931,1465,162.77777777777777,
veh207,highEmissions,766.0499140388796,10,757,1998,1241,124.1,
veh56,eVehicle,0.0,7,216,1575,1359,194.14285714285714,
veh136,hovGasolinaEuroSix,3651.8029541150427,8,501,1727,1226,153.25,
veh209,hovGasolinaEuroSix,3165.0275900214406,9,762,2001,1239,137.66666666666666,
veh57,hovGasolinaEuroSix,2933.3988528937975,10,228,1425,1197,119.7,
veh147,dieselEuroSix,4189.681139563519,6,549,1752,1203,200.5,
veh220,dieselEuroSix,5133.9883429204865,7,816,2140,1324,189.14285714285714,
veh60,truck,101006.39985561403,8,237,1577,1340,167.5,
veh137,highEmissions,757.736247960601,7,503,1691,1188,169.71428571428572,
veh219,gasolineEuroSix,592.2837472581316,9,813,2138,1325,147.22222222222223,
veh63,hovGasolinaEuroSix,2658.2437432148795,6,245,1455,1210,201.66666666666666,
veh132,normalVehicle,872.6431775493747,7,480,1724,1244,177.71428571428572,
veh213,normalVehicle,1189.16468018779,6,782,2001,1219,203.16666666666666,
veh58,gasolineEuroSix,602.0578460985032,10,230,1454,1224,122.4,
veh211,hovGasolinaEuroSix,3546.4293931718444,10,767,2182,1415,141.5,
veh288,truck,102679.39330646438,9,1037,2285,1248,138.66666666666666,
veh59,normalVehicle,1288.1407365756854,9,233,1621,1388,154.22222222222223,
veh135,gasolineEuroSix,615.3265979844448,8,498,1725,1227,153.375,
veh234,hovGasolinaEuroSix,3653.4596196608654,10,859,2250,1391,139.1,
veh71,hovGasolinaEuroSix,3450.3306639936814,5,276,1581,1305,261.0,
veh134,hovGasolinaEuroSix,3700.303240774698,9,482,1689,1207,134.11111111111111,
veh217,hovGasolinaEuroSix,4012.1216715722753,8,796,2109,1313,164.125,
veh61,dieselEuroSix,4302.528951089808,9,239,1316,1077,119.66666666666667,
veh138,gasolineEuroSix,537.4542043992876,8,506,1695,1189,148.625,
veh214,hovGasolinaEuroSix,3075.8977622398284,9,787,2241,1454,161.55555555555554,
veh62,eVehicle,0.0,10,242,1579,1337,133.7,
veh149,hovGasolinaEuroSix,2650.0642618110023,6,562,1708,1146,191.0,
veh215,dieselEuroSix,4427.694248695111,10,788,1925,1137,113.7,
veh64,normalVehicle,851.4268920417784,7,249,1524,1275,182.14285714285714,
veh140,dieselEuroSix,4705.851831394934,5,518,1726,1208,241.6,
veh222,truck,125646.23892456798,10,820,2246,1426,142.6,
veh73,truck,96519.71982470418,6,282,1591,1309,218.16666666666666,
veh146,hovGasolinaEuroSix,2805.6205834040757,5,547,1900,1353,270.6,
veh293,eVehicle,0.0,5,1056,2246,1190,238.0,
veh65,eVehicle,0.0,7,264,1634,1370,195.71428571428572,
veh139,truck,82581.68408046888,7,517,1744,1227,175.28571428571428,
veh216,hovGasolinaEuroSix,3915.665207872218,5,790,2243,1453,290.6,
veh82,gasolineEuroSix,670.4865652377672,7,311,1571,1260,180.0,
veh143,eVehicle,0.0,9,536,1728,1192,132.44444444444446,
veh297,normalVehicle,1397.4587758661644,9,1074,2571,1497,166.33333333333334,
veh298,gasolineEuroSix,713.9002016102442,6,1080,2406,1326,221.0,
veh70,normalVehicle,1233.3814547535574,9,275,1586,1311,145.66666666666666,
veh142,normalVehicle,891.0951970947127,9,523,1801,1278,142.0,
veh221,gasolineEuroSix,766.0426193301454,10,817,2244,1427,142.7,
veh67,gasolineEuroSix,597.0704358221178,8,270,1612,1342,167.75,
veh141,eVehicle,0.0,9,520,1692,1172,130.22222222222223,
veh68,normalVehicle,1174.0283038886416,9,271,1635,1364,151.55555555555554,
veh152,gasolineEuroSix,648.7742831485381,6,571,1768,1197,199.5,
veh302,eVehicle,0.0,9,1084,2657,1573,174.77777777777777,
veh69,dieselEuroSix,5414.9428733714485,8,272,1584,1312,164.0,
veh144,normalVehicle,1029.835856026702,9,537,2190,1653,183.66666666666666,
veh226,dieselEuroSix,6612.743506291625,7,835,2112,1277,182.42857142857142,
veh72,dieselEuroSix,4047.356198467853,8,279,1560,1281,160.125,
veh145,eVehicle,0.0,9,544,1745,1201,133.44444444444446,
veh224,eVehicle,0.0,5,831,2159,1328,265.6,
veh78,dieselEuroSix,5190.517503050154,6,296,1582,1286,214.33333333333334,
veh223,hovGasolinaEuroSix,4093.7753203651873,8,822,2157,1335,166.875,
veh303,hovGasolinaEuroSix,4639.009945994301,7,1085,2572,1487,212.42857142857142,
veh75,dieselEuroSix,5100.398177805251,8,287,1613,1326,165.75,
veh151,eVehicle,0.0,9,568,1767,1199,133.22222222222223,
veh231,truck,123755.74718532104,7,846,2187,1341,191.57142857142858,
veh86,highEmissions,807.0056518126539,5,320,1542,1222,244.4,
veh148,gasolineEuroSix,573.2350488344807,10,558,1803,1245,124.5,
veh243,highEmissions,943.0607865244917,9,891,2206,1315,146.11111111111111,
veh155,hovGasolinaEuroSix,3887.551600645589,7,597,2191,1594,227.71428571428572,
veh228,highEmissions,1178.4092034247817,6,838,2161,1323,220.5,
veh301,gasolineEuroSix,566.9857823024951,7,1086,2363,1277,182.42857142857142,
veh74,gasolineEuroSix,601.2507917954019,10,284,1568,1284,128.4,
veh150,dieselEuroSix,4085.8888284130985,9,563,1819,1256,139.55555555555554,
veh227,gasolineEuroSix,552.8785554240945,6,837,1927,1090,181.66666666666666,
veh76,normalVehicle,1242.328747833341,8,290,1588,1298,162.25,
veh160,eVehicle,0.0,5,606,1979,1373,274.6,
veh308,truck,123438.85378622537,6,1118,2574,1456,242.66666666666666,
veh93,highEmissions,795.9938692873925,10,339,1649,1310,131.0,
veh159,eVehicle,0.0,8,602,1710,1108,138.5,
veh229,eVehicle,0.0,7,841,2163,1322,188.85714285714286,
veh77,normalVehicle,1262.558175428037,10,292,1615,1323,132.3,
veh153,gasolineEuroSix,608.4352239576814,5,579,1883,1304,260.8,
veh247,dieselEuroSix,5238.311485806172,9,904,2172,1268,140.88888888888889,
veh79,gasolineEuroSix,764.7358433664351,10,301,1617,1316,131.6,
veh156,normalVehicle,1187.2765458953438,5,598,1884,1286,257.2,
veh230,normalVehicle,1251.6214471240378,5,843,2186,1343,268.6,
veh81,normalVehicle,1100.9978601182922,10,308,1569,1261,126.1,
veh181,eVehicle,0.0,8,676,1922,1246,155.75,
veh232,eVehicle,0.0,5,845,2115,1270,254.0,
veh84,eVehicle,0.0,8,316,1618,1302,162.75,
veh165,eVehicle,0.0,9,616,1927,1311,145.66666666666666,
veh233,dieselEuroSix,5596.856389656555,7,851,2202,1351,193.0,
veh80,hovGasolinaEuroSix,3010.425288510397,10,303,1495,1192,119.2,
veh237,eVehicle,0.0,9,878,2234,1356,150.66666666666666,
veh312,hovGasolinaEuroSix,4536.415384070893,6,1124,2633,1509,251.5,
veh154,hovGasolinaEuroSix,3426.836517617915,9,591,1770,1179,131.0,
veh236,dieselEuroSix,5390.344444955458,8,875,2141,1266,158.25,
veh307,eVehicle,0.0,7,1110,2407,1297,185.28571428571428,
veh83,hovGasolinaEuroSix,2983.8644791585252,5,314,1578,1264,252.8,
veh157,hovGasolinaEuroSix,3468.89234121006,10,599,1772,1173,117.3,
veh244,eVehicle,0.0,6,895,2166,1271,211.83333333333334,
veh85,normalVehicle,871.1575152513535,10,317,1540,1223,122.3,
veh158,gasolineEuroSix,568.9756853257887,5,601,1917,1316,263.2,
veh238,dieselEuroSix,3793.183653125786,7,882,1967,1085,155.0,
veh101,dieselEuroSix,5201.018245096633,10,370,1696,1326,132.6,
veh192,eVehicle,0.0,7,710,1996,1286,183.71428571428572,
veh239,normalVehicle,1006.20025388047,6,885,1969,1084,180.66666666666666,
veh91,truck,99933.26149443223,7,334,1622,1288,184.0,
veh162,eVehicle,0.0,6,609,1824,1215,202.5,
veh245,dieselEuroSix,5298.551133801235,9,898,2168,1270,141.11111111111111,
veh87,eVehicle,0.0,9,319,1620,1301,144.55555555555554,
veh163,normalVehicle,1123.5468717012182,7,612,1826,1214,173.42857142857142,
veh241,truck,91414.989414997,9,888,2117,1229,136.55555555555554,
veh88,normalVehicle,1043.5882240016315,6,321,1593,1272,212.0,
veh169,eVehicle,0.0,5,639,1921,1282,256.4,
veh240,hovGasolinaEuroSix,3097.85269903518,5,887,2204,1317,263.4,
veh90,normalVehicle,851.4845041079153,8,330,1503,1173,146.625,
veh161,eVehicle,0.0,7,609,1981,1372,196.0,
veh253,eVehicle,0.0,7,927,2207,1280,182.85714285714286,
veh89,gasolineEuroSix,565.8019522940173,9,327,1497,1170,130.0,
veh171,dieselEuroSix,4029.383950377869,6,643,1991,1348,224.66666666666666,
veh242,eVehicle,0.0,5,890,2165,1275,255.0,
veh97,eVehicle,0.0,7,353,1692,1339,191.28571428571428,
veh164,highEmissions,941.7970935911967,5,615,1828,1213,242.6,
veh246,normalVehicle,1046.0517403654662,10,901,2170,1269,126.9,
veh92,truck,83625.42266913573,8,338,1624,1286,160.75,
veh170,highEmissions,904.8918987053243,6,642,1918,1276,212.66666666666666,
veh313,truck,122543.90894286323,9,1133,2576,1443,160.33333333333334,
veh95,truck,84599.14744644011,8,344,1505,1161,145.125,
veh166,normalVehicle,925.4654607635921,6,629,1830,1201,200.16666666666666,
veh261,gasolineEuroSix,741.4912422034557,8,945,2239,1294,161.75,
veh94,eVehicle,0.0,5,340,1637,1297,259.4,
veh167,dieselEuroSix,3740.6436625973415,7,630,1787,1157,165.28571428571428,
veh248,hovGasolinaEuroSix,4555.6193154123475,8,900,2253,1353,169.125,
veh96,truck,96820.4569451573,5,345,1584,1239,247.8,
veh168,hovGasolinaEuroSix,4085.230562102315,7,635,2193,1558,222.57142857142858,
veh256,dieselEuroSix,5373.625672617912,10,936,2653,1717,171.7,
veh99,eVehicle,0.0,9,360,1580,1220,135.55555555555554,
veh173,eVehicle,0.0,9,654,1832,1178,130.88888888888889,
veh258,hovGasolinaEuroSix,3400.9027427502697,8,936,2173,1237,154.625,
veh100,highEmissions,804.6834818753573,8,365,1543,1178,147.25,
veh186,dieselEuroSix,6038.208271991679,8,695,2197,1502,187.75,
veh252,dieselEuroSix,4611.277471800422,6,915,2236,1321,220.16666666666666,
veh98,hovGasolinaEuroSix,3757.276297268078,10,357,1694,1337,133.7,
veh172,eVehicle,0.0,7,647,2001,1354,193.42857142857142,
veh249,eVehicle,0.0,9,906,2255,1349,149.88888888888889,
veh177,gasolineEuroSix,687.4076946194574,7,664,1920,1256,179.42857142857142,
veh250,gasolineEuroSix,593.0174954400321,5,908,2205,1297,259.4,
veh309,normalVehicle,1051.7805295035832,9,1119,2364,1245,138.33333333333334,
veh107,dieselEuroSix,4439.218189795587,6,391,1595,1204,200.66666666666666,
veh251,eVehicle,0.0,8,910,2276,1366,170.75,
veh330,eVehicle,0.0,9,1196,2459,1263,140.33333333333334,
veh115,dieselEuroSix,4056.593898063564,7,415,1731,1316,188.0,
veh174,eVehicle,0.0,6,657,1928,1271,211.83333333333334,
veh254,eVehicle,0.0,5,928,2303,1375,275.0,
veh176,normalVehicle,1107.4180054362846,10,661,1833,1172,117.2,
veh332,gasolineEuroSix,727.7668609753752,7,1198,2558,1360,194.28571428571428,
veh310,dieselEuroSix,3876.454161193593,10,1122,2447,1325,132.5,
veh106,truck,79748.03755300336,5,379,1545,1166,233.2,
veh175,dieselEuroSix,3897.2376851542867,10,659,1960,1301,130.1,
veh255,gasolineEuroSix,649.8699757183612,6,933,2652,1719,286.5,
veh102,hovGasolinaEuroSix,3998.259263710948,6,373,1697,1324,220.66666666666666,
veh183,gasolineEuroSix,666.4338903074681,5,681,1922,1241,248.2,
veh266,gasolineEuroSix,566.1283734346192,5,965,2207,1242,248.4,
veh187,hovGasolinaEuroSix,3936.0993233600475,7,698,2199,1501,214.42857142857142,
veh257,normalVehicle,1225.4006967868527,9,935,2238,1303,144.77777777777777,
veh333,eVehicle,0.0,7,1203,2640,1437,205.28571428571428,
veh260,hovGasolinaEuroSix,3293.5005259613345,6,945,2562,1617,269.5,
veh103,highEmissions,834.4802911286179,6,372,1651,1279,213.16666666666666,
veh179,hovGasolinaEuroSix,3573.5184032665584,10,671,1993,1322,132.2,
veh104,dieselEuroSix,4034.0173230626624,9,374,1723,1349,149.88888888888889,
veh178,highEmissions,884.3192586088725,8,666,1835,1169,146.125,
veh259,dieselEuroSix,4100.190855825955,9,942,2389,1447,160.77777777777777,
veh180,gasolineEuroSix,661.582002752544,7,672,1837,1165,166.42857142857142,
veh273,normalVehicle,1067.9749557500013,6,990,2255,1265,210.83333333333334,
veh315,normalVehicle,906.6961220939146,5,1140,2261,1121,224.2,
veh195,dieselEuroSix,4082.8760790697875,9,714,2152,1438,159.77777777777777,
veh262,normalVehicle,1319.4413595298847,5,948,2241,1293,258.6,
veh342,normalVehicle,1239.071300677009,9,1236,2639,1403,155.88888888888889,
veh182,highEmissions,971.3840440373464,8,680,1923,1243,155.375,
veh264,hovGasolinaEuroSix,2628.4899726565877,8,953,2004,1051,131.375,
veh340,eVehicle,0.0,5,1224,2584,1360,272.0,
veh109,dieselEuroSix,3906.351183823733,9,394,1639,1245,138.33333333333334,
veh184,hovGasolinaEuroSix,2834.5258114915746,5,688,1962,1274,254.8,
veh351,truck,99887.92471483878,6,1250,2666,1416,236.0,
veh110,dieselEuroSix,3876.2746204590244,6,397,1684,1287,214.5,
veh189,normalVehicle,1085.795467356343,6,706,1994,1288,214.66666666666666,
veh263,dieselEuroSix,4522.528652610061,10,950,2278,1328,132.8,
veh105,normalVehicle,1204.5918739122517,6,376,1653,1277,212.83333333333334,
veh185,normalVehicle,1253.69236359277,7,691,2195,1504,214.85714285714286,
veh265,highEmissions,1108.2279274734838,7,956,2563,1607,229.57142857142858,
veh108,eVehicle,0.0,9,393,1626,1233,137.0,
veh191,hovGasolinaEuroSix,3402.858061108402,5,710,2046,1336,267.2,
veh272,gasolineEuroSix,632.9541118502677,5,981,2209,1228,245.6,
veh267,truck,84029.09833180472,7,976,2229,1253,179.0,
veh343,normalVehicle,873.2020987971672,5,1235,2493,1258,251.6,
veh344,normalVehicle,1067.6629994247992,10,1238,2495,1257,125.7,
veh112,dieselEuroSix,5099.593650963661,9,401,1581,1180,131.11111111111111,
veh188,eVehicle,0.0,8,701,2200,1499,187.375,
veh271,truck,83526.15408300534,6,985,2253,1268,211.33333333333334,
veh113,hovGasolinaEuroSix,2828.617283576465,7,404,1600,1196,170.85714285714286,
veh193,dieselEuroSix,5964.610487164839,10,713,1998,1285,128.5,
veh270,hovGasolinaEuroSix,2904.579627863188,7,981,2224,1243,177.57142857142858,
veh114,gasolineEuroSix,695.2781792005976,9,405,1654,1249,138.77777777777777,
veh190,dieselEuroSix,4123.6751683512775,7,707,2044,1337,191.0,
veh269,highEmissions,970.1543983255572,9,978,2143,1165,129.44444444444446,
veh346,dieselEuroSix,5442.237899087952,5,1244,2470,1226,245.2,
veh348,eVehicle,0.0,8,1246,2643,1397,174.625,
veh352,hovGasolinaEuroSix,4204.463137014025,9,1253,2641,1388,154.22222222222223,
veh829,eVehicle,0.0,9,3006,4229,1223,135.88888888888889,
veh831,eVehicle,0.0,6,3011,4370,1359,226.5,
veh900,hovGasolinaEuroSix,4787.012405042874,5,3223,4751,1528,305.6,
veh909,gasolineEuroSix,761.024263084145,6,3239,4753,1514,252.33333333333334,
veh833,hovGasolinaEuroSix,3022.254602912313,9,3013,4231,1218,135.33333333333334,
veh327,truck,115806.48000233769,9,1193,2635,1442,160.22222222222223,
veh924,dieselEuroSix,5886.340367629506,10,3273,4782,1509,150.9,
veh911,gasolineEuroSix,797.1864970989978,5,3243,4716,1473,294.6,
veh846,hovGasolinaEuroSix,3146.1348214990358,10,3049,4642,1593,159.3,
veh316,hovGasolinaEuroSix,3588.068334087947,8,1142,2351,1209,151.125,
veh910,eVehicle,0.0,10,3240,4715,1475,147.5,
veh843,hovGasolinaEuroSix,4176.1734076047305,8,3046,4320,1274,159.25,
veh314,hovGasolinaEuroSix,3501.187636517779,9,1139,2349,1210,134.44444444444446,
veh913,dieselEuroSix,7012.514631858754,6,3246,4776,1530,255.0,
veh835,normalVehicle,988.9523140532034,9,3019,4609,1590,176.66666666666666,
veh318,gasolineEuroSix,754.7676615109658,8,1147,2578,1431,178.875,
veh836,eVehicle,0.0,6,3021,4373,1352,225.33333333333334,
veh319,hovGasolinaEuroSix,4370.092395429797,6,1152,2660,1508,251.33333333333334,
veh830,dieselEuroSix,4701.911926704965,10,3009,4258,1249,124.9,
veh920,highEmissions,1340.983203744119,7,3267,4777,1510,215.71428571428572,
veh838,gasolineEuroSix,637.9115804882798,6,3035,4272,1237,206.16666666666666,
veh323,eVehicle,0.0,9,1174,2635,1461,162.33333333333334,
veh914,dieselEuroSix,4670.225812851328,8,3245,4618,1373,171.625,
veh907,normalVehicle,1185.5206093523823,6,3233,4713,1480,246.66666666666666,
veh847,eVehicle,0.0,6,3050,4441,1391,231.83333333333334,
veh317,hovGasolinaEuroSix,4046.105893104073,5,1144,2659,1515,303.0,
veh915,normalVehicle,986.2170303950993,10,3248,4731,1483,148.3,
veh839,dieselEuroSix,5274.489911489727,10,3037,4234,1197,119.7,
veh322,eVehicle,0.0,5,1170,2554,1384,276.8,
veh931,hovGasolinaEuroSix,4160.9179048787555,6,3298,4660,1362,227.0,
veh840,gasolineEuroSix,661.4865267516184,8,3039,4274,1235,154.375,
veh321,eVehicle,0.0,7,1163,2580,1417,202.42857142857142,
veh916,hovGasolinaEuroSix,3799.280580528472,9,3252,4780,1528,169.77777777777777,
veh841,gasolineEuroSix,712.4534759016029,7,3041,4318,1277,182.42857142857142,
veh334,hovGasolinaEuroSix,4672.411717822304,9,1206,2642,1436,159.55555555555554,
veh850,eVehicle,0.0,5,3062,4261,1199,239.8,
veh919,gasolineEuroSix,814.5625258574005,9,3263,4718,1455,161.66666666666666,
veh842,gasolineEuroSix,595.9215647985566,7,3045,4578,1533,219.0,
veh331,dieselEuroSix,4482.789307300078,5,1197,2411,1214,242.8,
veh917,eVehicle,0.0,5,3262,4537,1275,255.0,
veh908,dieselEuroSix,4012.3724792594235,8,3235,4562,1327,165.875,
veh855,dieselEuroSix,5186.043187555529,5,3076,4455,1379,275.8,
veh324,gasolineEuroSix,678.9033901401797,9,1181,2556,1375,152.77777777777777,
veh918,dieselEuroSix,4998.485263256736,8,3265,4539,1274,159.25,
veh854,dieselEuroSix,6029.009324711349,8,3075,4645,1570,196.25,
veh325,highEmissions,1013.4281856329202,8,1182,2636,1454,181.75,
veh921,eVehicle,0.0,5,3270,4780,1510,302.0,
veh844,normalVehicle,1058.2618847632345,5,3049,4321,1272,254.4,
veh326,truck,108678.88051902852,5,1190,2582,1392,278.4,
veh928,eVehicle,0.0,9,3289,4659,1370,152.22222222222223,
veh849,normalVehicle,974.1263311346712,10,3057,4454,1397,139.7,
veh339,hovGasolinaEuroSix,3512.3009234591436,5,1222,2468,1246,249.2,
veh832,truck,112489.87470129134,7,3014,4372,1358,194.0,
veh922,gasolineEuroSix,602.980072153173,6,3269,4657,1388,231.33333333333334,
veh845,normalVehicle,1227.8470393272578,6,3047,4610,1563,260.5,
veh328,normalVehicle,1022.073100016103,9,1194,2449,1255,139.44444444444446,
veh935,eVehicle,0.0,5,3329,4755,1426,285.2,
veh925,gasolineEuroSix,810.211855729658,7,3276,4783,1507,215.28571428571428,
veh834,hovGasolinaEuroSix,3245.9657852504156,8,3017,4233,1216,152.0,
veh341,eVehicle,0.0,7,1233,2638,1405,200.71428571428572,
veh923,normalVehicle,1253.2163587652046,8,3272,4733,1461,182.625,
veh905,hovGasolinaEuroSix,4218.614092984987,9,3230,4770,1540,171.11111111111111,
veh329,hovGasolinaEuroSix,3992.607083248408,6,1195,2638,1443,240.5,
veh933,truck,110786.92397420936,5,3304,4664,1360,272.0,
veh852,normalVehicle,965.4862815750804,8,3068,4348,1280,160.0,
veh926,eVehicle,0.0,5,3279,4781,1502,300.4,
veh860,gasolineEuroSix,589.6195302486166,5,3108,4428,1320,264.0,
veh350,eVehicle,0.0,5,1247,2664,1417,283.4,
veh932,normalVehicle,1103.7877835091138,7,3301,4662,1361,194.42857142857142,
veh851,hovGasolinaEuroSix,2670.6627282738104,6,3065,4308,1243,207.16666666666666,
veh927,eVehicle,0.0,5,3281,4735,1454,290.8,
veh853,hovGasolinaEuroSix,3798.31233623955,7,3071,4644,1573,224.71428571428572,
veh929,normalVehicle,1444.563086395693,5,3293,4720,1427,285.4,
veh861,highEmissions,992.9473809450438,10,3111,4429,1318,131.8,
veh336,dieselEuroSix,6073.428590266252,5,1208,2559,1351,270.2,
veh858,gasolineEuroSix,574.0265946731049,5,3094,4518,1424,284.8,
veh930,normalVehicle,910.6849437770826,9,3295,4664,1369,152.11111111111111,
veh865,gasolineEuroSix,655.1363497364025,10,3123,4349,1226,122.6,
veh338,eVehicle,0.0,7,1219,2467,1248,178.28571428571428,
veh943,hovGasolinaEuroSix,3515.3717406170313,10,3341,4699,1358,135.8,
veh857,eVehicle,0.0,5,3091,4310,1219,243.8,
veh335,normalVehicle,1143.595349584111,9,1205,2662,1457,161.88888888888889,
veh937,dieselEuroSix,6416.572382212958,6,3330,4785,1455,242.5,
veh856,truck,98231.83371203311,6,3082,4323,1241,206.83333333333334,
veh337,truck,124790.56144896788,8,1211,2561,1350,168.75,
veh936,gasolineEuroSix,770.0612588113672,5,3332,4756,1424,284.8,
veh864,gasolineEuroSix,672.6574108205355,9,3122,4276,1154,128.22222222222223,
veh345,dieselEuroSix,4701.779149104388,5,1243,2586,1343,268.6,
veh938,normalVehicle,1494.567487629847,8,3333,4787,1454,181.75,
veh863,eVehicle,0.0,5,3115,4647,1532,306.4,
veh349,dieselEuroSix,5451.1488134961955,6,1249,2646,1397,232.83333333333334,
veh934,highEmissions,1280.9159091005286,8,3310,4783,1473,184.125,
veh859,highEmissions,921.6596100011844,9,3104,4649,1545,171.66666666666666,
veh941,hovGasolinaEuroSix,4597.343095048818,10,3338,4758,1420,142.0,
veh868,eVehicle,0.0,7,3128,4512,1384,197.71428571428572,
veh949,gasolineEuroSix,805.0889461202872,10,3357,4760,1403,140.3,
veh862,gasolineEuroSix,756.5852173579617,6,3110,4612,1502,250.33333333333334,
veh939,hovGasolinaEuroSix,3413.6512891226985,10,3334,4665,1331,133.1,
veh867,gasolineEuroSix,626.6632556502658,8,3127,4742,1615,201.875,
veh942,gasolineEuroSix,593.410019151379,7,3340,4791,1451,207.28571428571428,
veh940,highEmissions,829.2285836392372,6,3335,4698,1363,227.16666666666666,
veh997,dieselEuroSix,6024.910261265516,5,3509,5083,1574,314.8,
veh988,gasolineEuroSix,711.6154611629939,8,3480,4800,1320,165.0,
veh986,eVehicle,0.0,6,3478,4888,1410,235.0,
veh875,gasolineEuroSix,672.7243930367658,5,3153,4545,1392,278.4,
veh347,hovGasolinaEuroSix,3068.7147368908963,5,1247,2719,1472,294.4,
veh993,eVehicle,0.0,9,3497,4894,1397,155.22222222222223,
veh944,truck,117263.58984451136,6,3344,4701,1357,226.16666666666666,
veh987,gasolineEuroSix,801.1491104647752,5,3481,4890,1409,281.8,
veh989,hovGasolinaEuroSix,4241.856955618863,10,3482,4798,1316,131.6,
veh998,eVehicle,0.0,6,3510,5175,1665,277.5,
veh990,gasolineEuroSix,802.5184433413884,5,3484,4892,1408,281.6,
veh866,gasolineEuroSix,725.9480703505803,9,3124,4431,1307,145.22222222222223,
veh995,eVehicle,0.0,5,3503,5079,1576,315.2,
veh950,eVehicle,0.0,7,3367,4793,1426,203.71428571428572,
veh991,normalVehicle,1296.1686760151274,9,3486,4800,1314,146.0,
veh992,normalVehicle,980.4740855265949,8,3496,4831,1335,166.875,
veh996,hovGasolinaEuroSix,3918.419131218154,7,3506,5081,1575,225.0,
veh873,dieselEuroSix,5764.486583831611,10,3146,4614,1468,146.8,
veh994,normalVehicle,1041.4496914172394,7,3499,4676,1177,168.14285714285714,
veh947,truck,121015.74217607862,8,3356,4706,1350,168.75,
veh1004,gasolineEuroSix,586.7279692080608,8,3533,4802,1269,158.625,
veh1000,hovGasolinaEuroSix,3878.052733341688,8,3518,4834,1316,164.5,
veh999,eVehicle,0.0,9,3515,4833,1318,146.44444444444446,
veh871,gasolineEuroSix,813.5599462126492,5,3133,4745,1612,322.4,
veh945,gasolineEuroSix,726.3537219375779,10,3348,4703,1355,135.5,
veh1001,hovGasolinaEuroSix,3851.9266674863616,5,3517,4895,1378,275.6,
veh1002,truck,122198.88667753867,10,3520,4897,1377,137.7,
veh877,eVehicle,0.0,8,3160,4547,1387,173.375,
veh1003,eVehicle,0.0,6,3529,4728,1199,199.83333333333334,
veh954,eVehicle,0.0,6,3371,4736,1365,227.5,
veh1005,highEmissions,1265.7035434669458,10,3536,5085,1549,154.9,
veh1008,hovGasolinaEuroSix,3870.9866342823007,7,3542,4859,1317,188.14285714285714,
veh1018,normalVehicle,1535.9161284182849,7,3581,5103,1522,217.42857142857142,
veh869,dieselEuroSix,4223.012545804722,10,3129,4333,1204,120.4,
veh953,dieselEuroSix,6356.951839415702,6,3371,4763,1392,232.0,
veh1011,dieselEuroSix,5589.267910495622,7,3551,4836,1285,183.57142857142858,
veh1006,dieselEuroSix,3791.166031228164,8,3538,4868,1330,166.25,
veh1007,dieselEuroSix,4168.734573971116,5,3540,5098,1558,311.6,
veh1009,gasolineEuroSix,731.507188534114,5,3550,5099,1549,309.8,
veh870,highEmissions,1142.0797691992548,7,3130,4744,1614,230.57142857142858,
veh1015,normalVehicle,1233.4607530714234,8,3570,5176,1606,200.75,
veh946,eVehicle,0.0,8,3352,4704,1352,169.0,
veh1016,normalVehicle,1075.2561323692332,5,3572,4840,1268,253.6,
veh1012,hovGasolinaEuroSix,4088.297703775891,7,3552,4861,1309,187.0,
veh1010,normalVehicle,1414.7082037544099,5,3553,5101,1548,309.6,
veh828,dieselEuroSix,4138.625209858662,10,3000,4506,1506,150.6,
veh881,normalVehicle,952.2894039591644,8,3171,4427,1256,157.0,
veh1013,truck,90114.62707994558,7,3559,4838,1279,182.71428571428572,
veh948,gasolineEuroSix,605.6584615554184,7,3356,4875,1519,217.0,
veh1021,hovGasolinaEuroSix,3683.2470516062303,6,3593,4874,1281,213.5,
veh1017,gasolineEuroSix,832.351773893566,10,3578,5086,1508,150.8,
veh1020,gasolineEuroSix,602.955192287595,10,3590,4872,1282,128.2,
veh872,hovGasolinaEuroSix,2886.178255020288,9,3140,4543,1403,155.88888888888889,
veh1014,eVehicle,0.0,5,3567,4870,1303,260.6,
veh952,gasolineEuroSix,840.3697334843578,10,3368,4761,1393,139.3,
veh1019,dieselEuroSix,4750.380468618921,7,3582,4803,1221,174.42857142857142,
veh1024,gasolineEuroSix,714.8041224997712,5,3597,4876,1279,255.8,
veh1022,dieselEuroSix,4468.617125173789,7,3594,4842,1248,178.28571428571428,
veh955,normalVehicle,1123.5675980696617,5,3374,4738,1364,272.8,
veh1023,dieselEuroSix,6547.175962396208,8,3596,5105,1509,188.625,
veh1025,normalVehicle,1485.5039862966696,10,3598,5088,1490,149.0,
veh882,eVehicle,0.0,6,3182,4653,1471,245.16666666666666,
veh874,highEmissions,1008.4022389623073,6,3148,4514,1366,227.66666666666666,
veh960,hovGasolinaEuroSix,3943.789302203367,8,3382,4708,1326,165.75,
veh876,hovGasolinaEuroSix,3456.9358091979516,6,3156,4519,1363,227.16666666666666,
veh957,normalVehicle,1344.7267444734364,6,3381,4878,1497,249.5,
veh883,eVehicle,0.0,6,3183,4521,1338,223.0,
veh951,hovGasolinaEuroSix,4152.91497320447,10,3370,4794,1424,142.4,
veh879,hovGasolinaEuroSix,4693.113442317096,8,3168,4747,1579,197.375,
veh912,eVehicle,0.0,5,3243,4774,1531,306.2,
veh959,hovGasolinaEuroSix,3925.091467275002,7,3382,4669,1287,183.85714285714286,
veh878,normalVehicle,1334.5183282073297,6,3162,4615,1453,242.16666666666666,
veh961,normalVehicle,1320.5798511424352,9,3385,4710,1325,147.22222222222223,
veh890,eVehicle,0.0,8,3192,4523,1331,166.375,
veh958,gasolineEuroSix,678.7719747849108,9,3379,4667,1288,143.11111111111111,
veh372,hovGasolinaEuroSix,4097.695911028997,10,1305,2723,1418,141.8,
veh435,truck,102479.81739662698,10,1565,2907,1342,134.2,
veh356,hovGasolinaEuroSix,2735.112921423421,10,1262,2507,1245,124.5,
veh438,hovGasolinaEuroSix,3597.2368108071405,10,1592,2754,1162,116.2,
veh355,hovGasolinaEuroSix,3228.3996105465694,5,1257,2479,1222,244.4,
veh440,normalVehicle,1180.6944600837617,7,1598,3149,1551,221.57142857142858,
veh880,normalVehicle,1183.528568413778,8,3170,4651,1481,185.125,
veh353,normalVehicle,1457.1805479840289,6,1256,2643,1387,231.16666666666666,
veh432,highEmissions,1073.7008593321482,8,1547,2849,1302,162.75,
veh354,dieselEuroSix,3712.993406040328,8,1254,2477,1223,152.875,
veh439,eVehicle,0.0,5,1593,2997,1404,280.8,
veh956,hovGasolinaEuroSix,3799.9757723242255,9,3378,4877,1499,166.55555555555554,
veh362,hovGasolinaEuroSix,3811.861622874813,8,1277,2589,1312,164.0,
veh433,hovGasolinaEuroSix,3274.145771212904,5,1554,2753,1199,239.8,
veh357,hovGasolinaEuroSix,4261.7018629292925,6,1266,2645,1379,229.83333333333334,
veh434,highEmissions,929.7555085872411,5,1564,3147,1583,316.6,
veh359,hovGasolinaEuroSix,2838.408067606535,5,1273,2672,1399,279.8,
veh436,gasolineEuroSix,593.6623229250936,5,1570,2939,1369,273.8,
veh358,highEmissions,911.371723683113,6,1270,2481,1211,201.83333333333334,
veh884,hovGasolinaEuroSix,4036.819267068627,7,3187,4548,1361,194.42857142857142,
veh363,eVehicle,0.0,9,1278,2674,1396,155.11111111111111,
veh437,dieselEuroSix,3852.353079938739,5,1585,2732,1147,229.4,
veh964,hovGasolinaEuroSix,4226.347472638616,10,3390,4670,1280,128.0,
veh380,dieselEuroSix,3804.4993165818814,8,1338,2751,1413,176.625,
veh442,gasolineEuroSix,788.2439155514508,8,1604,3001,1397,174.625,
veh360,dieselEuroSix,5122.586448003879,10,1272,2668,1396,139.6,
veh453,eVehicle,0.0,7,1638,2861,1223,174.71428571428572,
veh361,dieselEuroSix,4347.20156514982,8,1274,2587,1313,164.125,
veh446,gasolineEuroSix,822.4220001032254,9,1611,3004,1393,154.77777777777777,
veh365,normalVehicle,1220.5531268936168,9,1287,2563,1276,141.77777777777777,
veh443,eVehicle,0.0,8,1604,3150,1546,193.25,
veh887,truck,125502.58361780955,8,3195,4653,1458,182.25,
veh368,normalVehicle,1225.7360981108143,8,1296,2566,1270,158.75,
veh459,eVehicle,0.0,7,1655,3232,1577,225.28571428571428,
veh963,normalVehicle,1251.2136758216243,9,3389,4827,1438,159.77777777777777,
veh373,eVehicle,0.0,7,1305,2630,1325,189.28571428571428,
veh451,gasolineEuroSix,614.2868425819762,6,1631,3008,1377,229.5,
veh364,normalVehicle,1250.820407326472,7,1284,2591,1307,186.71428571428572,
veh444,gasolineEuroSix,773.405850315026,6,1607,3003,1396,232.66666666666666,
veh366,truck,112342.19850561174,7,1290,2565,1275,182.14285714285714,
veh447,eVehicle,0.0,7,1616,2756,1140,162.85714285714286,
veh370,truck,118722.53055278114,5,1301,2676,1375,275.0,
veh441,highEmissions,1021.9294985659142,7,1601,2999,1398,199.71428571428572,
veh903,dieselEuroSix,5008.992754903869,7,3227,4473,1246,178.0,
veh367,eVehicle,0.0,10,1292,2670,1378,137.8,
veh445,truck,72457.15251852563,5,1610,2795,1185,237.0,
veh967,eVehicle,0.0,7,3407,4766,1359,194.14285714285714,
veh369,normalVehicle,1154.845391856107,7,1300,2568,1268,181.14285714285714,
veh449,highEmissions,1284.3449821991278,6,1628,3006,1378,229.66666666666666,
veh379,gasolineEuroSix,605.9476926813742,7,1337,2773,1436,205.14285714285714,
veh448,highEmissions,834.7554617007464,10,1625,3008,1383,138.3,
veh371,eVehicle,0.0,6,1302,2721,1419,236.5,
veh375,truck,99128.60872152144,5,1307,2648,1341,268.2,
veh452,normalVehicle,866.1690549658749,6,1635,2860,1225,204.16666666666666,
veh885,gasolineEuroSix,805.061776629388,8,3188,4649,1461,182.625,
veh374,hovGasolinaEuroSix,3254.557145360741,5,1308,2631,1323,264.6,
veh502,truck,97814.53211709377,10,1819,3096,1277,127.7,
veh962,eVehicle,0.0,10,3386,4826,1440,144.0,
veh450,normalVehicle,1215.9375011105542,6,1630,3010,1380,230.0,
veh377,truck,119827.24990901045,10,1323,2646,1323,132.3,
veh464,gasolineEuroSix,570.3052986558012,10,1664,2797,1133,113.3,
veh391,eVehicle,0.0,6,1379,2776,1397,232.83333333333334,
veh457,gasolineEuroSix,705.6375924895311,9,1644,3010,1366,151.77777777777777,
veh376,dieselEuroSix,5445.859625239901,7,1322,2677,1355,193.57142857142858,
veh454,highEmissions,794.4628635360862,7,1641,3034,1393,199.0,
veh886,hovGasolinaEuroSix,4148.724796491958,9,3191,4651,1460,162.22222222222223,
veh388,normalVehicle,1102.6731934628372,8,1366,2702,1336,167.0,
veh458,truck,113336.78772183481,9,1653,3038,1385,153.88888888888889,
veh965,hovGasolinaEuroSix,4411.957203227596,9,3392,4765,1373,152.55555555555554,
veh385,eVehicle,0.0,5,1350,2726,1376,275.2,
veh455,eVehicle,0.0,10,1644,3036,1392,139.2,
veh378,highEmissions,822.814468719018,9,1329,2649,1320,146.66666666666666,
veh456,truck,97294.9764335273,5,1643,2941,1298,259.6,
veh384,normalVehicle,1372.5511424753797,5,1347,2724,1377,275.4,
veh381,normalVehicle,1082.1125607770978,8,1343,2649,1306,163.25,
veh462,highEmissions,1238.398723734226,9,1660,3154,1494,166.0,
veh888,gasolineEuroSix,615.3189865181275,9,3191,4767,1576,175.11111111111111,
veh383,eVehicle,0.0,7,1344,2592,1248,178.28571428571428,
veh460,hovGasolinaEuroSix,3549.02869036164,6,1656,2961,1305,217.5,
veh968,eVehicle,0.0,9,3415,4740,1325,147.22222222222223,
veh394,eVehicle,0.0,8,1393,2679,1286,160.75,
veh472,normalVehicle,1493.1055438741496,6,1689,3157,1468,244.66666666666666,
veh382,truck,93743.50961329442,8,1346,2651,1305,163.125,
veh461,gasolineEuroSix,742.7870520117767,6,1657,3152,1495,249.16666666666666,
veh392,eVehicle,0.0,9,1386,2655,1269,141.0,
veh466,hovGasolinaEuroSix,3906.931019773615,7,1670,3234,1564,223.42857142857142,
veh386,eVehicle,0.0,7,1361,2653,1292,184.57142857142858,
veh463,truck,107525.26391051945,6,1659,2963,1304,217.33333333333334,
veh393,hovGasolinaEuroSix,4351.119168546975,10,1389,2728,1339,133.9,
veh471,gasolineEuroSix,664.3218388764261,10,1687,3013,1326,132.6,
veh969,eVehicle,0.0,6,3421,4829,1408,234.66666666666666,
veh387,eVehicle,0.0,9,1363,2700,1337,148.55555555555554,
veh465,hovGasolinaEuroSix,4728.980950136166,5,1668,3156,1488,297.6,
veh389,eVehicle,0.0,5,1375,2704,1329,265.8,
veh467,normalVehicle,1261.696561200965,9,1674,3012,1338,148.66666666666666,
veh390,eVehicle,0.0,7,1376,2775,1399,199.85714285714286,
veh469,hovGasolinaEuroSix,2837.6504322826545,9,1680,3055,1375,152.77777777777777,
veh473,hovGasolinaEuroSix,2619.8978131490844,6,1694,2856,1162,193.66666666666666,
veh895,highEmissions,1030.148092743422,9,3207,4525,1318,146.44444444444446,
veh404,truck,103677.18946912356,5,1429,2660,1231,246.2,
veh468,gasolineEuroSix,705.2381305484954,10,1676,3040,1364,136.4,
veh978,normalVehicle,1290.2816482601436,9,3449,4796,1347,149.66666666666666,
veh412,truck,82860.95941405394,6,1452,2662,1210,201.66666666666666,
veh475,hovGasolinaEuroSix,3740.1640648730636,8,1701,3041,1340,167.5,
veh396,highEmissions,822.0420950286367,7,1398,2673,1275,182.14285714285714,
veh477,hovGasolinaEuroSix,4441.455915001051,6,1706,3161,1455,242.5,
veh399,truck,96633.8902398233,9,1410,2752,1342,149.11111111111111,
veh470,gasolineEuroSix,549.2878864370331,10,1686,2830,1144,114.4,
veh406,gasolineEuroSix,599.8688899499458,7,1430,2697,1267,181.0,
veh489,gasolineEuroSix,575.7323827991065,8,1764,3042,1278,159.75,
veh893,eVehicle,0.0,7,3201,4469,1268,181.14285714285714,
veh397,gasolineEuroSix,669.6745191712743,7,1401,2675,1274,182.0,
veh476,gasolineEuroSix,781.8007919808811,9,1703,3159,1456,161.77777777777777,
veh966,highEmissions,1079.5280684999432,5,3404,4712,1308,261.6,
veh478,highEmissions,829.3110359914983,5,1715,3088,1373,274.6,
veh400,eVehicle,0.0,6,1414,2677,1263,210.5,
veh474,normalVehicle,940.1370564250496,7,1696,2853,1157,165.28571428571428,
veh398,hovGasolinaEuroSix,3780.7581673147088,6,1403,2656,1253,208.83333333333334,
veh480,dieselEuroSix,3658.7242461871683,6,1742,2902,1160,193.33333333333334,
veh395,eVehicle,0.0,10,1395,2671,1276,127.6,
veh499,gasolineEuroSix,700.2495623451002,9,1807,2898,1091,121.22222222222223,
veh889,normalVehicle,1232.5767387304468,6,3194,4769,1575,262.5,
veh402,truck,100572.47499926551,6,1424,2681,1257,209.5,
veh976,dieselEuroSix,4056.0821853955467,7,3444,4885,1441,205.85714285714286,
veh401,truck,82729.59567153484,7,1422,2609,1187,169.57142857142858,
veh483,normalVehicle,1344.1917812436998,8,1753,3164,1411,176.375,
veh416,truck,93979.78239029124,7,1489,2683,1194,170.57142857142858,
veh479,normalVehicle,1120.4974456783193,10,1739,3090,1351,135.1,
veh409,truck,110202.77409480688,5,1439,2842,1403,280.6,
veh485,gasolineEuroSix,640.2847940357121,8,1757,3057,1300,162.5,
veh403,eVehicle,0.0,6,1426,2658,1232,205.33333333333334,
veh481,normalVehicle,1240.2833802628863,7,1746,3043,1297,185.28571428571428,
veh891,eVehicle,0.0,10,3196,4749,1553,155.3,
veh405,hovGasolinaEuroSix,3127.1628858842682,7,1428,2754,1326,189.42857142857142,
veh482,gasolineEuroSix,784.8617218419167,5,1750,3162,1412,282.4,
veh974,gasolineEuroSix,810.1863801082626,5,3440,4790,1350,270.0,
veh414,hovGasolinaEuroSix,3693.6590260752523,8,1455,2844,1389,173.625,
veh486,dieselEuroSix,5608.3725717050365,7,1760,3059,1299,185.57142857142858,
veh408,truck,115515.98715117168,8,1435,2778,1343,167.875,
veh484,gasolineEuroSix,635.915327263669,10,1752,3015,1263,126.3,
veh407,gasolineEuroSix,606.6280784661697,5,1432,2841,1409,281.8,
veh488,gasolineEuroSix,805.1668534346966,9,1760,3166,1406,156.22222222222223,
veh419,normalVehicle,1177.4739200617546,7,1507,2782,1275,182.14285714285714,
veh492,truck,123481.35954605167,5,1775,3238,1463,292.6,
veh892,normalVehicle,1080.667083803929,7,3197,4428,1231,175.85714285714286,
veh487,normalVehicle,1195.3670999541193,9,1759,3017,1258,139.77777777777777,
veh415,eVehicle,0.0,5,1475,2756,1281,256.2,
veh410,truck,96541.7637093643,10,1444,2699,1255,125.5,
veh491,truck,120472.34654485527,8,1770,3236,1466,183.25,
veh411,hovGasolinaEuroSix,3550.9792661820074,7,1446,2780,1334,190.57142857142858,
veh490,gasolineEuroSix,591.2451794298192,9,1768,2895,1127,125.22222222222223,
veh417,gasolineEuroSix,695.8350279309232,6,1490,2960,1470,245.0,
veh501,dieselEuroSix,3786.3125856103015,5,1816,3122,1306,261.2,
veh894,eVehicle,0.0,8,3206,4654,1448,181.0,
veh413,eVehicle,0.0,7,1456,2958,1502,214.57142857142858,
veh494,gasolineEuroSix,726.7372174002875,7,1788,3092,1304,186.28571428571428,
veh970,dieselEuroSix,5541.810327018657,10,3427,4672,1245,124.5,
veh421,highEmissions,1068.789071668212,7,1519,2848,1329,189.85714285714286,
veh495,normalVehicle,914.9019831363979,6,1800,3208,1408,234.66666666666666,
veh418,truck,84455.72543957552,9,1502,2749,1247,138.55555555555554,
veh493,normalVehicle,962.2387557384649,8,1777,2903,1126,140.75,
veh497,dieselEuroSix,4855.483263036497,10,1803,3210,1407,140.7,
veh431,eVehicle,0.0,5,1543,2996,1453,290.6,
veh496,highEmissions,1133.690658302573,5,1801,3240,1439,287.8,
veh904,eVehicle,0.0,8,3228,4778,1550,193.75,
veh424,eVehicle,0.0,9,1530,2783,1253,139.22222222222223,
veh504,eVehicle,0.0,9,1832,3079,1247,138.55555555555554,
veh972,hovGasolinaEuroSix,3076.1470707404014,8,3432,4674,1242,155.25,
veh422,dieselEuroSix,3838.5430967485586,5,1526,2760,1234,246.8,
veh507,dieselEuroSix,4150.708307965075,9,1835,3600,1765,196.11111111111111,
veh420,dieselEuroSix,4884.065824599312,6,1512,2846,1334,222.33333333333334,
veh506,dieselEuroSix,5629.689200989357,6,1838,3083,1245,207.5,
veh837,gasolineEuroSix,686.4898496075383,6,3022,4259,1237,206.16666666666666,
veh423,eVehicle,0.0,9,1527,2751,1224,136.0,
veh498,eVehicle,0.0,8,1804,2897,1093,136.625,
veh430,truck,102832.62284397837,6,1545,2779,1234,205.66666666666666,
veh500,eVehicle,0.0,5,1815,3093,1278,255.6,
veh902,dieselEuroSix,6284.710954635883,8,3225,4656,1431,178.875,
veh425,gasolineEuroSix,602.5062851128533,9,1531,2905,1374,152.66666666666666,
veh508,hovGasolinaEuroSix,4035.9542830572254,7,1838,3602,1764,252.0,
veh979,eVehicle,0.0,10,3453,4880,1427,142.7,
veh427,truck,75427.4124703628,5,1534,2684,1150,230.0,
veh509,dieselEuroSix,4995.118039920481,6,1837,3044,1207,201.16666666666666,
veh428,eVehicle,0.0,6,1539,2776,1237,206.16666666666666,
veh503,hovGasolinaEuroSix,2713.9081877547997,7,1828,3077,1249,178.42857142857142,
veh429,normalVehicle,1080.2706211879342,6,1542,2777,1235,205.83333333333334,
veh426,gasolineEuroSix,618.731862519868,9,1533,2762,1229,136.55555555555554,
veh505,eVehicle,0.0,6,1835,3081,1246,207.66666666666666,
veh896,eVehicle,0.0,5,3212,4527,1315,263.0,
veh971,gasolineEuroSix,595.3212866325956,9,3431,4856,1425,158.33333333333334,
veh591,highEmissions,1085.7093999634546,6,2145,3442,1297,216.16666666666666,
veh603,normalVehicle,1194.5409014712297,6,2213,3626,1413,235.5,
veh592,eVehicle,0.0,9,2155,3444,1289,143.22222222222223,
veh588,gasolineEuroSix,703.5765980820664,7,2138,3520,1382,197.42857142857142,
veh897,dieselEuroSix,3814.9116947571906,6,3215,4585,1370,228.33333333333334,
veh593,normalVehicle,1065.5588922266354,10,2156,3429,1273,127.3,
veh973,hovGasolinaEuroSix,4400.875439065385,10,3437,4788,1351,135.1,
veh589,eVehicle,0.0,10,2139,3439,1300,130.0,
veh590,normalVehicle,1194.7398297309662,5,2142,3440,1298,259.6,
veh594,hovGasolinaEuroSix,3666.1759973307903,5,2161,3430,1269,253.8,
veh595,highEmissions,1059.9237352779173,8,2170,3432,1262,157.75,
veh898,normalVehicle,950.075360515136,5,3218,4711,1493,298.6,
veh596,hovGasolinaEuroSix,2916.399221323648,6,2171,3425,1254,209.0,
veh981,hovGasolinaEuroSix,3298.4540937790207,7,3456,4794,1338,191.14285714285714,
veh605,dieselEuroSix,4456.8161162270635,6,2222,3628,1406,234.33333333333334,
veh610,hovGasolinaEuroSix,3464.1777393107964,8,2245,3445,1200,150.0,
veh597,eVehicle,0.0,8,2177,3471,1294,161.75,
veh598,dieselEuroSix,5272.626654076529,8,2182,3475,1293,161.625,
veh899,normalVehicle,1211.9695665273223,5,3221,4655,1434,286.8,
veh599,eVehicle,0.0,8,2185,3572,1387,173.375,
veh985,gasolineEuroSix,695.5411189788621,5,3474,4813,1339,267.8,
veh608,dieselEuroSix,4314.982514882044,9,2242,3565,1323,147.0,
veh600,normalVehicle,1121.3829888193234,6,2190,3472,1282,213.66666666666666,
veh611,dieselEuroSix,5703.333071709588,5,2246,3476,1230,246.0,
veh901,eVehicle,0.0,5,3224,4472,1248,249.6,
veh623,highEmissions,993.7904886021005,5,2286,3529,1243,248.6,
veh984,eVehicle,0.0,6,3470,4798,1328,221.33333333333334,
veh601,dieselEuroSix,5190.100963868792,7,2191,3624,1433,204.71428571428572,
veh602,gasolineEuroSix,709.7448357919087,8,2195,3474,1279,159.875,
veh604,highEmissions,811.4937745852119,9,2215,3563,1348,149.77777777777777,
veh664,eVehicle,0.0,7,2469,3908,1439,205.57142857142858,
veh606,hovGasolinaEuroSix,3507.4184676354903,5,2230,3574,1344,268.8,
veh982,truck,105624.87690153316,6,3459,4796,1337,222.83333333333334,
veh609,gasolineEuroSix,705.4095278534079,9,2245,3566,1321,146.77777777777777,
veh607,truck,96925.80407246544,8,2240,3522,1282,160.25,
veh614,eVehicle,0.0,7,2253,3526,1273,181.85714285714286,
veh617,gasolineEuroSix,725.9838839630784,10,2264,3575,1311,131.1,
veh906,hovGasolinaEuroSix,4652.15354702244,7,3233,4772,1539,219.85714285714286,
veh618,gasolineEuroSix,575.4112245133147,9,2265,3472,1207,134.11111111111111,
veh977,highEmissions,1036.9001138598057,10,3445,4858,1413,141.3,
veh613,highEmissions,804.3545581687885,10,2247,3524,1277,127.7,
veh622,gasolineEuroSix,691.4591404522107,5,2282,3621,1339,267.8,
veh612,truck,100622.44772448081,7,2249,3478,1229,175.57142857142858,
veh615,eVehicle,0.0,6,2255,3629,1374,229.0,
veh983,normalVehicle,967.8610182999985,5,3466,4812,1346,269.2,
veh616,eVehicle,0.0,8,2261,3568,1307,163.375,
veh626,hovGasolinaEuroSix,4331.446638627697,6,2301,3624,1323,220.5,
veh620,truck,102412.83933132014,5,2266,3479,1213,242.6,
veh621,eVehicle,0.0,9,2279,3528,1249,138.77777777777777,
veh619,highEmissions,821.6378918509844,6,2268,3619,1351,225.16666666666666,
veh975,normalVehicle,1152.005655373757,10,3443,4792,1349,134.9,
veh635,dieselEuroSix,4934.665399381506,7,2333,3639,1306,186.57142857142858,
veh629,highEmissions,758.4824259373991,6,2307,3642,1335,222.5,
veh624,highEmissions,843.0675072686571,10,2292,3477,1185,118.5,
veh627,normalVehicle,903.3155751287804,7,2304,3638,1334,190.57142857142858,
veh630,normalVehicle,844.0043891492181,7,2310,3468,1158,165.42857142857142,
veh980,dieselEuroSix,5264.145935851723,5,3455,4887,1432,286.4,
veh625,normalVehicle,1300.6957657100456,9,2298,3623,1325,147.22222222222223,
veh652,dieselEuroSix,5708.27408828201,9,2412,3817,1405,156.11111111111111,
veh631,highEmissions,1131.8169504169803,6,2311,3626,1315,219.16666666666666,
veh628,dieselEuroSix,4084.8012772177535,6,2306,3610,1304,217.33333333333334,
veh638,eVehicle,0.0,8,2352,3571,1219,152.375,
veh632,dieselEuroSix,6196.681226403285,9,2319,3570,1251,139.0,
veh634,dieselEuroSix,4626.320009982444,7,2332,3631,1299,185.57142857142858,
veh633,hovGasolinaEuroSix,2668.198271041858,6,2327,3506,1179,196.5,
veh235,highEmissions,1097.0587431395982,6,874,2252,1378,229.66666666666666,
veh641,eVehicle,0.0,7,2359,3646,1287,183.85714285714286,
veh636,normalVehicle,901.237913361468,9,2334,3507,1173,130.33333333333334,
veh637,gasolineEuroSix,639.5571183013103,7,2335,3612,1277,182.42857142857142,
veh650,dieselEuroSix,4846.676135649186,5,2403,3651,1248,249.6,
veh639,highEmissions,856.3108521628355,6,2355,3614,1259,209.83333333333334,
veh305,hovGasolinaEuroSix,3783.9026337069777,7,1095,2630,1535,219.28571428571428,
veh640,normalVehicle,873.942088650315,9,2356,3644,1288,143.11111111111111,
veh644,truck,84780.27666138372,5,2368,3636,1268,253.6,
veh645,eVehicle,0.0,6,2379,3814,1435,239.16666666666666,
veh648,dieselEuroSix,3856.686906120804,6,2400,3650,1250,208.33333333333334,
veh642,eVehicle,0.0,8,2361,3573,1212,151.5,
veh643,eVehicle,0.0,8,2363,3648,1285,160.625,
veh646,highEmissions,1036.5714843303845,9,2382,3815,1433,159.22222222222223,
veh658,dieselEuroSix,3867.649315528486,10,2444,3814,1370,137.0,
veh647,truck,88043.19579252163,8,2396,3638,1242,155.25,
veh651,gasolineEuroSix,587.1127057013554,5,2407,3644,1237,247.4,
veh649,hovGasolinaEuroSix,2955.075593147313,5,2402,3886,1484,296.8,
veh663,eVehicle,0.0,7,2460,3653,1193,170.42857142857142,
veh653,dieselEuroSix,4517.075194003363,10,2419,3819,1400,140.0,
veh654,gasolineEuroSix,589.8413515094456,5,2432,3643,1211,242.2,
veh659,gasolineEuroSix,593.7136718280494,10,2447,3907,1460,146.0,
veh655,eVehicle,0.0,9,2438,3641,1203,133.66666666666666,
veh656,dieselEuroSix,4536.839017978956,7,2440,3640,1200,171.42857142857142,
veh657,eVehicle,0.0,10,2443,3641,1198,119.8,
veh665,gasolineEuroSix,775.1142858781469,8,2474,3910,1436,179.5,
veh660,normalVehicle,1132.4018259051809,6,2450,3887,1437,239.5,
veh661,dieselEuroSix,5372.195849024107,5,2455,3821,1366,273.2,
veh662,highEmissions,825.7099830230621,9,2456,3824,1368,152.0,
ALL SIMULATION,
total_steps(sec), minutes, median_package_all_sim,
5176,86.267,188.1183050218137,
