baseline;;;;;;;;;;;
PARAMETERS;;;;;;;;;;;
window_size; threshold_L; threshold_H; p_t_ini; e_ini; size_ratio; subs_NOx; min_packages; max_packages;;;
60;80000;100000;100000;4000;4;9000;1;20;;;
ALL SIMULATION RESULTS;;;;;;;;;;;
total_steps(sec); minutes; avg_time_per_package (sec); p_t_total_all_steps; e_t_total_all_steps; p_t_control_zone_all_steps;  e_t_control_zone_all_steps; avg_k_all_steps; veh_enter_cz_all_steps; not_veh_enter_cz_all_steps; avg_total_time_all_steps;
6302;105.0;2072.0904573479343;916852738.419111;18821517.811093684;12327603.927065674;687197.8858102899;0.39034652196448155;222;804;2083.9610136452243;
WINDOWS;;;;;;;;;;;
step; NOx_total_w; NOx_total_acum; lambda; p_t_total; e_t_total; p_t_control_zone; e_t_control_zone; k_control_zone; num_veh_total; num_vehicles_control_zone;  
0;0;0;0.8;100000;0;100000;0;1;0;0;
60;457.5817688158486;457.5817688158486;0.8537456976449606;85265.15488478143;457.5817688158486;96316.28872119535;0;0.0;12;0;
120;3952.313507848202;4409.8952766640505;1.138973494774893;60262.10907288528;3952.313507848202;90065.52726822131;0;0.18418556394023253;29;0;
180;18240.404736137072;22650.300012801123;1.1055098475906455;38704.15929575911;18240.404736137072;84115.93863990551;0;0.4967236365889345;43;0;
240;32700.500291931075;55350.8003047322;0.9020276102957687;38931.66561704251;32700.500291931075;79997.69014724359;0;0.7942030680047246;62;0;
300;39130.02260328601;94480.8229080182;0.9981740348367764;42127.42296620457;39130.02260328601;75014.1238337126;0;1;80;0;
360;48939.10907606929;143419.9319840875;0.9797964259154952;55793.86070931603;48939.10907606929;70195.95600047315;0;1;100;0;
420;62281.167233157095;205701.0992172446;1.060637189089105;79892.08913526534;62281.167233157095;64650.2212986712;33.68360754752035;1;116;3;
480;72399.73194509995;278100.83116234455;1.1154893404542052;112134.2048240139;72399.73194509995;58610.81723458335;268.7117866256498;1;134;10;
540;75426.49102043967;353527.3221827842;0.837543834709694;157409.1177949046;75426.49102043967;55610.85642334631;4537.933701150204;1;145;25;
600;79891.33447975242;433418.6566625366;0.8113389906088025;208092.24861274014;79891.33447975242;65436.56586576719;17127.7603579001;1;159;48;
660;81354.08679883185;514772.7434613685;1.1343060415679478;248611.3179151259;81354.08679883185;90166.92548434692;34939.113992691266;1;177;57;
720;89378.02936359281;604150.7728249613;0.9731068271620213;302957.50150088593;89378.02936359281;121342.63228340232;39933.66824351359;0.49165372578265376;199;71;
780;106969.3337132594;711120.1065382208;1.1049120329831768;370150.002026751;106969.3337132594;156667.65159061144;45269.22760405771;0;213;78;
840;106817.85121681572;817937.9577550365;0.8008424213404444;448137.5260753107;106817.85121681572;193571.44176865974;44111.371970112305;0;230;76;
900;118206.3233007256;936144.2810557622;0.9781548776219205;531130.2737816472;118206.3233007256;230606.64219625096;45838.59432618851;0;248;74;
960;122936.1945451632;1059080.4756009255;1.088616012936313;614876.2918611031;122936.1945451632;264692.20964571973;43883.11156589559;0;266;68;
1020;137491.89601415873;1196572.3716150844;0.8915048885081811;720274.0118889674;137491.89601415873;288624.01959718694;31955.353948040876;0;284;60;
1080;148635.45714802985;1345207.8287631143;1.1781082782215688;826497.5710210206;148635.45714802985;297064.7793992428;19043.734306049948;0;300;36;
1140;159696.11770208774;1504903.9464652021;1.1605709830445934;944413.133333503;159696.11770208774;291622.6897262952;5003.049174453776;0;314;28;
1200;169821.48999160642;1674725.4364568086;0.8122359932134214;1084994.1275694263;169821.48999160642;284339.8951254444;27.32933807000684;0;329;4;
1260;186248.45678086742;1860973.893237676;0.8101783443973843;1242076.1639519879;186248.45678086742;277048.29002586793;0;0;351;0;
1320;195162.1252405649;2056136.0184782408;1.0165649891173987;1400641.9495843262;195162.1252405649;267899.2051238113;0;0;364;0;
1380;209961.03014757036;2266097.048625811;1.1756596651114042;1568279.231787886;209961.03014757036;257318.26813780869;0;0;376;0;
1440;223179.54528741253;2489276.5939132236;0.952481695075285;1757169.4360525883;223179.54528741253;248745.93288213114;0;0;386;0;
1500;229413.48403426725;2718690.077947491;0.8866397588522453;1954663.8887681747;229413.48403426725;240766.17505246092;0;0;367;0;
1560;230541.3170417212;2949231.394989212;0.9688466302330869;2150326.727121505;230541.3170417212;232046.55538036313;0;0;374;0;
1620;229315.9412955523;3178547.336284764;0.8116163150299472;2350424.481075979;229315.9412955523;224742.00854509362;0;0;373;0;
1680;246537.34512497074;3425084.6814097348;0.8886766665092141;2564969.4662066177;246537.34512497074;216743.9185465107;0;0;392;0;
1740;254283.02644050034;3679367.707850235;0.9751550374602288;2784146.9112985497;254283.02644050034;207967.52320936864;0;0;402;0;
1800;274020.34820871835;3953388.0560589535;0.9983248965527403;3022227.5632313695;274020.34820871835;198982.59914039398;0;0;419;0;
1860;291208.36331665097;4244596.419375604;0.8932337801030291;3281279.5104643116;291208.36331665097;190943.4951194667;0;0;435;0;
1920;289164.9633324884;4533761.382708092;0.8923466166163937;3538319.9955986096;289164.9633324884;182912.37556991915;0;0;450;0;
1980;299933.87998582073;4833695.262693913;0.8875124149350755;3806303.4286467675;299933.87998582073;174924.7638355035;0;0;464;0;
2040;314936.2025188458;5148631.465212759;0.9838413862950934;4085821.34125899;314936.2025188458;166070.19135884766;0;0;480;0;
2100;318346.52370027435;5466977.988913033;0.9159126458361943;4371195.009709161;318346.52370027435;157826.97754632193;0;0;498;0;
2160;331486.66519749584;5798464.6541105285;0.8085958821063636;4673572.223150827;331486.66519749584;150549.61460736467;0;0;517;0;
2220;328181.86737680505;6126646.521487334;1.1350311902650292;4960892.9676780915;328181.86737680505;140334.3338949794;0;0;527;0;
2280;339667.2155314951;6466313.737018829;1.0225817290609733;5263747.240963392;339667.2155314951;131131.09833343065;0;0;541;0;
2340;340797.0073535884;6807110.744372417;1.0569177451729783;5566495.209490753;340797.0073535884;121618.83862687385;0;0;553;0;
2400;342591.0066774808;7149701.751049898;0.8743625063578871;5877609.16593935;342591.0066774808;113749.57606965287;0;0;563;0;
2460;339294.10803921055;7488995.859089108;1.197017364870426;6173810.648843225;339294.10803921055;102976.41978581905;0;0;567;0;
2520;332769.2053663489;7821765.064455457;1.1439786115181159;6465396.624194922;332769.2053663489;92680.612282156;0;0;569;0;
2580;336102.0559132618;8157867.120368719;0.8483559839223226;6770957.864686981;336102.0559132618;85369.73368933733;324.3252624822393;0.36596938589220007;568;8;
2640;335105.0093090424;8492972.129677761;0.9330780741440516;7072472.0633268375;335105.0093090424;77843.93025955497;871.8992375140999;0.7315133155331336;565;14;
2700;318157.62180908426;8811129.751486845;1.0885937630333073;7351440.309666722;318157.62180908426;80164.46869752373;12117.882305268531;1;581;32;
2760;319668.18317457323;9130797.934661418;1.084476707878112;7632067.331357683;319668.18317457323;85206.35957658484;14802.181249964124;0.9917765651238136;588;47;
2820;320423.3551165888;9451221.289778007;1.174576234719784;7910205.9420243595;320423.3551165888;94841.80193430845;20206.628470201653;0.7396820211707578;597;55;
2880;316663.229080262;9767884.518858269;0.9688427999845661;8191990.830305177;316663.229080262;108828.92265184599;22706.705917398634;0.25790990328457775;604;58;
2940;351631.43495849165;10119515.95381676;1.1320142773097308;8502869.751280518;351631.43495849165;125840.93921347462;27200.145057416208;0;606;58;
3000;361259.1194648921;10480775.073281653;1.0681222265656283;8825676.47058905;361259.1194648921;141226.1170631738;24998.27788878982;0;629;55;
3060;370962.6230545325;10851737.696336186;0.9213474043731671;9163470.587086147;370962.6230545325;153654.01284276223;20720.022418946923;0;640;49;
3120;377865.8169817032;11229603.513317889;1.0350322424574239;9504075.243339382;377865.8169817032;155626.15723623763;11287.43457559224;0;640;41;
3180;349268.39551186765;11578871.908829756;1.1529916003327432;9811835.941239271;349268.39551186765;154154.42364447648;8905.190811233546;0;629;21;
3240;345495.16916719545;11924367.07799695;1.1384789673713251;10116345.867581097;345495.16916719545;146081.70917704594;2173.5962389113856;0;632;12;
3300;352783.65835931996;12277150.736356271;1.00211352823184;10433053.438924072;352783.65835931996;137223.2548855912;160.5674626318074;0;651;1;
3360;372946.14037003426;12650096.876726305;1.0356009031930207;10768717.946779158;372946.14037003426;128013.11418114393;110.26742428990956;0;648;1;
3420;378495.2472160107;13028592.123942316;0.8138103320605367;11117916.02204099;378495.2472160107;120688.8211925991;0;0;648;0;
3480;373379.4255247936;13401971.54946711;0.8970959894172271;11458999.991946762;373379.4255247936;112614.95728784407;0;0;657;0;
3540;359217.39469111175;13761188.94415822;1.118961699021721;11777934.765473092;359217.39469111175;102544.30199664857;0;0;655;0;
3600;364488.2282301398;14125677.17238836;0.9657255997203097;12107656.8721133;364488.2282301398;93852.77159916579;0;0;663;0;
3660;322949.7659431666;14448626.938331526;0.8692029606316204;12399315.331473729;322949.7659431666;86244.44368453218;214.49873105098146;0.3073614200417105;611;4;
3720;267022.03968934156;14715648.978020867;1.0195195045552612;12629634.668999081;267022.03968934156;77939.16277920587;870.3946356710533;0.6877778157733911;576;14;
3780;227704.79813038374;14943353.776151251;1.0812163048262526;12818415.68015572;227704.79813038374;74048.03873889035;5839.822703120757;1;553;45;
3840;217530.08592454685;15160883.862075798;1.069794332200931;12997433.170121035;217530.08592454685;82290.8201069968;17870.93035791484;1;526;66;
3900;191725.24836592533;15352609.110441724;0.9498812082006561;13154962.694991736;191725.24836592533;95289.09340698586;21547.20417379496;0.8854589946501598;517;81;
3960;190832.8848577084;15543441.995299432;0.9755846520178253;13310674.532376803;190832.8848577084;111657.91896010228;25149.087421276836;0.23554532965070685;508;86;
4020;184041.4377508989;15727483.43305033;1.0033705952999927;13458594.628696902;184041.4377508989;126681.83848920227;24054.254886799918;0;485;86;
4080;171281.09882243304;15898764.531872764;1.1113770460000583;13589866.153863333;171281.09882243304;142904.60673935805;26225.161664156287;0;469;86;
4140;169193.4429293871;16067957.974802151;1.008375367045258;13722758.083579091;169193.4429293871;157078.38740493217;23249.15896898144;0;460;83;
4200;173555.1547726376;16241513.129574789;0.9573020379856905;13861850.364984244;173555.1547726376;171064.19948389573;22601.530420834795;0;457;76;
4260;179888.23375587215;16421401.36333066;0.9958774081849033;14005887.01204546;179888.23375587215;177518.10676975534;15416.803959523735;0;441;64;
4320;173657.99183334317;16595059.355164003;0.8118299855867629;14150319.124397678;173657.99183334317;175194.72185992065;4983.084960446164;0;418;23;
4380;164767.0470482635;16759826.402212266;0.8173949161426111;14285659.954464808;164767.0470482635;168456.35229841707;618.1846837799117;0;398;12;
4440;163093.26345297555;16922919.665665243;1.0813528354415345;14409824.515841888;163093.26345297555;158724.17677944325;0.0;0;397;1;
4500;167480.33782987064;17090400.003495112;1.1932750869238695;14534346.9505425;167480.33782987064;147984.7009971284;0;0;381;0;
4560;157751.5378712311;17248151.541366342;1.037273492152023;14654756.642696258;157751.5378712311;138649.2395677602;0;0;375;0;
4620;162878.73089996164;17411030.272266302;0.9574398745511656;14783167.538112378;162878.73089996164;130032.28069679972;0;0;366;0;
4680;151006.3634286366;17562036.63569494;0.8681396787422726;14902920.873106293;151006.3634286366;122219.02358811926;0;0;353;0;
4740;145890.47691486895;17707927.112609807;1.0008954233733933;15012779.11477972;145890.47691486895;113210.96477775872;0;0;323;0;
4800;127493.66452265368;17835420.777132463;1.1928306550154137;15097330.875721818;127493.66452265368;102475.48888262;0;0;271;0;
4860;118077.90944679735;17953498.68657926;1.1082092559323202;15175513.251955053;118077.90944679735;92501.60557922913;0;0;245;0;
4920;111717.64359705885;18065216.33017632;1.0158469793799114;15250660.404294435;111717.64359705885;83358.98276480993;0;0.3749197210385435;225;0;
4980;98335.15072527212;18163551.48090159;1.1441159115682198;15307807.382203251;98335.15072527212;73061.93956069596;0;0.8320508617595035;209;0;
5040;87266.0734402215;18250817.55434181;0.8928704512252058;15362930.119399365;87266.0734402215;65026.10549966911;0;1;196;0;
5100;85219.46027417266;18336037.014615983;1.005508665275055;15411951.267723637;85219.46027417266;55976.527512193614;0;1;191;0;
5160;79520.28430642448;18415557.29892241;1.1809869553073078;15448956.021638997;79520.28430642448;45347.644914427845;0;1;157;0;
5220;63988.72059787696;18479546.019520286;1.0311179231204812;15475824.497004535;63988.72059787696;36067.58360634351;0;1;125;0;
5280;51284.08036165919;18530830.099881947;0.9836526927642674;15491697.08042668;51284.08036165919;27214.709371465106;0;1;112;0;
5340;50902.17245832127;18581732.272340268;0.9077117909765685;15509921.628409844;50902.17245832127;19045.30325267599;0;1;106;0;
5400;47059.17152265532;18628791.443862922;1.0191985237864996;15520289.653076185;47059.17152265532;9872.516538597492;0;1;105;0;
5460;42713.713733085235;18671505.157596007;1.1828465125840908;15520420.892356243;42713.713733085235;0;0;1;96;0;
5520;37395.40949666636;18708900.567092672;0.8022836517801573;15528934.090388823;37395.40949666636;0;0;1;68;0;
5580;29100.498324716536;18738001.06541739;1.1134620930461558;15517949.953363879;29100.498324716536;0;0;1;68;0;
5640;24545.789853398936;18762546.855270788;1.1281943647701929;15501880.74608555;24545.789853398936;0;0;1;57;0;
5700;25047.945439046514;18787594.800709836;1.1544718323304033;15485367.705560703;25047.945439046514;0;0;1;47;0;
5760;17424.569982399924;18805019.370692234;1.0962013647332784;15463329.026412705;17424.569982399924;0;0;1;30;0;
5820;9632.125677426477;18814651.49636966;1.1236559603489917;15432509.537517568;9632.125677426477;0;0;1;24;0;
5880;1693.7423447615838;18816345.238714423;1.0074713134092008;15397934.312579598;1693.7423447615838;0;0;1;13;0;
5940;1169.3258246365901;18817514.56453906;1.0245431459113516;15362220.085151426;1169.3258246365901;0;0;1;13;0;
6000;1102.869472401568;18818617.434011463;0.97043627187526;15328387.248836318;1102.869472401568;0;0;1;13;0;
6060;1110.7825571515502;18819728.216568615;0.8224493190082962;15299889.855909172;1110.7825571515502;0;0;1;13;0;
6120;1117.0553073804062;18820845.271875996;1.148004062070656;15259678.76498201;1117.0553073804062;0;0;1;13;0;
6180;586.3512909484382;18821431.623166945;1.0279997335505522;15223257.125865137;586.3512909484382;0;0;1;2;0;
6240;42.552729904857394;18821474.17589685;0.8799357680708573;15191621.990944492;42.552729904857394;0;0;1;2;0;
6300;43.635196833376625;18821517.811093684;1.0018881869715452;15155597.651410349;43.635196833376625;0;0;1;1;0;
VEHICLES;;;;;;;;;;;
id; vType; NOx_total_veh; n_packages; step_ini; step_fin; total_time(sec);average_package;enter_cz;;;
veh0;gasolineEuroSix;550.3915689250304;5;1;1134;1133;226.6;TRUE;;;
veh1;highEmissions;742.9439010167576;19;4;1280;1276;67.15789473684211;TRUE;;;
veh2;hovDieselEuroSix;3390.7319657162147;3;7;1281;1274;424.6666666666667;TRUE;;;
veh3;highEmissions;991.7562088171321;9;10;1283;1273;141.44444444444446;TRUE;;;
veh4;eVehicle;0.0;4;15;1172;1157;289.25;TRUE;;;
veh5;eVehicle;0.0;16;19;1476;1457;91.0625;TRUE;;;
veh6;highEmissions;675.2740945362194;15;22;1163;1141;76.06666666666666;TRUE;;;
veh7;highEmissions;799.4245007098731;16;25;1380;1355;84.6875;TRUE;;;
veh8;normalVehicle;882.5003324112861;13;32;1310;1278;98.3076923076923;TRUE;;;
veh9;normalVehicle;925.2832367562492;7;35;1437;1402;200.28571428571428;TRUE;;;
veh10;normalVehicle;1181.3968063276282;4;47;1438;1391;347.75;TRUE;;;
veh11;eVehicle;0.0;16;51;1478;1427;89.1875;TRUE;;;
veh12;hovDieselEuroSix;3517.0860536923296;1;61;1382;1321;1321.0;TRUE;;;
veh13;highEmissions;1054.7787240354648;13;64;1384;1320;101.53846153846153;TRUE;;;
veh14;dieselEuroSix;4333.8727166511035;14;71;1312;1241;88.64285714285714;TRUE;;;
veh15;dieselEuroSix;3849.0760954273123;20;73;1365;1292;64.6;TRUE;;;
veh16;gasolineEuroSix;578.6768076018254;1;79;1447;1368;1368.0;TRUE;;;
veh17;hovDieselEuroSix;3520.252989803092;15;82;1449;1367;91.13333333333334;TRUE;;;
veh18;normalVehicle;1183.574700496482;9;82;1440;1358;150.88888888888889;TRUE;;;
veh19;eVehicle;0.0;8;84;1111;1027;128.375;TRUE;;;
veh20;gasolineEuroSix;746.5831526343749;19;85;1442;1357;71.42105263157895;TRUE;;;
veh21;normalVehicle;1435.7300936805868;4;88;1443;1355;338.75;TRUE;;;
veh22;normalVehicle;870.7936728937184;11;91;1315;1224;111.27272727272727;TRUE;;;
veh23;eVehicle;0.0;1;94;1443;1349;1349.0;TRUE;;;
veh24;eVehicle;0.0;1;107;1570;1463;1463.0;TRUE;;;
veh25;eVehicle;0.0;1;108;1486;1378;1378.0;TRUE;;;
veh27;truck;129480.05815587999;1;111;1445;1334;1334.0;TRUE;;;
veh26;truck;108737.27073214723;18;111;1487;1376;76.44444444444444;TRUE;;;
veh28;normalVehicle;1219.1980286065505;13;117;1489;1372;105.53846153846153;TRUE;;;
veh29;eVehicle;0.0;7;124;1450;1326;189.42857142857142;TRUE;;;
veh30;normalVehicle;1224.3910722942223;14;134;1452;1318;94.14285714285714;TRUE;;;
veh31;highEmissions;1091.915315805953;1;135;1491;1356;1356.0;TRUE;;;
veh32;gasolineEuroSix;551.5838769269552;17;147;1337;1190;70.0;TRUE;;;
veh33;gasolineEuroSix;750.7600082305763;8;150;1454;1304;163.0;TRUE;;;
veh34;truck;110380.10307279491;15;152;1571;1419;94.6;TRUE;;;
veh35;gasolineEuroSix;770.8473200929694;16;153;1492;1339;83.6875;TRUE;;;
veh36;dieselEuroSix;5143.829997630074;18;156;1573;1417;78.72222222222223;TRUE;;;
veh37;truck;92782.25712035924;8;156;1367;1211;151.375;TRUE;;;
veh38;eVehicle;0.0;12;159;1444;1285;107.08333333333333;TRUE;;;
veh39;hovDieselEuroSix;2762.639162924472;8;162;1493;1331;166.375;TRUE;;;
veh40;hovDieselEuroSix;3810.245926565868;8;163;1447;1284;160.5;TRUE;;;
veh41;truck;126581.31759563067;15;171;1575;1404;93.6;TRUE;;;
veh42;normalVehicle;1325.7316890089096;10;174;1449;1275;127.5;TRUE;;;
veh43;truck;121310.17231525343;1;181;1451;1270;1270.0;TRUE;;;
veh44;eVehicle;0.0;14;182;1455;1273;90.92857142857143;TRUE;;;
veh45;normalVehicle;1377.6917299752286;18;185;1494;1309;72.72222222222223;TRUE;;;
veh46;gasolineEuroSix;551.3169138516732;4;190;1389;1199;299.75;TRUE;;;
veh47;truck;82012.86710742363;6;192;1431;1239;206.5;TRUE;;;
veh48;eVehicle;0.0;10;193;1561;1368;136.8;TRUE;;;
veh49;hovDieselEuroSix;2867.074558801005;4;196;1608;1412;353.0;TRUE;;;
veh50;highEmissions;824.5047825706639;11;201;1608;1407;127.9090909090909;TRUE;;;
veh51;gasolineEuroSix;529.4943242956139;17;202;1225;1023;60.1764705882353;TRUE;;;
veh52;gasolineEuroSix;972.6134918991528;14;208;2250;2042;145.85714285714286;FALSE;;;
veh53;normalVehicle;1276.268662584823;17;209;1457;1248;73.41176470588235;TRUE;;;
veh54;eVehicle;0.0;7;212;1576;1364;194.85714285714286;TRUE;;;
veh55;highEmissions;1066.01140764874;10;215;1578;1363;136.3;TRUE;;;
veh56;eVehicle;0.0;10;215;1551;1336;133.6;TRUE;;;
veh57;hovDieselEuroSix;3034.610432358595;19;227;1432;1205;63.421052631578945;TRUE;;;
veh58;gasolineEuroSix;640.9595719896245;16;229;1452;1223;76.4375;TRUE;;;
veh59;normalVehicle;1157.3903550134478;17;232;1610;1378;81.05882352941177;TRUE;;;
veh60;truck;103776.19460018973;13;236;1553;1317;101.3076923076923;TRUE;;;
veh61;dieselEuroSix;3883.295466974015;19;238;1303;1065;56.05263157894737;TRUE;;;
veh62;eVehicle;0.0;2;241;1555;1314;657.0;TRUE;;;
veh63;hovDieselEuroSix;2648.809007306656;16;244;1453;1209;75.5625;TRUE;;;
veh64;normalVehicle;1624.061925904388;8;248;2428;2180;272.5;FALSE;;;
veh65;eVehicle;0.0;13;263;1624;1361;104.6923076923077;TRUE;;;
veh66;normalVehicle;1592.3501517789548;14;268;2512;2244;160.28571428571428;FALSE;;;
veh67;gasolineEuroSix;960.6285293661989;6;269;2472;2203;367.1666666666667;FALSE;;;
veh68;normalVehicle;1194.1917035134793;12;270;1626;1356;113.0;TRUE;;;
veh69;dieselEuroSix;5505.686574506652;18;271;1580;1309;72.72222222222223;TRUE;;;
veh70;normalVehicle;1212.7611178390862;12;274;1582;1308;109.0;TRUE;;;
veh71;hovDieselEuroSix;4599.19529333175;3;275;2338;2063;687.6666666666666;FALSE;;;
veh72;dieselEuroSix;6566.862961239534;15;278;2419;2141;142.73333333333332;FALSE;;;
veh73;truck;86488.75224966503;17;281;1478;1197;70.41176470588235;TRUE;;;
veh74;gasolineEuroSix;998.4034159148;4;283;2421;2138;534.5;FALSE;;;
veh75;dieselEuroSix;4530.022693716673;6;286;1609;1323;220.5;TRUE;;;
veh76;normalVehicle;1448.9525278357337;17;289;2231;1942;114.23529411764706;FALSE;;;
veh77;normalVehicle;1146.502545555377;13;291;1611;1320;101.53846153846153;TRUE;;;
veh78;dieselEuroSix;7445.328476105813;12;295;2340;2045;170.41666666666666;FALSE;;;
veh79;gasolineEuroSix;1145.9521535376996;16;300;2474;2174;135.875;FALSE;;;
veh80;hovDieselEuroSix;4759.463021436943;1;302;2259;1957;1957.0;FALSE;;;
veh81;normalVehicle;892.0047780284299;16;307;1509;1202;75.125;TRUE;;;
veh82;gasolineEuroSix;583.6434281128041;2;310;1510;1200;600.0;TRUE;;;
veh83;hovDieselEuroSix;2781.456832094093;10;313;1551;1238;123.8;TRUE;;;
veh84;eVehicle;0.0;20;315;2475;2160;108.0;FALSE;;;
veh85;normalVehicle;891.419699670648;19;316;1540;1224;64.42105263157895;TRUE;;;
veh87;eVehicle;0.0;19;318;1613;1295;68.15789473684211;TRUE;;;
veh86;highEmissions;833.9971313496012;13;319;1542;1223;94.07692307692308;TRUE;;;
veh88;normalVehicle;1883.0654146363934;6;320;2514;2194;365.6666666666667;FALSE;;;
veh89;gasolineEuroSix;936.4683417872193;6;326;2285;1959;326.5;FALSE;;;
veh90;normalVehicle;838.1809268405202;17;329;1502;1173;69.0;TRUE;;;
veh91;truck;175401.4901471066;8;333;2477;2144;268.0;FALSE;;;
veh92;truck;163746.92365804757;1;337;2529;2192;2192.0;FALSE;;;
veh93;highEmissions;1273.2695891614865;7;338;2522;2184;312.0;FALSE;;;
veh94;eVehicle;0.0;18;339;1627;1288;71.55555555555556;TRUE;;;
veh95;truck;159687.50286008322;18;343;2287;1944;108.0;FALSE;;;
veh96;truck;162833.87115838987;8;344;2341;1997;249.625;FALSE;;;
veh97;eVehicle;0.0;13;352;2569;2217;170.53846153846155;FALSE;;;
veh98;hovDieselEuroSix;5972.340761968951;17;356;2570;2214;130.23529411764707;FALSE;;;
veh99;eVehicle;0.0;12;359;2423;2064;172.0;FALSE;;;
veh100;highEmissions;1418.4307693515477;19;364;2430;2066;108.73684210526316;FALSE;;;
veh101;dieselEuroSix;8678.180515692951;12;369;2572;2203;183.58333333333334;FALSE;;;
veh103;highEmissions;1403.6527725378728;15;371;2523;2152;143.46666666666667;FALSE;;;
veh102;hovDieselEuroSix;6606.144638634206;9;372;2574;2202;244.66666666666666;FALSE;;;
veh104;dieselEuroSix;6580.132708736236;18;373;2624;2251;125.05555555555556;FALSE;;;
veh105;normalVehicle;1991.400377662776;20;375;2525;2150;107.5;FALSE;;;
veh106;truck;179426.79143075302;1;378;2431;2053;2053.0;FALSE;;;
veh107;dieselEuroSix;8522.54688183348;13;390;2515;2125;163.46153846153845;FALSE;;;
veh108;eVehicle;0.0;17;392;2531;2139;125.82352941176471;FALSE;;;
veh109;dieselEuroSix;6538.578053528202;5;393;2487;2094;418.8;FALSE;;;
veh110;dieselEuroSix;6552.605074560146;17;396;2569;2173;127.82352941176471;FALSE;;;
veh111;highEmissions;1407.2363204283783;18;396;2750;2354;130.77777777777777;FALSE;;;
veh112;dieselEuroSix;8647.540104291302;7;400;2424;2024;289.14285714285717;FALSE;;;
veh113;hovDieselEuroSix;5179.103003718654;14;403;2426;2023;144.5;FALSE;;;
veh114;gasolineEuroSix;1190.6384936379409;2;404;2527;2123;1061.5;FALSE;;;
veh115;dieselEuroSix;6510.523112533459;16;414;2596;2182;136.375;FALSE;;;
veh116;gasolineEuroSix;1096.5888631671473;12;421;2428;2007;167.25;FALSE;;;
veh117;hovDieselEuroSix;4783.387338267831;19;424;2468;2044;107.57894736842105;FALSE;;;
veh118;gasolineEuroSix;952.0930223640191;18;427;2476;2049;113.83333333333333;FALSE;;;
veh119;normalVehicle;1903.005237029806;7;429;2597;2168;309.7142857142857;FALSE;;;
veh120;highEmissions;1347.1673974174641;17;431;2593;2162;127.17647058823529;FALSE;;;
veh121;truck;216332.74140110123;14;434;2599;2165;154.64285714285714;FALSE;;;
veh122;dieselEuroSix;7972.074912243419;16;436;2517;2081;130.0625;FALSE;;;
veh123;normalVehicle;1845.420286997268;12;439;2570;2131;177.58333333333334;FALSE;;;
veh124;eVehicle;0.0;14;443;2519;2076;148.28571428571428;FALSE;;;
veh125;eVehicle;0.0;12;445;2433;1988;165.66666666666666;FALSE;;;
veh126;truck;223833.8935088746;1;451;2601;2150;2150.0;FALSE;;;
veh127;eVehicle;0.0;18;465;2925;2460;136.66666666666666;FALSE;;;
veh128;hovDieselEuroSix;6279.685501599384;18;468;2926;2458;136.55555555555554;FALSE;;;
veh129;gasolineEuroSix;1090.2705967382567;20;472;2594;2122;106.1;FALSE;;;
veh130;normalVehicle;1916.7978601503282;20;473;2572;2099;104.95;FALSE;;;
veh131;gasolineEuroSix;1055.1303017843454;11;476;2434;1958;178.0;FALSE;;;
veh132;normalVehicle;1732.0795334873033;15;479;2706;2227;148.46666666666667;FALSE;;;
veh133;hovDieselEuroSix;5131.760289465517;20;479;2478;1999;99.95;FALSE;;;
veh134;hovDieselEuroSix;6659.250156779174;1;481;2573;2092;2092.0;FALSE;;;
veh135;gasolineEuroSix;1048.571653298432;8;497;2626;2129;266.125;FALSE;;;
veh136;hovDieselEuroSix;6238.050725838745;6;500;2628;2128;354.6666666666667;FALSE;;;
veh137;highEmissions;1534.8801844475906;18;502;2575;2073;115.16666666666667;FALSE;;;
veh138;gasolineEuroSix;1039.2163756996958;19;505;2628;2123;111.73684210526316;FALSE;;;
veh139;truck;188007.38956666904;6;516;2629;2113;352.1666666666667;FALSE;;;
veh140;dieselEuroSix;8704.940543217253;3;517;2708;2191;730.3333333333334;FALSE;;;
veh141;eVehicle;0.0;18;519;2577;2058;114.33333333333333;FALSE;;;
veh142;normalVehicle;1514.1547615643015;9;522;2677;2155;239.44444444444446;FALSE;;;
veh143;eVehicle;0.0;2;535;2709;2174;1087.0;FALSE;;;
veh144;normalVehicle;1733.2462572117618;3;536;3308;2772;924.0;FALSE;;;
veh145;eVehicle;0.0;3;543;2631;2088;696.0;FALSE;;;
veh146;hovDieselEuroSix;4808.846428090402;1;546;2814;2268;2268.0;FALSE;;;
veh147;dieselEuroSix;7822.775357872538;15;548;2603;2055;137.0;FALSE;;;
veh148;gasolineEuroSix;1026.4800086860662;1;557;2679;2122;2122.0;FALSE;;;
veh149;hovDieselEuroSix;5660.37631771443;9;561;2579;2018;224.22222222222223;FALSE;;;
veh150;dieselEuroSix;7302.524663196027;8;562;2690;2128;266.0;FALSE;;;
veh151;eVehicle;0.0;9;567;2633;2066;229.55555555555554;FALSE;;;
veh152;gasolineEuroSix;1155.8532962272498;4;570;2634;2064;516.0;FALSE;;;
veh153;gasolineEuroSix;1055.7397225020763;20;578;2809;2231;111.55;FALSE;;;
veh154;hovDieselEuroSix;6321.189527072688;6;590;2636;2046;341.0;FALSE;;;
veh155;hovDieselEuroSix;6548.436812221417;12;596;3309;2713;226.08333333333334;FALSE;;;
veh156;normalVehicle;2091.689231384748;10;597;2811;2214;221.4;FALSE;;;
veh157;hovDieselEuroSix;6608.723178626966;3;598;2638;2040;680.0;FALSE;;;
veh158;gasolineEuroSix;945.4343269346354;6;600;2822;2222;370.3333333333333;FALSE;;;
veh159;eVehicle;0.0;6;601;2581;1980;330.0;FALSE;;;
veh160;eVehicle;0.0;9;605;2905;2300;255.55555555555554;FALSE;;;
veh161;eVehicle;0.0;17;608;2906;2298;135.1764705882353;FALSE;;;
veh162;eVehicle;0.0;6;608;2640;2032;338.6666666666667;FALSE;;;
veh163;normalVehicle;1799.7171586117015;9;611;2642;2031;225.66666666666666;FALSE;;;
veh164;highEmissions;1535.6987457503226;10;614;2644;2030;203.0;FALSE;;;
veh165;eVehicle;0.0;15;615;2813;2198;146.53333333333333;FALSE;;;
veh166;normalVehicle;1750.5604487633225;11;628;2729;2101;191.0;FALSE;;;
veh167;dieselEuroSix;6726.500324120836;16;629;2585;1956;122.25;FALSE;;;
veh168;hovDieselEuroSix;7075.172784016828;16;634;3311;2677;167.3125;FALSE;;;
veh169;eVehicle;0.0;4;638;2783;2145;536.25;FALSE;;;
veh170;highEmissions;1539.334473900407;1;641;2824;2183;2183.0;FALSE;;;
veh171;dieselEuroSix;6958.803497584461;10;642;2908;2266;226.6;FALSE;;;
veh172;eVehicle;0.0;13;646;2906;2260;173.84615384615384;FALSE;;;
veh173;eVehicle;0.0;11;653;2730;2077;188.8181818181818;FALSE;;;
veh174;eVehicle;0.0;14;656;3035;2379;169.92857142857142;FALSE;;;
veh175;dieselEuroSix;9347.45632157209;7;658;3386;2728;389.7142857142857;FALSE;;;
veh176;normalVehicle;2073.999725758306;9;660;2732;2072;230.22222222222223;FALSE;;;
veh177;gasolineEuroSix;1165.2379101771637;4;663;2826;2163;540.75;FALSE;;;
veh178;highEmissions;1701.939305280853;9;665;2734;2069;229.88888888888889;FALSE;;;
veh179;hovDieselEuroSix;6193.469028527701;17;670;2910;2240;131.76470588235293;FALSE;;;
veh180;gasolineEuroSix;1211.926088280582;7;671;2735;2064;294.85714285714283;FALSE;;;
veh181;eVehicle;0.0;20;675;2827;2152;107.6;FALSE;;;
veh182;highEmissions;1755.0357461093492;14;679;2829;2150;153.57142857142858;FALSE;;;
veh183;gasolineEuroSix;1083.5843113929573;1;680;2785;2105;2105.0;FALSE;;;
veh184;hovDieselEuroSix;4811.3692289720775;8;687;2831;2144;268.0;FALSE;;;
veh185;normalVehicle;2341.3516409583976;1;690;3313;2623;2623.0;FALSE;;;
veh186;dieselEuroSix;10776.587372046037;13;694;3314;2620;201.53846153846155;FALSE;;;
veh187;hovDieselEuroSix;7296.375648054587;5;697;3316;2619;523.8;FALSE;;;
veh188;eVehicle;0.0;2;700;3318;2618;1309.0;FALSE;;;
veh189;normalVehicle;1989.0186236247225;6;705;2912;2207;367.8333333333333;FALSE;;;
veh190;dieselEuroSix;6640.981914001291;15;706;2937;2231;148.73333333333332;FALSE;;;
veh191;hovDieselEuroSix;5635.737799059177;17;709;2939;2230;131.1764705882353;FALSE;;;
veh192;eVehicle;0.0;14;709;2913;2204;157.42857142857142;FALSE;;;
veh193;dieselEuroSix;10641.45239001777;18;712;2915;2203;122.38888888888889;FALSE;;;
veh195;dieselEuroSix;6633.9186046296145;8;713;3115;2402;300.25;FALSE;;;
veh194;normalVehicle;2373.167501971742;17;715;2917;2202;129.52941176470588;FALSE;;;
veh196;truck;184848.3779469389;15;716;2815;2099;139.93333333333334;FALSE;;;
veh197;eVehicle;0.0;8;717;3030;2313;289.125;FALSE;;;
veh198;hovDieselEuroSix;5853.287824724038;17;719;2737;2018;118.70588235294117;FALSE;;;
veh199;normalVehicle;1620.785253600962;1;726;3167;2441;2441.0;FALSE;;;
veh200;normalVehicle;1948.3516162916505;13;738;3116;2378;182.92307692307693;FALSE;;;
veh201;gasolineEuroSix;969.50333195339;19;740;3045;2305;121.3157894736842;FALSE;;;
veh202;normalVehicle;1974.7520708708068;11;743;3047;2304;209.45454545454547;FALSE;;;
veh203;highEmissions;1864.3437236183433;14;743;3118;2375;169.64285714285714;FALSE;;;
veh204;hovDieselEuroSix;5982.035689990969;2;745;3032;2287;1143.5;FALSE;;;
veh205;highEmissions;1340.9812478414174;10;746;2765;2019;201.9;FALSE;;;
veh206;truck;170481.2142391156;5;749;2775;2026;405.2;FALSE;;;
veh207;highEmissions;1244.859754964627;7;756;2822;2066;295.14285714285717;FALSE;;;
veh208;normalVehicle;2074.334603123749;2;757;3034;2277;1138.5;FALSE;;;
veh209;hovDieselEuroSix;6399.249873264049;10;761;2919;2158;215.8;FALSE;;;
veh210;eVehicle;0.0;3;764;2823;2059;686.3333333333334;FALSE;;;
veh211;hovDieselEuroSix;6086.718540272655;3;766;3169;2403;801.0;FALSE;;;
veh212;normalVehicle;2255.2838712145253;10;776;3171;2395;239.5;FALSE;;;
veh213;normalVehicle;1942.8604349774437;10;781;2825;2044;204.4;FALSE;;;
veh214;hovDieselEuroSix;5081.0100764879635;6;786;3212;2426;404.3333333333333;FALSE;;;
veh215;dieselEuroSix;9346.652404962491;14;787;2831;2044;146.0;FALSE;;;
veh216;hovDieselEuroSix;6372.680669830066;19;789;3214;2425;127.63157894736842;FALSE;;;
veh217;hovDieselEuroSix;7144.517839020525;9;795;3035;2240;248.88888888888889;FALSE;;;
veh218;highEmissions;1917.4604885431002;5;810;3037;2227;445.4;FALSE;;;
veh219;gasolineEuroSix;1028.3744281665017;1;812;3075;2263;2263.0;FALSE;;;
veh220;dieselEuroSix;9123.103867440828;18;815;3077;2262;125.66666666666667;FALSE;;;
veh221;gasolineEuroSix;1303.11945600359;2;816;3216;2400;1200.0;FALSE;;;
veh222;truck;242605.14220743105;19;819;3218;2399;126.26315789473684;FALSE;;;
veh223;hovDieselEuroSix;7123.939090508529;7;821;3120;2299;328.42857142857144;FALSE;;;
veh224;eVehicle;0.0;19;830;3122;2292;120.63157894736842;FALSE;;;
veh225;dieselEuroSix;10972.3241969912;15;831;3219;2388;159.2;FALSE;;;
veh226;dieselEuroSix;11149.751174564015;6;834;3039;2205;367.5;FALSE;;;
veh227;gasolineEuroSix;1176.3146370434392;20;836;2832;1996;99.8;FALSE;;;
veh228;highEmissions;2043.3739202894853;17;837;3123;2286;134.47058823529412;FALSE;;;
veh229;eVehicle;0.0;2;840;3125;2285;1142.5;FALSE;;;
veh230;normalVehicle;2311.0890008091123;13;842;3172;2330;179.23076923076923;FALSE;;;
veh232;eVehicle;0.0;7;844;3049;2205;315.0;FALSE;;;
veh231;truck;252509.61352728558;12;845;3174;2329;194.08333333333334;FALSE;;;
veh233;dieselEuroSix;10622.616961528392;4;850;3320;2470;617.5;FALSE;;;
veh234;hovDieselEuroSix;6883.261764289485;7;858;3221;2363;337.57142857142856;FALSE;;;
veh235;highEmissions;1982.015027150169;19;873;3223;2350;123.6842105263158;FALSE;;;
veh236;dieselEuroSix;9502.968695943175;14;874;3079;2205;157.5;FALSE;;;
veh237;eVehicle;0.0;19;877;3176;2299;121.0;FALSE;;;
veh238;dieselEuroSix;7818.977983448163;7;881;2846;1965;280.7142857142857;FALSE;;;
veh239;normalVehicle;1933.9570119845687;16;884;2848;1964;122.75;FALSE;;;
veh240;hovDieselEuroSix;6603.815165691307;4;886;3322;2436;609.0;FALSE;;;
veh241;truck;197060.98274848546;13;887;3050;2163;166.3846153846154;FALSE;;;
veh242;eVehicle;0.0;10;889;3127;2238;223.8;FALSE;;;
veh243;highEmissions;1969.964748770245;17;890;3323;2433;143.11764705882354;FALSE;;;
veh244;eVehicle;0.0;16;894;3129;2235;139.6875;FALSE;;;
veh245;dieselEuroSix;10502.367562925941;1;897;3130;2233;2233.0;FALSE;;;
veh248;hovDieselEuroSix;8007.549459105412;11;899;3225;2326;211.45454545454547;FALSE;;;
veh246;normalVehicle;2068.2663457123635;20;900;3132;2232;111.6;FALSE;;;
veh247;dieselEuroSix;10047.437675820915;13;903;3134;2231;171.6153846153846;FALSE;;;
veh249;eVehicle;0.0;10;905;3226;2321;232.1;FALSE;;;
veh250;gasolineEuroSix;948.7437754694209;1;907;3064;2157;2157.0;FALSE;;;
veh251;eVehicle;0.0;6;909;3209;2300;383.3333333333333;FALSE;;;
veh252;dieselEuroSix;8802.414451006933;7;914;3178;2264;323.42857142857144;FALSE;;;
veh253;eVehicle;0.0;11;926;3065;2139;194.45454545454547;FALSE;;;
veh254;eVehicle;0.0;19;927;3229;2302;121.15789473684211;FALSE;;;
veh255;gasolineEuroSix;1078.4518943501598;5;932;3809;2877;575.4;FALSE;;;
veh257;normalVehicle;2290.2983017192532;11;934;3180;2246;204.1818181818182;FALSE;;;
veh256;dieselEuroSix;8972.207192040718;14;935;3811;2876;205.42857142857142;FALSE;;;
veh258;hovDieselEuroSix;6752.886002524076;7;935;3136;2201;314.42857142857144;FALSE;;;
veh259;dieselEuroSix;6718.296311747942;9;941;3353;2412;268.0;FALSE;;;
veh261;gasolineEuroSix;1336.9278518725673;13;944;3181;2237;172.07692307692307;FALSE;;;
veh260;hovDieselEuroSix;5392.0369885952705;4;944;3647;2703;675.75;FALSE;;;
veh262;normalVehicle;2392.2074223782397;18;947;3183;2236;124.22222222222223;FALSE;;;
veh263;dieselEuroSix;7952.0200408301;12;949;3210;2261;188.41666666666666;FALSE;;;
veh264;hovDieselEuroSix;5562.446078475996;18;952;2849;1897;105.38888888888889;FALSE;;;
veh265;highEmissions;1874.5421723369632;16;955;3648;2693;168.3125;FALSE;;;
veh266;gasolineEuroSix;1179.942152476473;18;964;3325;2361;131.16666666666666;FALSE;;;
veh267;truck;185186.0886780678;8;975;3137;2162;270.25;FALSE;;;
veh269;highEmissions;1778.1636631906474;3;977;3080;2103;701.0;FALSE;;;
veh268;highEmissions;1433.8241342975305;2;979;3139;2160;1080.0;FALSE;;;
veh272;gasolineEuroSix;1250.4173186629002;5;980;3327;2347;469.4;FALSE;;;
veh270;hovDieselEuroSix;5130.613162392857;3;980;3082;2102;700.6666666666666;FALSE;;;
veh271;truck;163684.28289281158;6;983;3129;2146;357.6666666666667;FALSE;;;
veh273;normalVehicle;1806.7510091433405;6;989;3131;2142;357.0;FALSE;;;
veh274;dieselEuroSix;6968.527528853545;18;990;3401;2411;133.94444444444446;FALSE;;;
veh275;hovDieselEuroSix;5921.953775030917;7;992;3133;2141;305.85714285714283;FALSE;;;
veh276;hovDieselEuroSix;5592.380877710228;9;998;3402;2404;267.1111111111111;FALSE;;;
veh277;normalVehicle;2168.239941479471;11;1002;3404;2402;218.36363636363637;FALSE;;;
veh278;normalVehicle;1932.6262440560204;20;1008;3212;2204;110.2;FALSE;;;
veh279;dieselEuroSix;9810.729617573457;17;1009;3650;2641;155.35294117647058;FALSE;;;
veh280;hovDieselEuroSix;6134.339912666702;9;1010;3135;2125;236.11111111111111;FALSE;;;
veh281;highEmissions;1614.4429805025436;12;1012;3141;2129;177.41666666666666;FALSE;;;
veh282;gasolineEuroSix;1089.12350434883;11;1014;3214;2200;200.0;FALSE;;;
veh283;eVehicle;0.0;11;1019;3216;2197;199.72727272727272;FALSE;;;
veh284;gasolineEuroSix;1034.205964883048;4;1025;3701;2676;669.0;FALSE;;;
veh285;dieselEuroSix;9712.697708396223;10;1028;3185;2157;215.7;FALSE;;;
veh286;dieselEuroSix;9347.75832656676;8;1030;3812;2782;347.75;FALSE;;;
veh287;hovDieselEuroSix;7471.536073058266;20;1035;3652;2617;130.85;FALSE;;;
veh288;truck;234675.265179787;16;1036;3217;2181;136.3125;FALSE;;;
veh289;dieselEuroSix;10806.115578909754;5;1037;3187;2150;430.0;FALSE;;;
veh290;dieselEuroSix;10892.087484478268;19;1048;3654;2606;137.1578947368421;FALSE;;;
veh291;hovDieselEuroSix;4975.738725778957;18;1050;3143;2093;116.27777777777777;FALSE;;;
veh292;normalVehicle;1859.566763755208;4;1053;3144;2091;522.75;FALSE;;;
veh293;eVehicle;0.0;11;1055;3188;2133;193.9090909090909;FALSE;;;
veh294;gasolineEuroSix;1274.1869919884803;2;1065;3406;2341;1170.5;FALSE;;;
veh295;truck;160692.0069158794;14;1067;3109;2042;145.85714285714286;FALSE;;;
veh296;dieselEuroSix;10286.742720913311;3;1070;3219;2149;716.3333333333334;FALSE;;;
veh297;normalVehicle;2519.7934234717604;13;1073;3656;2583;198.69230769230768;FALSE;;;
veh298;gasolineEuroSix;1288.2497784352618;5;1079;3408;2329;465.8;FALSE;;;
veh299;normalVehicle;2371.8980876160517;5;1080;3221;2141;428.2;FALSE;;;
veh300;eVehicle;0.0;11;1082;3190;2108;191.63636363636363;FALSE;;;
veh302;eVehicle;0.0;4;1083;3814;2731;682.75;FALSE;;;
veh303;hovDieselEuroSix;8102.621402175641;20;1084;3657;2573;128.65;FALSE;;;
veh301;gasolineEuroSix;972.2688851848225;19;1085;3232;2147;113.0;FALSE;;;
veh304;eVehicle;0.0;13;1093;3146;2053;157.92307692307693;FALSE;;;
veh305;hovDieselEuroSix;6342.88209867517;3;1094;3703;2609;869.6666666666666;FALSE;;;
veh306;dieselEuroSix;10011.516443036222;19;1100;3705;2605;137.10526315789474;FALSE;;;
veh307;eVehicle;0.0;18;1109;3409;2300;127.77777777777777;FALSE;;;
veh308;truck;254658.81702496886;8;1117;3668;2551;318.875;FALSE;;;
veh309;normalVehicle;1858.8582696266162;19;1118;3233;2115;111.3157894736842;FALSE;;;
veh310;dieselEuroSix;6636.337214204888;3;1121;3348;2227;742.3333333333334;FALSE;;;
veh311;highEmissions;2014.0425167751894;9;1122;3411;2289;254.33333333333334;FALSE;;;
veh312;hovDieselEuroSix;7708.430841047378;12;1123;3706;2583;215.25;FALSE;;;
veh313;truck;254759.00935297037;10;1132;3670;2538;253.8;FALSE;;;
veh314;hovDieselEuroSix;5457.068110931527;19;1138;3148;2010;105.78947368421052;FALSE;;;
veh315;normalVehicle;1757.8993468209007;18;1139;3111;1972;109.55555555555556;FALSE;;;
veh316;hovDieselEuroSix;5749.826949847227;4;1141;3150;2009;502.25;FALSE;;;
veh317;hovDieselEuroSix;7069.967691560597;15;1143;3816;2673;178.2;FALSE;;;
veh318;gasolineEuroSix;1391.5349307821878;9;1146;3671;2525;280.55555555555554;FALSE;;;
veh319;hovDieselEuroSix;7544.708207181598;4;1151;3818;2667;666.75;FALSE;;;
veh320;hovDieselEuroSix;5837.834867544234;2;1154;3112;1958;979.0;FALSE;;;
veh321;eVehicle;0.0;10;1162;3674;2512;251.2;FALSE;;;
veh322;eVehicle;0.0;1;1169;3494;2325;2325.0;FALSE;;;
veh323;eVehicle;0.0;20;1173;3622;2449;122.45;FALSE;;;
veh324;gasolineEuroSix;1126.7286231978935;1;1180;3496;2316;2316.0;FALSE;;;
veh325;highEmissions;1733.5142533586825;3;1181;3624;2443;814.3333333333334;FALSE;;;
veh326;truck;233639.3007839087;14;1189;3676;2487;177.64285714285714;FALSE;;;
veh327;truck;244519.77177832293;4;1192;3708;2516;629.0;FALSE;;;
veh328;normalVehicle;1841.5973575083633;2;1193;3350;2157;1078.5;FALSE;;;
veh329;hovDieselEuroSix;6876.9682273407725;7;1194;3626;2432;347.42857142857144;FALSE;;;
veh330;eVehicle;0.0;8;1195;3295;2100;262.5;FALSE;;;
veh331;dieselEuroSix;9803.723264449982;19;1196;3413;2217;116.6842105263158;FALSE;;;
veh332;gasolineEuroSix;1232.1463754080785;14;1197;3498;2301;164.35714285714286;FALSE;;;
veh333;eVehicle;0.0;6;1202;3627;2425;404.1666666666667;FALSE;;;
veh335;normalVehicle;2159.252692041376;4;1204;3820;2616;654.0;FALSE;;;
veh334;hovDieselEuroSix;8030.255366448474;15;1205;3629;2424;161.6;FALSE;;;
veh336;dieselEuroSix;10684.37257551987;6;1207;3499;2292;382.0;FALSE;;;
veh337;truck;250261.91638582383;8;1210;3501;2291;286.375;FALSE;;;
veh338;eVehicle;0.0;6;1218;3300;2082;347.0;FALSE;;;
veh339;hovDieselEuroSix;5711.592257805309;4;1221;3301;2080;520.0;FALSE;;;
veh340;eVehicle;0.0;14;1223;3677;2454;175.28571428571428;FALSE;;;
veh341;eVehicle;0.0;13;1232;3710;2478;190.6153846153846;FALSE;;;
veh343;normalVehicle;1587.1071418490353;18;1234;3388;2154;119.66666666666667;FALSE;;;
veh342;normalVehicle;2261.0067849839957;10;1235;3712;2477;247.7;FALSE;;;
veh344;normalVehicle;1862.6252439089733;18;1237;3390;2153;119.61111111111111;FALSE;;;
veh345;dieselEuroSix;9495.256909642056;9;1242;3679;2437;270.77777777777777;FALSE;;;
veh346;dieselEuroSix;8854.786640337854;16;1243;3303;2060;128.75;FALSE;;;
veh348;eVehicle;0.0;11;1245;3631;2386;216.9090909090909;FALSE;;;
veh347;hovDieselEuroSix;5234.190870855779;4;1246;3740;2494;623.5;FALSE;;;
veh350;eVehicle;0.0;7;1246;3821;2575;367.85714285714283;FALSE;;;
veh349;dieselEuroSix;9539.343875144741;11;1248;3633;2385;216.8181818181818;FALSE;;;
veh351;truck;218876.19696956055;2;1249;3823;2574;1287.0;FALSE;;;
veh352;hovDieselEuroSix;7580.84517366339;1;1252;3714;2462;2462.0;FALSE;;;
veh354;dieselEuroSix;7793.7801978712;1;1253;3415;2162;2162.0;FALSE;;;
veh353;normalVehicle;2553.466992971732;10;1255;3716;2461;246.1;FALSE;;;
veh355;hovDieselEuroSix;6330.094494400699;20;1256;3416;2160;108.0;FALSE;;;
veh356;hovDieselEuroSix;4939.768580024763;11;1261;3392;2131;193.72727272727272;FALSE;;;
veh357;hovDieselEuroSix;7899.154809723149;15;1265;3717;2452;163.46666666666667;FALSE;;;
veh358;highEmissions;1782.5726388834958;13;1269;3418;2149;165.30769230769232;FALSE;;;
veh360;dieselEuroSix;10068.258443717099;11;1271;3825;2554;232.1818181818182;FALSE;;;
veh359;hovDieselEuroSix;4952.859706204968;13;1272;3617;2345;180.3846153846154;FALSE;;;
veh361;dieselEuroSix;9219.322841914747;3;1273;3681;2408;802.6666666666666;FALSE;;;
veh362;hovDieselEuroSix;7496.469524999899;3;1276;3683;2407;802.3333333333334;FALSE;;;
veh363;eVehicle;0.0;11;1277;3618;2341;212.8181818181818;FALSE;;;
veh364;normalVehicle;2393.2724714096694;20;1283;3685;2402;120.1;FALSE;;;
veh365;normalVehicle;2412.98668952515;15;1286;3503;2217;147.8;FALSE;;;
veh366;truck;238294.45042790566;4;1289;3504;2215;553.75;FALSE;;;
veh367;eVehicle;0.0;9;1291;3827;2536;281.77777777777777;FALSE;;;
veh368;normalVehicle;2495.800119537348;7;1295;3506;2211;315.85714285714283;FALSE;;;
veh369;normalVehicle;2129.2355004196174;20;1299;3527;2228;111.4;FALSE;;;
veh370;truck;225816.23110714275;18;1300;3620;2320;128.88888888888889;FALSE;;;
veh371;eVehicle;0.0;16;1301;3742;2441;152.5625;FALSE;;;
veh372;hovDieselEuroSix;7050.76349013545;12;1304;3744;2440;203.33333333333334;FALSE;;;
veh373;eVehicle;0.0;9;1304;3557;2253;250.33333333333334;FALSE;;;
veh375;truck;209341.67376862472;6;1306;3635;2329;388.1666666666667;FALSE;;;
veh374;hovDieselEuroSix;5627.3652767238655;18;1307;3559;2252;125.11111111111111;FALSE;;;
veh376;dieselEuroSix;10337.647734920765;7;1321;3622;2301;328.7142857142857;FALSE;;;
veh377;truck;256005.51769259086;10;1322;3719;2397;239.7;FALSE;;;
veh378;highEmissions;1803.7431211484563;7;1328;3721;2393;341.85714285714283;FALSE;;;
veh379;gasolineEuroSix;989.7689433948706;8;1336;3735;2399;299.875;FALSE;;;
veh380;dieselEuroSix;6637.248061202916;12;1337;3710;2373;197.75;FALSE;;;
veh381;normalVehicle;2190.0461986013174;3;1342;3637;2295;765.0;FALSE;;;
veh383;eVehicle;0.0;9;1343;3686;2343;260.3333333333333;FALSE;;;
veh382;truck;212504.25477248084;3;1345;3639;2294;764.6666666666666;FALSE;;;
veh384;normalVehicle;2362.020412712827;15;1346;3745;2399;159.93333333333334;FALSE;;;
veh385;eVehicle;0.0;3;1349;3747;2398;799.3333333333334;FALSE;;;
veh386;eVehicle;0.0;19;1360;3640;2280;120.0;FALSE;;;
veh387;eVehicle;0.0;11;1362;3605;2243;203.9090909090909;FALSE;;;
veh388;normalVehicle;1963.699569534194;8;1365;3607;2242;280.25;FALSE;;;
veh389;eVehicle;0.0;13;1374;3609;2235;171.92307692307693;FALSE;;;
veh390;eVehicle;0.0;10;1375;3737;2362;236.2;FALSE;;;
veh391;eVehicle;0.0;2;1378;3739;2361;1180.5;FALSE;;;
veh392;eVehicle;0.0;11;1385;3642;2257;205.1818181818182;FALSE;;;
veh393;hovDieselEuroSix;7883.2940988149785;6;1388;3749;2361;393.5;FALSE;;;
veh394;eVehicle;0.0;11;1392;3623;2231;202.8181818181818;FALSE;;;
veh395;eVehicle;0.0;19;1394;3828;2434;128.10526315789474;FALSE;;;
veh396;highEmissions;1903.998534440616;10;1397;3830;2433;243.3;FALSE;;;
veh397;gasolineEuroSix;1317.6070510530185;8;1400;3832;2432;304.0;FALSE;;;
veh398;hovDieselEuroSix;7402.079737347252;11;1402;3643;2241;203.72727272727272;FALSE;;;
veh399;truck;195390.99327450822;4;1409;3712;2303;575.75;FALSE;;;
veh400;eVehicle;0.0;18;1413;3833;2420;134.44444444444446;FALSE;;;
veh401;truck;216514.62328834107;20;1421;3688;2267;113.35;FALSE;;;
veh402;truck;225803.5973043488;19;1423;3625;2202;115.89473684210526;FALSE;;;
veh403;eVehicle;0.0;20;1425;3645;2220;111.0;FALSE;;;
veh405;hovDieselEuroSix;6173.947776470577;3;1427;3714;2287;762.3333333333334;FALSE;;;
veh404;truck;248751.70955254533;8;1428;3647;2219;277.375;FALSE;;;
veh406;gasolineEuroSix;1157.1215699115446;8;1429;3835;2406;300.75;FALSE;;;
veh407;gasolineEuroSix;980.9347243900619;1;1431;3777;2346;2346.0;FALSE;;;
veh408;truck;235882.23089401645;8;1434;3741;2307;288.375;FALSE;;;
veh409;truck;205898.02631072135;13;1438;3779;2341;180.07692307692307;FALSE;;;
veh410;truck;223508.96433844976;3;1443;3837;2394;798.0;FALSE;;;
veh411;hovDieselEuroSix;7123.914833398705;9;1445;3742;2297;255.22222222222223;FALSE;;;
veh412;truck;215187.65238291127;18;1451;3649;2198;122.11111111111111;FALSE;;;
veh414;hovDieselEuroSix;6778.705177207326;3;1454;3780;2326;775.3333333333334;FALSE;;;
veh413;eVehicle;0.0;3;1455;3974;2519;839.6666666666666;FALSE;;;
veh415;eVehicle;0.0;1;1474;3715;2241;2241.0;FALSE;;;
veh416;truck;231561.79174433133;1;1488;3627;2139;2139.0;FALSE;;;
veh417;gasolineEuroSix;1186.5448357828657;10;1489;3975;2486;248.6;FALSE;;;
veh418;truck;197190.69286713962;12;1501;3839;2338;194.83333333333334;FALSE;;;
veh419;normalVehicle;2287.6614734041354;16;1506;3744;2238;139.875;FALSE;;;
veh420;dieselEuroSix;8804.136546913041;16;1511;3782;2271;141.9375;FALSE;;;
veh421;highEmissions;1902.0724006782616;5;1518;3784;2266;453.2;FALSE;;;
veh422;dieselEuroSix;8609.614770730379;4;1525;3717;2192;548.0;FALSE;;;
veh423;eVehicle;0.0;17;1526;3841;2315;136.1764705882353;FALSE;;;
veh424;eVehicle;0.0;11;1529;3746;2217;201.54545454545453;FALSE;;;
veh425;gasolineEuroSix;983.7808155228978;3;1530;3822;2292;764.0;FALSE;;;
veh426;gasolineEuroSix;1233.795879587501;17;1532;3719;2187;128.64705882352942;FALSE;;;
veh427;truck;206213.96591941954;6;1533;3629;2096;349.3333333333333;FALSE;;;
veh428;eVehicle;0.0;6;1538;3616;2078;346.3333333333333;FALSE;;;
veh429;normalVehicle;1822.947686888665;5;1541;3618;2077;415.4;FALSE;;;
veh431;eVehicle;0.0;5;1542;4057;2515;503.0;FALSE;;;
veh430;truck;209021.40415251272;11;1544;3619;2075;188.63636363636363;FALSE;;;
veh432;highEmissions;1926.357698717168;10;1546;3785;2239;223.9;FALSE;;;
veh433;hovDieselEuroSix;6513.508574815493;4;1553;3842;2289;572.25;FALSE;;;
veh434;highEmissions;1571.680174030396;17;1563;4217;2654;156.11764705882354;FALSE;;;
veh435;truck;204913.17658682345;20;1564;3824;2260;113.0;FALSE;;;
veh436;gasolineEuroSix;986.3573946805968;10;1569;3861;2292;229.2;FALSE;;;
veh437;dieselEuroSix;8416.424933813185;5;1584;3630;2046;409.2;FALSE;;;
veh438;hovDieselEuroSix;6846.070766582697;7;1591;3844;2253;321.85714285714283;FALSE;;;
veh439;eVehicle;0.0;5;1592;4059;2467;493.4;FALSE;;;
veh440;normalVehicle;2030.6095464873326;18;1597;4219;2622;145.66666666666666;FALSE;;;
veh441;highEmissions;1855.839680199184;2;1600;4061;2461;1230.5;FALSE;;;
veh443;eVehicle;0.0;20;1603;4220;2617;130.85;FALSE;;;
veh442;gasolineEuroSix;1330.5360245229506;11;1603;4062;2459;223.54545454545453;FALSE;;;
veh444;gasolineEuroSix;1366.1228165042196;18;1606;4064;2458;136.55555555555554;FALSE;;;
veh445;truck;191707.6270132392;7;1609;3738;2129;304.14285714285717;FALSE;;;
veh446;gasolineEuroSix;1421.4175206646626;6;1610;4066;2456;409.3333333333333;FALSE;;;
veh447;eVehicle;0.0;10;1615;3846;2231;223.1;FALSE;;;
veh448;highEmissions;1362.772563164391;14;1624;3927;2303;164.5;FALSE;;;
veh449;highEmissions;2258.96194104398;18;1627;4067;2440;135.55555555555554;FALSE;;;
veh450;normalVehicle;1932.4516936226935;6;1629;3929;2300;383.3333333333333;FALSE;;;
veh451;gasolineEuroSix;1193.2635020371013;2;1630;4070;2440;1220.0;FALSE;;;
veh452;normalVehicle;1505.9847480417134;8;1634;3694;2060;257.5;FALSE;;;
veh453;eVehicle;0.0;9;1637;3696;2059;228.77777777777777;FALSE;;;
veh454;highEmissions;1416.4015652989715;3;1640;4001;2361;787.0;FALSE;;;
veh456;truck;195768.9224346177;15;1642;3863;2221;148.06666666666666;FALSE;;;
veh455;eVehicle;0.0;14;1643;4003;2360;168.57142857142858;FALSE;;;
veh457;gasolineEuroSix;1313.5462210530725;18;1643;4072;2429;134.94444444444446;FALSE;;;
veh458;truck;204556.42140172675;9;1652;4004;2352;261.3333333333333;FALSE;;;
veh459;eVehicle;0.0;18;1654;4294;2640;146.66666666666666;FALSE;;;
veh460;hovDieselEuroSix;6876.774845144158;15;1655;3977;2322;154.8;FALSE;;;
veh461;gasolineEuroSix;1313.2776442163706;18;1656;4222;2566;142.55555555555554;FALSE;;;
veh463;truck;233240.31525481117;15;1658;3979;2321;154.73333333333332;FALSE;;;
veh462;highEmissions;2171.184072759987;1;1659;4224;2565;2565.0;FALSE;;;
veh464;gasolineEuroSix;1164.100840813691;13;1663;3739;2076;159.69230769230768;FALSE;;;
veh465;hovDieselEuroSix;8326.174366340687;11;1667;4226;2559;232.63636363636363;FALSE;;;
veh466;hovDieselEuroSix;6621.754791180673;6;1669;4295;2626;437.6666666666667;FALSE;;;
veh467;normalVehicle;2089.4600485374;9;1673;3930;2257;250.77777777777777;FALSE;;;
veh468;gasolineEuroSix;1248.5767046853696;16;1675;4006;2331;145.6875;FALSE;;;
veh469;hovDieselEuroSix;4836.98297488999;1;1679;3987;2308;2308.0;FALSE;;;
veh470;gasolineEuroSix;1070.7388783125537;14;1685;3741;2056;146.85714285714286;FALSE;;;
veh471;gasolineEuroSix;1159.4754575953511;19;1686;3932;2246;118.21052631578948;FALSE;;;
veh472;normalVehicle;2649.38946436342;1;1688;4227;2539;2539.0;FALSE;;;
veh473;hovDieselEuroSix;5280.069809819684;2;1693;3743;2050;1025.0;FALSE;;;
veh474;normalVehicle;1858.214014416328;12;1695;3787;2092;174.33333333333334;FALSE;;;
veh475;hovDieselEuroSix;7015.397400694764;19;1700;4008;2308;121.47368421052632;FALSE;;;
veh476;gasolineEuroSix;1409.518585817631;5;1702;4229;2527;505.4;FALSE;;;
veh477;hovDieselEuroSix;8108.027771709323;19;1705;4231;2526;132.94736842105263;FALSE;;;
veh478;highEmissions;1471.7533833604891;5;1714;4040;2326;465.2;FALSE;;;
veh479;normalVehicle;2000.8129664648443;5;1738;4041;2303;460.6;FALSE;;;
veh480;dieselEuroSix;7155.405338631903;9;1741;3745;2004;222.66666666666666;FALSE;;;
veh481;normalVehicle;2373.126763580145;9;1745;4010;2265;251.66666666666666;FALSE;;;
veh482;gasolineEuroSix;1423.5196382958616;13;1749;4232;2483;191.0;FALSE;;;
veh484;gasolineEuroSix;1166.0889663494493;19;1751;3934;2183;114.89473684210526;FALSE;;;
veh483;normalVehicle;2484.664296559908;13;1752;4234;2482;190.92307692307693;FALSE;;;
veh485;gasolineEuroSix;1103.4538375414136;6;1756;3989;2233;372.1666666666667;FALSE;;;
veh487;normalVehicle;2202.5620966165206;20;1758;3935;2177;108.85;FALSE;;;
veh486;dieselEuroSix;9732.135855719713;3;1759;3990;2231;743.6666666666666;FALSE;;;
veh488;gasolineEuroSix;1400.4792054442632;8;1759;4236;2477;309.625;FALSE;;;
veh489;gasolineEuroSix;1020.67402821375;16;1763;3947;2184;136.5;FALSE;;;
veh490;gasolineEuroSix;1143.6617341244291;1;1767;3789;2022;2022.0;FALSE;;;
veh491;truck;229941.10743208765;6;1769;4297;2528;421.3333333333333;FALSE;;;
veh492;truck;243220.51555060336;17;1773;4299;2526;148.58823529411765;FALSE;;;
veh493;normalVehicle;1864.6421438938219;11;1776;3746;1970;179.0909090909091;FALSE;;;
veh494;gasolineEuroSix;1250.6537832543315;17;1787;4043;2256;132.7058823529412;FALSE;;;
veh495;normalVehicle;1552.1411939028278;15;1799;4157;2358;157.2;FALSE;;;
veh496;highEmissions;2133.7868120340177;8;1800;4301;2501;312.625;FALSE;;;
veh497;dieselEuroSix;8440.204231471354;8;1802;4159;2357;294.625;FALSE;;;
veh498;eVehicle;0.0;11;1803;3790;1987;180.63636363636363;FALSE;;;
veh499;gasolineEuroSix;1257.5329840873928;16;1806;3792;1986;124.125;FALSE;;;
veh500;eVehicle;0.0;16;1814;4045;2231;139.4375;FALSE;;;
veh501;dieselEuroSix;6542.589223359923;8;1815;4010;2195;274.375;FALSE;;;
veh502;truck;205966.3680486636;14;1817;4047;2230;159.28571428571428;FALSE;;;
veh503;hovDieselEuroSix;5601.097820822391;11;1827;3992;2165;196.8181818181818;FALSE;;;
veh504;eVehicle;0.0;18;1831;3994;2163;120.16666666666667;FALSE;;;
veh505;eVehicle;0.0;20;1834;3996;2162;108.1;FALSE;;;
veh507;dieselEuroSix;7024.153307097829;9;1834;4806;2972;330.22222222222223;FALSE;;;
veh509;dieselEuroSix;8656.801717652968;8;1836;3949;2113;264.125;FALSE;;;
veh506;dieselEuroSix;9836.480678139993;2;1837;3998;2161;1080.5;FALSE;;;
veh508;hovDieselEuroSix;6721.648688551258;3;1837;4808;2971;990.3333333333334;FALSE;;;
veh510;hovDieselEuroSix;6776.76983725559;17;1846;4238;2392;140.7058823529412;FALSE;;;
veh511;eVehicle;0.0;12;1859;3871;2012;167.66666666666666;FALSE;;;
veh512;normalVehicle;2477.475209768639;6;1860;4303;2443;407.1666666666667;FALSE;;;
veh513;gasolineEuroSix;1278.3737222840582;17;1862;3999;2137;125.70588235294117;FALSE;;;
veh514;hovDieselEuroSix;6083.711098527832;7;1866;3951;2085;297.85714285714283;FALSE;;;
veh515;gasolineEuroSix;962.2963204630937;10;1869;4072;2203;220.3;FALSE;;;
veh516;hovDieselEuroSix;4766.543700464884;10;1881;4085;2204;220.4;FALSE;;;
veh517;eVehicle;0.0;10;1884;4090;2206;220.6;FALSE;;;
veh518;dieselEuroSix;8514.291424607416;18;1887;4092;2205;122.5;FALSE;;;
veh519;dieselEuroSix;9591.054205177456;12;1888;4161;2273;189.41666666666666;FALSE;;;
veh520;normalVehicle;1639.0161709367178;6;1889;3873;1984;330.6666666666667;FALSE;;;
veh521;gasolineEuroSix;1260.0794772598947;15;1890;4810;2920;194.66666666666666;FALSE;;;
veh522;gasolineEuroSix;978.958880610232;20;1897;4228;2331;116.55;FALSE;;;
veh523;eVehicle;0.0;3;1902;4811;2909;969.6666666666666;FALSE;;;
veh524;highEmissions;1618.6578489226035;4;1908;4093;2185;546.25;FALSE;;;
veh525;dieselEuroSix;8649.517138948431;20;1914;4001;2087;104.35;FALSE;;;
veh526;eVehicle;0.0;17;1918;4095;2177;128.05882352941177;FALSE;;;
veh527;dieselEuroSix;10181.816615919728;19;1919;4813;2894;152.31578947368422;FALSE;;;
veh528;dieselEuroSix;9919.93333582853;13;1921;4097;2176;167.3846153846154;FALSE;;;
veh529;eVehicle;0.0;6;1925;4305;2380;396.6666666666667;FALSE;;;
veh530;hovDieselEuroSix;7544.143399342731;5;1928;4306;2378;475.6;FALSE;;;
veh531;hovDieselEuroSix;7279.619797703431;9;1941;4308;2367;263.0;FALSE;;;
veh532;hovDieselEuroSix;5124.00891913654;14;1944;4049;2105;150.35714285714286;FALSE;;;
veh533;dieselEuroSix;10432.65048576673;7;1947;4817;2870;410.0;FALSE;;;
veh534;gasolineEuroSix;1109.317459679119;19;1950;4003;2053;108.05263157894737;FALSE;;;
veh535;eVehicle;0.0;2;1952;4311;2359;1179.5;FALSE;;;
veh536;eVehicle;0.0;16;1954;4099;2145;134.0625;FALSE;;;
veh537;eVehicle;0.0;13;1965;4341;2376;182.76923076923077;FALSE;;;
veh538;hovDieselEuroSix;5719.057471200825;12;1967;4269;2302;191.83333333333334;FALSE;;;
veh539;gasolineEuroSix;1334.8005432385758;13;1973;4310;2337;179.76923076923077;FALSE;;;
veh540;highEmissions;2111.1303570156915;17;1976;4311;2335;137.35294117647058;FALSE;;;
veh541;gasolineEuroSix;1398.0445686633816;6;1979;4313;2334;389.0;FALSE;;;
veh542;hovDieselEuroSix;5045.160642300646;18;1984;4004;2020;112.22222222222223;FALSE;;;
veh543;eVehicle;0.0;2;1986;4316;2330;1165.0;FALSE;;;
veh544;gasolineEuroSix;932.7976325707773;17;1987;3970;1983;116.6470588235294;FALSE;;;
veh545;normalVehicle;1981.0377850095103;3;1988;4343;2355;785.0;FALSE;;;
veh546;normalVehicle;2274.6849204188743;9;1991;4344;2353;261.44444444444446;FALSE;;;
veh547;eVehicle;0.0;4;1995;4318;2323;580.75;FALSE;;;
veh548;highEmissions;1748.3425371526837;9;2003;4271;2268;252.0;FALSE;;;
veh549;gasolineEuroSix;970.8639630988504;3;2014;4116;2102;700.6666666666666;FALSE;;;
veh550;gasolineEuroSix;1119.469299343245;5;2019;4252;2233;446.6;FALSE;;;
veh551;normalVehicle;1689.089820821918;20;2020;4455;2435;121.75;FALSE;;;
veh552;eVehicle;0.0;3;2023;4123;2100;700.0;FALSE;;;
veh554;gasolineEuroSix;1139.2828071230163;15;2025;4346;2321;154.73333333333332;FALSE;;;
veh553;gasolineEuroSix;1067.6985454376702;8;2026;4483;2457;307.125;FALSE;;;
veh555;truck;220837.4847341921;13;2029;4485;2456;188.92307692307693;FALSE;;;
veh556;gasolineEuroSix;1269.458071349403;14;2035;4348;2313;165.21428571428572;FALSE;;;
veh557;dieselEuroSix;9950.205635072532;13;2039;4818;2779;213.76923076923077;FALSE;;;
veh558;gasolineEuroSix;1093.6731909877449;6;2047;4254;2207;367.8333333333333;FALSE;;;
veh559;normalVehicle;1636.391535247786;11;2050;4280;2230;202.72727272727272;FALSE;;;
veh560;gasolineEuroSix;1111.4188816620192;15;2056;4312;2256;150.4;FALSE;;;
veh561;hovDieselEuroSix;7282.850922136473;5;2060;4820;2760;552.0;FALSE;;;
veh563;dieselEuroSix;9455.603364010987;20;2062;4319;2257;112.85;FALSE;;;
veh562;normalVehicle;2424.9127222966513;16;2063;4822;2759;172.4375;FALSE;;;
veh564;normalVehicle;1581.7326671208968;7;2064;4486;2422;346.0;FALSE;;;
veh565;eVehicle;0.0;4;2069;4321;2252;563.0;FALSE;;;
veh566;eVehicle;0.0;14;2074;4457;2383;170.21428571428572;FALSE;;;
veh567;normalVehicle;1990.2311240018855;20;2075;4282;2207;110.35;FALSE;;;
veh568;dieselEuroSix;9133.109006637043;18;2079;4824;2745;152.5;FALSE;;;
veh569;eVehicle;0.0;14;2080;3468;1388;99.14285714285714;TRUE;;;
veh570;highEmissions;1827.7364209668613;4;2083;4459;2376;594.0;FALSE;;;
veh571;eVehicle;0.0;10;2085;4284;2199;219.9;FALSE;;;
veh572;dieselEuroSix;10595.685407346262;9;2089;4350;2261;251.22222222222223;FALSE;;;
veh573;dieselEuroSix;7244.097713205324;8;2092;4343;2251;281.375;FALSE;;;
veh574;eVehicle;0.0;13;2093;4363;2270;174.6153846153846;FALSE;;;
veh575;dieselEuroSix;8539.631471723407;18;2100;4345;2245;124.72222222222223;FALSE;;;
veh576;hovDieselEuroSix;6817.189811473199;1;2103;4347;2244;2244.0;FALSE;;;
veh577;hovDieselEuroSix;6104.299918097236;7;2109;4349;2240;320.0;FALSE;;;
veh578;gasolineEuroSix;1270.2599328922668;17;2111;4352;2241;131.8235294117647;FALSE;;;
veh579;dieselEuroSix;9859.456765839905;15;2112;4826;2714;180.93333333333334;FALSE;;;
veh580;hovDieselEuroSix;2772.0468574101233;19;2116;3375;1259;66.26315789473684;TRUE;;;
veh581;hovDieselEuroSix;2729.62534246252;1;2120;3352;1232;1232.0;TRUE;;;
veh582;normalVehicle;1622.3910619298586;1;2123;4377;2254;2254.0;FALSE;;;
veh583;gasolineEuroSix;1375.4609748698915;20;2124;4828;2704;135.2;FALSE;;;
veh584;gasolineEuroSix;587.628257923686;8;2127;3264;1137;142.125;TRUE;;;
veh585;dieselEuroSix;8060.250794999025;9;2129;4488;2359;262.1111111111111;FALSE;;;
veh586;eVehicle;0.0;7;2132;4364;2232;318.85714285714283;FALSE;;;
veh587;gasolineEuroSix;581.5482036386987;6;2135;3332;1197;199.5;TRUE;;;
veh588;gasolineEuroSix;565.0768883257957;10;2137;3397;1260;126.0;TRUE;;;
veh589;eVehicle;0.0;5;2138;4320;2182;436.4;FALSE;;;
veh590;normalVehicle;1041.8361494567237;18;2141;3376;1235;68.61111111111111;TRUE;;;
veh591;highEmissions;1616.111063540941;7;2144;4321;2177;311.0;FALSE;;;
veh592;eVehicle;0.0;9;2154;4323;2169;241.0;FALSE;;;
veh593;normalVehicle;1947.7426264977375;10;2155;4378;2223;222.3;FALSE;;;
veh594;hovDieselEuroSix;3075.415643689311;19;2160;3353;1193;62.78947368421053;TRUE;;;
veh595;highEmissions;1825.0701371686491;9;2169;4380;2211;245.66666666666666;FALSE;;;
veh596;hovDieselEuroSix;5889.712195657699;15;2170;4354;2184;145.6;FALSE;;;
veh597;eVehicle;0.0;6;2176;3467;1291;215.16666666666666;TRUE;;;
veh598;dieselEuroSix;9656.095652035863;18;2181;4460;2279;126.61111111111111;FALSE;;;
veh599;eVehicle;0.0;12;2184;4507;2323;193.58333333333334;FALSE;;;
veh600;normalVehicle;1084.0523931934736;16;2189;3469;1280;80.0;TRUE;;;
veh601;dieselEuroSix;3789.06245823676;14;2190;3392;1202;85.85714285714286;TRUE;;;
veh602;gasolineEuroSix;1252.3309775344312;4;2194;4486;2292;573.0;FALSE;;;
veh603;normalVehicle;2375.2021247899625;7;2212;4829;2617;373.85714285714283;FALSE;;;
veh604;highEmissions;771.7285003928906;19;2214;3552;1338;70.42105263157895;TRUE;;;
veh605;dieselEuroSix;3894.7294961024163;13;2221;3522;1301;100.07692307692308;TRUE;;;
veh606;hovDieselEuroSix;2845.458374258362;7;2229;3492;1263;180.42857142857142;TRUE;;;
veh607;truck;85633.8514081414;10;2239;3462;1223;122.3;TRUE;;;
veh608;dieselEuroSix;4393.604597401129;4;2241;3554;1313;328.25;TRUE;;;
veh609;gasolineEuroSix;698.7748366801457;1;2244;3555;1311;1311.0;TRUE;;;
veh610;hovDieselEuroSix;2739.0179017586606;4;2244;3378;1134;283.5;TRUE;;;
veh611;dieselEuroSix;5150.030177912878;19;2245;3470;1225;64.47368421052632;TRUE;;;
veh613;highEmissions;740.0541849491754;1;2246;3498;1252;1252.0;TRUE;;;
veh612;truck;103870.3701468069;18;2248;3472;1224;68.0;TRUE;;;
veh614;eVehicle;0.0;10;2252;3500;1248;124.8;TRUE;;;
veh615;eVehicle;0.0;5;2254;3523;1269;253.8;TRUE;;;
veh616;eVehicle;0.0;3;2260;3557;1297;432.3333333333333;TRUE;;;
veh617;gasolineEuroSix;644.2257937541642;17;2263;3494;1231;72.41176470588235;TRUE;;;
veh618;gasolineEuroSix;565.2173639520229;12;2264;3466;1202;100.16666666666667;TRUE;;;
veh620;truck;111481.96158477674;19;2265;3474;1209;63.63157894736842;TRUE;;;
veh619;highEmissions;921.7706712891174;10;2267;3659;1392;139.2;TRUE;;;
veh621;eVehicle;0.0;14;2278;3502;1224;87.42857142857143;TRUE;;;
veh622;gasolineEuroSix;721.698095101273;17;2281;3661;1380;81.17647058823529;TRUE;;;
veh623;highEmissions;925.3038886719446;12;2285;3503;1218;101.5;TRUE;;;
veh624;highEmissions;776.0751058181228;17;2291;3470;1179;69.3529411764706;TRUE;;;
veh625;normalVehicle;1365.8307297450065;11;2297;3663;1366;124.18181818181819;TRUE;;;
veh626;hovDieselEuroSix;4461.970507297559;1;2300;3664;1364;1364.0;TRUE;;;
veh627;normalVehicle;994.5969241261358;4;2303;3651;1348;337.0;TRUE;;;
veh628;dieselEuroSix;3863.1377120637003;15;2305;3599;1294;86.26666666666667;TRUE;;;
veh629;highEmissions;758.0562513706212;15;2306;3640;1334;88.93333333333334;TRUE;;;
veh630;normalVehicle;846.3734194703907;12;2309;3466;1157;96.41666666666667;TRUE;;;
veh631;highEmissions;1191.4510553000382;10;2310;3666;1356;135.6;TRUE;;;
veh632;dieselEuroSix;5913.879718357327;18;2318;3559;1241;68.94444444444444;TRUE;;;
veh633;hovDieselEuroSix;2671.599609762118;13;2326;3503;1177;90.53846153846153;TRUE;;;
veh634;dieselEuroSix;4334.9256835498445;11;2331;3525;1194;108.54545454545455;TRUE;;;
veh635;dieselEuroSix;5233.9370135099225;19;2332;3653;1321;69.52631578947368;TRUE;;;
veh636;normalVehicle;906.8215266294521;16;2333;3505;1172;73.25;TRUE;;;
veh637;gasolineEuroSix;635.8452711434264;4;2334;3601;1267;316.75;TRUE;;;
veh638;eVehicle;0.0;13;2351;3560;1209;93.0;TRUE;;;
veh639;highEmissions;824.1488584207584;13;2354;3603;1249;96.07692307692308;TRUE;;;
veh640;normalVehicle;1562.0181387733787;7;2355;4530;2175;310.7142857142857;FALSE;;;
veh641;eVehicle;0.0;18;2358;3537;1179;65.5;TRUE;;;
veh642;eVehicle;0.0;1;2360;3562;1202;1202.0;TRUE;;;
veh643;eVehicle;0.0;9;2362;4532;2170;241.11111111111111;FALSE;;;
veh644;truck;84823.97626029473;20;2367;3609;1242;62.1;TRUE;;;
veh645;eVehicle;0.0;17;2378;4773;2395;140.88235294117646;FALSE;;;
veh646;highEmissions;1685.6262467945717;7;2381;4774;2393;341.85714285714283;FALSE;;;
veh647;truck;89377.29942742079;15;2395;3610;1215;81.0;TRUE;;;
veh648;dieselEuroSix;3774.2558868606084;20;2399;3648;1249;62.45;TRUE;;;
veh649;hovDieselEuroSix;5102.299507295003;17;2401;4889;2488;146.35294117647058;FALSE;;;
veh650;dieselEuroSix;4777.062344826579;14;2402;3649;1247;89.07142857142857;TRUE;;;
veh651;gasolineEuroSix;594.5057025830599;10;2406;3642;1236;123.6;TRUE;;;
veh652;dieselEuroSix;9391.474533316567;6;2411;4776;2365;394.1666666666667;FALSE;;;
veh653;dieselEuroSix;4386.784337481152;15;2418;3849;1431;95.4;TRUE;;;
veh654;gasolineEuroSix;956.3272142220999;20;2431;4446;2015;100.75;FALSE;;;
veh655;eVehicle;0.0;17;2437;4488;2051;120.6470588235294;FALSE;;;
veh656;dieselEuroSix;4437.747701141966;7;2439;3612;1173;167.57142857142858;TRUE;;;
veh657;eVehicle;0.0;12;2442;3614;1172;97.66666666666667;TRUE;;;
veh658;dieselEuroSix;6691.273932413343;17;2443;4748;2305;135.58823529411765;FALSE;;;
veh659;gasolineEuroSix;1055.7357702911781;1;2446;4919;2473;2473.0;FALSE;;;
veh660;normalVehicle;1966.441957496492;13;2449;4891;2442;187.84615384615384;FALSE;;;
veh661;dieselEuroSix;10034.740087509086;19;2454;4778;2324;122.3157894736842;FALSE;;;
veh662;highEmissions;1433.1718325601191;14;2455;4775;2320;165.71428571428572;FALSE;;;
veh663;eVehicle;0.0;13;2459;3651;1192;91.6923076923077;TRUE;;;
veh664;eVehicle;0.0;11;2468;4921;2453;223.0;FALSE;;;
veh665;gasolineEuroSix;1294.1035541851907;20;2473;4923;2450;122.5;FALSE;;;
veh666;gasolineEuroSix;1346.7395573015547;19;2474;4780;2306;121.36842105263158;FALSE;;;
veh667;eVehicle;0.0;3;2475;4750;2275;758.3333333333334;FALSE;;;
veh668;normalVehicle;2048.5385375529204;16;2481;4752;2271;141.9375;FALSE;;;
veh669;eVehicle;0.0;8;2486;4893;2407;300.875;FALSE;;;
veh671;eVehicle;0.0;10;2487;4490;2003;200.3;FALSE;;;
veh670;dieselEuroSix;10320.084709990439;1;2489;4895;2406;2406.0;FALSE;;;
veh672;hovDieselEuroSix;4786.973888076909;14;2500;4775;2275;162.5;FALSE;;;
veh673;dieselEuroSix;10657.33292216159;5;2501;4896;2395;479.0;FALSE;;;
veh674;gasolineEuroSix;975.450237306296;13;2502;4774;2272;174.76923076923077;FALSE;;;
veh675;eVehicle;0.0;9;2511;4898;2387;265.22222222222223;FALSE;;;
veh678;dieselEuroSix;6920.58648718365;3;2514;4561;2047;682.3333333333334;FALSE;;;
veh676;truck;271811.12464004883;6;2514;4900;2386;397.6666666666667;FALSE;;;
veh677;normalVehicle;2634.3362539345862;20;2518;4902;2384;119.2;FALSE;;;
veh679;gasolineEuroSix;958.2334986488219;1;2521;4567;2046;2046.0;FALSE;;;
veh680;dieselEuroSix;10009.417126869725;12;2529;4781;2252;187.66666666666666;FALSE;;;
veh681;dieselEuroSix;8984.935781684273;9;2530;4777;2247;249.66666666666666;FALSE;;;
veh682;hovDieselEuroSix;6343.175801797398;14;2533;4779;2246;160.42857142857142;FALSE;;;
veh683;highEmissions;1710.9552001947998;18;2541;4780;2239;124.38888888888889;FALSE;;;
veh684;gasolineEuroSix;1041.9888495830685;10;2551;4784;2233;223.3;FALSE;;;
veh685;eVehicle;0.0;5;2556;4903;2347;469.4;FALSE;;;
veh688;normalVehicle;1658.2597163872115;15;2558;5134;2576;171.73333333333332;FALSE;;;
veh686;gasolineEuroSix;1128.5013744624587;9;2559;4906;2347;260.77777777777777;FALSE;;;
veh687;highEmissions;1863.1649275707234;16;2562;4908;2346;146.625;FALSE;;;
veh690;hovDieselEuroSix;6341.2602677735895;6;2565;5136;2571;428.5;FALSE;;;
veh689;dieselEuroSix;10565.87092333714;15;2566;4909;2343;156.2;FALSE;;;
veh691;normalVehicle;1978.8883049840833;17;2571;4776;2205;129.7058823529412;FALSE;;;
veh692;normalVehicle;2190.6841849351595;2;2574;4778;2204;1102.0;FALSE;;;
veh693;dieselEuroSix;9542.030600219223;9;2575;4911;2336;259.55555555555554;FALSE;;;
veh694;dieselEuroSix;8110.039698764394;17;2578;4785;2207;129.8235294117647;FALSE;;;
veh695;dieselEuroSix;9945.423720412067;4;2583;5138;2555;638.75;FALSE;;;
veh696;eVehicle;0.0;19;2586;4913;2327;122.47368421052632;FALSE;;;
veh697;dieselEuroSix;7389.67106891656;14;2587;4697;2110;150.71428571428572;FALSE;;;
veh698;eVehicle;0.0;3;2599;4914;2315;771.6666666666666;FALSE;;;
veh699;normalVehicle;2224.8643604085833;12;2602;4780;2178;181.5;FALSE;;;
veh700;highEmissions;1667.227191903003;3;2607;4782;2175;725.0;FALSE;;;
veh701;eVehicle;0.0;15;2611;4780;2169;144.6;FALSE;;;
veh702;highEmissions;1344.9444106502676;1;2613;4784;2171;2171.0;FALSE;;;
veh703;truck;205337.22054554755;6;2616;4786;2170;361.6666666666667;FALSE;;;
veh705;dieselEuroSix;8727.9358190518;17;2616;4787;2171;127.70588235294117;FALSE;;;
veh706;normalVehicle;1500.0518181096986;3;2620;4624;2004;668.0;FALSE;;;
veh704;dieselEuroSix;8248.588488361223;6;2620;4787;2167;361.1666666666667;FALSE;;;
veh707;hovDieselEuroSix;5041.229961160487;13;2627;4699;2072;159.3846153846154;FALSE;;;
veh708;normalVehicle;1902.8362376450202;9;2630;4700;2070;230.0;FALSE;;;
veh709;hovDieselEuroSix;5257.3066880805445;20;2630;5192;2562;128.1;FALSE;;;
veh710;highEmissions;1822.2004003471327;10;2633;5194;2561;256.1;FALSE;;;
veh711;normalVehicle;2126.3485293360204;7;2639;4789;2150;307.14285714285717;FALSE;;;
veh712;eVehicle;0.0;17;2649;4791;2142;126.0;FALSE;;;
veh713;highEmissions;2028.91069893981;7;2655;5134;2479;354.14285714285717;FALSE;;;
veh714;hovDieselEuroSix;5883.345955356294;8;2658;4789;2131;266.375;FALSE;;;
veh715;dieselEuroSix;7656.6982419975875;11;2660;4626;1966;178.72727272727272;FALSE;;;
veh716;gasolineEuroSix;1248.766136542359;9;2662;5102;2440;271.1111111111111;FALSE;;;
veh717;gasolineEuroSix;1150.6360520423736;3;2663;4702;2039;679.6666666666666;FALSE;;;
veh718;gasolineEuroSix;1267.1206907283486;3;2668;4924;2256;752.0;FALSE;;;
veh719;gasolineEuroSix;1030.3542111503207;17;2671;4926;2255;132.64705882352942;FALSE;;;
veh721;gasolineEuroSix;1255.9114828871814;12;2673;5140;2467;205.58333333333334;FALSE;;;
veh720;hovDieselEuroSix;6261.554015119071;15;2674;4928;2254;150.26666666666668;FALSE;;;
veh722;normalVehicle;1533.8466019906496;17;2676;4991;2315;136.1764705882353;FALSE;;;
veh723;gasolineEuroSix;1356.2171515697519;18;2679;5141;2462;136.77777777777777;FALSE;;;
veh725;hovDieselEuroSix;4956.031491684283;2;2680;5025;2345;1172.5;FALSE;;;
veh726;truck;200665.06280946312;6;2681;4993;2312;385.3333333333333;FALSE;;;
veh724;hovDieselEuroSix;8166.4749783751895;10;2682;5143;2461;246.1;FALSE;;;
veh727;hovDieselEuroSix;4996.748826274228;18;2683;5150;2467;137.05555555555554;FALSE;;;
veh728;eVehicle;0.0;9;2693;5145;2452;272.44444444444446;FALSE;;;
veh729;highEmissions;1748.3098095655707;12;2694;5152;2458;204.83333333333334;FALSE;;;
veh730;eVehicle;0.0;20;2696;5027;2331;116.55;FALSE;;;
veh731;dieselEuroSix;9958.91892659056;8;2699;5028;2329;291.125;FALSE;;;
veh732;gasolineEuroSix;1136.059408299537;13;2699;4791;2092;160.92307692307693;FALSE;;;
veh733;highEmissions;1255.0273568825621;18;2704;4824;2120;117.77777777777777;FALSE;;;
veh734;gasolineEuroSix;1087.1526576694935;13;2707;4825;2118;162.92307692307693;FALSE;;;
veh735;dieselEuroSix;9285.2644769717;6;2707;4930;2223;370.5;FALSE;;;
veh736;hovDieselEuroSix;4697.611084151548;16;2714;4856;2142;133.875;FALSE;;;
veh737;eVehicle;0.0;9;2716;5195;2479;275.44444444444446;FALSE;;;
veh738;hovDieselEuroSix;7079.259547871629;20;2720;4931;2211;110.55;FALSE;;;
veh739;hovDieselEuroSix;4894.245090529613;11;2722;5035;2313;210.27272727272728;FALSE;;;
veh740;dieselEuroSix;7759.394594511498;8;2725;4858;2133;266.625;FALSE;;;
veh742;dieselEuroSix;11293.718275787613;9;2726;5146;2420;268.8888888888889;FALSE;;;
veh741;hovDieselEuroSix;6243.200624795914;20;2728;4859;2131;106.55;FALSE;;;
veh743;hovDieselEuroSix;7254.0140244592585;8;2736;5197;2461;307.625;FALSE;;;
veh744;highEmissions;1868.5343245125275;1;2738;5149;2411;2411.0;FALSE;;;
veh745;hovDieselEuroSix;7656.100211399573;20;2741;5150;2409;120.45;FALSE;;;
veh746;eVehicle;0.0;13;2744;5152;2408;185.23076923076923;FALSE;;;
veh747;normalVehicle;2426.7855338822274;11;2745;5199;2454;223.0909090909091;FALSE;;;
veh748;dieselEuroSix;11452.518726045151;14;2747;5200;2453;175.21428571428572;FALSE;;;
veh749;highEmissions;1583.6671623099676;8;2752;4979;2227;278.375;FALSE;;;
veh750;dieselEuroSix;9768.40651816789;9;2763;4980;2217;246.33333333333334;FALSE;;;
veh751;hovDieselEuroSix;7048.135203716295;7;2766;4982;2216;316.57142857142856;FALSE;;;
veh752;hovDieselEuroSix;4840.808872386397;3;2769;5064;2295;765.0;FALSE;;;
veh753;truck;205382.33175705845;6;2770;4933;2163;360.5;FALSE;;;
veh754;hovDieselEuroSix;5817.562149491645;19;2773;5036;2263;119.10526315789474;FALSE;;;
veh755;gasolineEuroSix;1136.3830163471584;15;2781;5154;2373;158.2;FALSE;;;
veh756;eVehicle;0.0;19;2783;5203;2420;127.36842105263158;FALSE;;;
veh757;dieselEuroSix;10647.398276956656;5;2786;5204;2418;483.6;FALSE;;;
veh758;eVehicle;0.0;20;2789;5206;2417;120.85;FALSE;;;
veh760;hovDieselEuroSix;6833.228967187907;9;2791;5156;2365;262.77777777777777;FALSE;;;
veh759;hovDieselEuroSix;7576.305769543756;15;2792;5208;2416;161.06666666666666;FALSE;;;
veh762;gasolineEuroSix;1170.4539393770087;17;2793;5038;2245;132.05882352941177;FALSE;;;
veh761;highEmissions;2030.5556166517656;6;2794;5158;2364;394.0;FALSE;;;
veh763;normalVehicle;2531.8303751298363;5;2795;5210;2415;483.0;FALSE;;;
veh764;dieselEuroSix;10259.643446193912;5;2797;5040;2243;448.6;FALSE;;;
veh765;highEmissions;1288.2721277548649;15;2803;4929;2126;141.73333333333332;FALSE;;;
veh766;dieselEuroSix;8792.432665302085;12;2812;4935;2123;176.91666666666666;FALSE;;;
veh767;dieselEuroSix;8553.855260959723;10;2818;4931;2113;211.3;FALSE;;;
veh768;eVehicle;0.0;13;2821;4984;2163;166.3846153846154;FALSE;;;
veh769;hovDieselEuroSix;7126.266984953464;8;2822;5159;2337;292.125;FALSE;;;
veh770;hovDieselEuroSix;6029.522586572844;4;2825;5042;2217;554.25;FALSE;;;
veh771;dieselEuroSix;8936.128273617353;7;2828;5154;2326;332.2857142857143;FALSE;;;
veh772;hovDieselEuroSix;4778.190637881131;10;2831;5102;2271;227.1;FALSE;;;
veh773;normalVehicle;2275.7794990346756;3;2832;5156;2324;774.6666666666666;FALSE;;;
veh774;normalVehicle;2300.365427856286;4;2833;5695;2862;715.5;FALSE;;;
veh775;eVehicle;0.0;8;2835;4936;2101;262.625;FALSE;;;
veh776;dieselEuroSix;8501.774601207942;13;2837;5103;2266;174.30769230769232;FALSE;;;
veh778;truck;191695.79218303287;16;2840;5207;2367;147.9375;FALSE;;;
veh777;dieselEuroSix;9788.458655610408;11;2840;5105;2265;205.9090909090909;FALSE;;;
veh779;gasolineEuroSix;1290.9701650749985;4;2845;5211;2366;591.5;FALSE;;;
veh780;normalVehicle;2020.3480116037317;6;2847;4932;2085;347.5;FALSE;;;
veh781;normalVehicle;2418.6147086425713;2;2848;5502;2654;1327.0;FALSE;;;
veh782;normalVehicle;1675.5001411692397;2;2851;5482;2631;1315.5;FALSE;;;
veh783;highEmissions;1511.7346575709776;20;2853;5214;2361;118.05;FALSE;;;
veh784;dieselEuroSix;11099.769944593745;1;2857;5696;2839;2839.0;FALSE;;;
veh785;hovDieselEuroSix;5348.508435407315;7;2868;5587;2719;388.42857142857144;FALSE;;;
veh786;truck;207125.77502958573;2;2873;5484;2611;1305.5;FALSE;;;
veh787;truck;218688.585389928;16;2876;5589;2713;169.5625;FALSE;;;
veh788;normalVehicle;1587.9592917798805;17;2878;4934;2056;120.94117647058823;FALSE;;;
veh789;gasolineEuroSix;1263.5504894004478;20;2883;5486;2603;130.15;FALSE;;;
veh790;hovDieselEuroSix;6341.965080188154;15;2885;5209;2324;154.93333333333334;FALSE;;;
veh791;normalVehicle;2079.2037223496404;11;2889;5043;2154;195.8181818181818;FALSE;;;
veh792;dieselEuroSix;7382.598243715541;9;2892;4986;2094;232.66666666666666;FALSE;;;
veh793;dieselEuroSix;8501.254012986969;4;2894;5045;2151;537.75;FALSE;;;
veh794;normalVehicle;1873.2467763423176;20;2896;4988;2092;104.6;FALSE;;;
veh795;hovDieselEuroSix;6082.552184202499;6;2910;5186;2276;379.3333333333333;FALSE;;;
veh796;truck;199381.22860326644;4;2913;5188;2275;568.75;FALSE;;;
veh797;hovDieselEuroSix;7246.684785519099;8;2914;5157;2243;280.375;FALSE;;;
veh799;normalVehicle;1849.2146877721796;8;2917;5160;2243;280.375;FALSE;;;
veh798;gasolineEuroSix;1143.0538995667935;13;2917;5195;2278;175.23076923076923;FALSE;;;
veh800;dieselEuroSix;7814.948843176517;16;2924;5047;2123;132.6875;FALSE;;;
veh801;gasolineEuroSix;1220.0324579672117;15;2926;5107;2181;145.4;FALSE;;;
veh802;truck;210255.04390881167;13;2935;5109;2174;167.23076923076923;FALSE;;;
veh803;gasolineEuroSix;1251.3797856328756;6;2938;5591;2653;442.1666666666667;FALSE;;;
veh804;gasolineEuroSix;1185.1825290749882;8;2939;5161;2222;277.75;FALSE;;;
veh805;normalVehicle;2174.520865856583;8;2942;5197;2255;281.875;FALSE;;;
veh806;gasolineEuroSix;1195.064145344098;10;2944;5211;2267;226.7;FALSE;;;
veh807;dieselEuroSix;10327.903738411705;15;2945;5592;2647;176.46666666666667;FALSE;;;
veh809;gasolineEuroSix;1244.398921799857;18;2946;5110;2164;120.22222222222223;FALSE;;;
veh808;highEmissions;2203.174311586791;19;2948;5594;2646;139.26315789473685;FALSE;;;
veh810;normalVehicle;1523.1366445742462;13;2956;5168;2212;170.15384615384616;FALSE;;;
veh811;gasolineEuroSix;1304.7559941483862;7;2958;5596;2638;376.85714285714283;FALSE;;;
veh812;dieselEuroSix;10713.424776016027;15;2961;5598;2637;175.8;FALSE;;;
veh813;truck;186491.91805136934;9;2961;5170;2209;245.44444444444446;FALSE;;;
veh814;truck;212954.96093954684;11;2965;5171;2206;200.54545454545453;FALSE;;;
veh815;normalVehicle;2667.2762131593818;16;2967;5600;2633;164.5625;FALSE;;;
veh816;gasolineEuroSix;1358.152228443053;19;2976;5504;2528;133.05263157894737;FALSE;;;
veh817;normalVehicle;2208.0684218523684;4;2982;5198;2216;554.0;FALSE;;;
veh818;normalVehicle;2713.3307008443758;7;2984;5601;2617;373.85714285714283;FALSE;;;
veh819;eVehicle;0.0;3;2988;5112;2124;708.0;FALSE;;;
veh820;dieselEuroSix;6565.069781553677;2;2993;5115;2122;1061.0;FALSE;;;
veh821;hovDieselEuroSix;5559.335428625056;1;2994;5399;2405;2405.0;FALSE;;;
veh822;hovDieselEuroSix;6420.992690584597;1;2995;5212;2217;2217.0;FALSE;;;
veh827;eVehicle;0.0;11;2997;5300;2303;209.36363636363637;FALSE;;;
veh825;gasolineEuroSix;1217.211455522906;16;2997;5401;2404;150.25;FALSE;;;
veh823;normalVehicle;1856.542883258095;13;2998;5214;2216;170.46153846153845;FALSE;;;
veh828;dieselEuroSix;8182.489359661594;19;2999;5604;2605;137.10526315789474;FALSE;;;
veh826;highEmissions;1950.3968579226373;10;3000;5403;2403;240.3;FALSE;;;
veh824;highEmissions;1772.7370277003324;7;3001;5216;2215;316.42857142857144;FALSE;;;
veh829;eVehicle;0.0;13;3005;5225;2220;170.76923076923077;FALSE;;;
veh830;dieselEuroSix;8148.1078823525295;6;3008;5117;2109;351.5;FALSE;;;
veh831;eVehicle;0.0;5;3010;5302;2292;458.4;FALSE;;;
veh833;hovDieselEuroSix;6127.87488567141;1;3012;5227;2215;2215.0;FALSE;;;
veh832;truck;215957.46583420137;1;3013;5304;2291;2291.0;FALSE;;;
veh834;hovDieselEuroSix;6376.094332483719;13;3016;5229;2213;170.23076923076923;FALSE;;;
veh835;normalVehicle;1695.8104710909483;5;3018;5683;2665;533.0;FALSE;;;
veh836;eVehicle;0.0;18;3020;5306;2286;127.0;FALSE;;;
veh837;gasolineEuroSix;1179.2281336701842;2;3021;5118;2097;1048.5;FALSE;;;
veh838;gasolineEuroSix;1215.6692421774192;19;3034;5218;2184;114.94736842105263;FALSE;;;
veh839;dieselEuroSix;9629.712420291362;13;3036;5231;2195;168.84615384615384;FALSE;;;
veh840;gasolineEuroSix;1201.292881736611;9;3038;5220;2182;242.44444444444446;FALSE;;;
veh841;gasolineEuroSix;1262.1192051304524;5;3040;5404;2364;472.8;FALSE;;;
veh842;gasolineEuroSix;1027.064116464394;3;3044;5625;2581;860.3333333333334;FALSE;;;
veh843;hovDieselEuroSix;7409.306743989872;15;3045;5406;2361;157.4;FALSE;;;
veh845;normalVehicle;2087.736614451014;10;3046;5685;2639;263.9;FALSE;;;
veh846;hovDieselEuroSix;5358.998584168596;2;3048;5729;2681;1340.5;FALSE;;;
veh844;normalVehicle;2060.98288470936;1;3048;5408;2360;2360.0;FALSE;;;
veh847;eVehicle;0.0;18;3049;5488;2439;135.5;FALSE;;;
veh848;truck;228543.8091569001;2;3052;5489;2437;1218.5;FALSE;;;
veh849;normalVehicle;1874.6422560350602;17;3056;5492;2436;143.2941176470588;FALSE;;;
veh850;eVehicle;0.0;5;3061;5120;2059;411.8;FALSE;;;
veh851;hovDieselEuroSix;4780.938380724092;2;3064;5162;2098;1049.0;FALSE;;;
veh852;normalVehicle;1637.5386438017583;9;3067;5249;2182;242.44444444444446;FALSE;;;
veh853;hovDieselEuroSix;6558.374745075901;4;3070;5730;2660;665.0;FALSE;;;
veh854;dieselEuroSix;10042.944325768724;14;3074;5732;2658;189.85714285714286;FALSE;;;
veh855;dieselEuroSix;9357.22241715242;3;3075;5493;2418;806.0;FALSE;;;
veh856;truck;215381.8804706713;7;3081;5410;2329;332.7142857142857;FALSE;;;
veh857;eVehicle;0.0;1;3090;5163;2073;2073.0;FALSE;;;
veh858;gasolineEuroSix;993.5833308933092;16;3093;5485;2392;149.5;FALSE;;;
veh859;highEmissions;901.232767768627;5;3103;4644;1541;308.2;TRUE;;;
veh860;gasolineEuroSix;1042.0158319804107;9;3107;5445;2338;259.77777777777777;FALSE;;;
veh862;gasolineEuroSix;1285.2874765429956;7;3109;5687;2578;368.2857142857143;FALSE;;;
veh861;highEmissions;1716.0617317397528;15;3110;5447;2337;155.8;FALSE;;;
veh863;eVehicle;0.0;13;3114;5734;2620;201.53846153846155;FALSE;;;
veh864;gasolineEuroSix;1218.0153388818908;11;3121;5221;2100;190.9090909090909;FALSE;;;
veh865;gasolineEuroSix;1107.8275266419118;9;3122;5250;2128;236.44444444444446;FALSE;;;
veh866;gasolineEuroSix;1230.733998073633;9;3123;5449;2326;258.44444444444446;FALSE;;;
veh867;gasolineEuroSix;625.9958717825137;8;3126;4734;1608;201.0;TRUE;;;
veh868;eVehicle;0.0;8;3127;5502;2375;296.875;FALSE;;;
veh869;dieselEuroSix;8249.019436000943;2;3128;5223;2095;1047.5;FALSE;;;
veh870;highEmissions;1147.3578515507813;19;3129;4736;1607;84.57894736842105;TRUE;;;
veh871;gasolineEuroSix;1019.3598006650312;19;3132;5252;2120;111.57894736842105;FALSE;;;
veh872;hovDieselEuroSix;4899.273801817329;6;3139;5502;2363;393.8333333333333;FALSE;;;
veh873;dieselEuroSix;10335.269297443794;12;3145;5689;2544;212.0;FALSE;;;
veh874;highEmissions;1719.3140477707502;14;3147;5504;2357;168.35714285714286;FALSE;;;
veh875;gasolineEuroSix;1166.2054821131528;20;3152;5504;2352;117.6;FALSE;;;
veh876;hovDieselEuroSix;6025.086618573869;18;3155;5486;2331;129.5;FALSE;;;
veh877;eVehicle;0.0;17;3159;5506;2347;138.05882352941177;FALSE;;;
veh878;normalVehicle;2418.7943323242116;2;3161;5690;2529;1264.5;FALSE;;;
veh879;hovDieselEuroSix;5853.523496904036;12;3167;5254;2087;173.91666666666666;FALSE;;;
veh880;normalVehicle;2061.8489429879587;18;3169;5495;2326;129.22222222222223;FALSE;;;
veh881;normalVehicle;1503.9514616154877;14;3170;5255;2085;148.92857142857142;FALSE;;;
veh882;eVehicle;0.0;18;3181;5497;2316;128.66666666666666;FALSE;;;
veh883;eVehicle;0.0;7;3182;5488;2306;329.42857142857144;FALSE;;;
veh884;hovDieselEuroSix;7014.5989195378925;18;3186;5507;2321;128.94444444444446;FALSE;;;
veh885;gasolineEuroSix;1371.444864289432;14;3187;5736;2549;182.07142857142858;FALSE;;;
veh886;hovDieselEuroSix;2737.913804357242;3;3190;4485;1295;431.6666666666667;TRUE;;;
veh888;gasolineEuroSix;1021.7360949479535;9;3190;5832;2642;293.55555555555554;FALSE;;;
veh890;eVehicle;0.0;20;3191;5490;2299;114.95;FALSE;;;
veh887;truck;254682.8790113971;3;3193;5738;2545;848.3333333333334;FALSE;;;
veh889;normalVehicle;1048.4298286567018;9;3193;4492;1299;144.33333333333334;TRUE;;;
veh891;eVehicle;0.0;6;3195;5255;2060;343.3333333333333;FALSE;;;
veh892;normalVehicle;1778.2949395721744;4;3196;5257;2061;515.25;FALSE;;;
veh893;eVehicle;0.0;5;3200;5282;2082;416.4;FALSE;;;
veh894;eVehicle;0.0;2;3205;5498;2293;1146.5;FALSE;;;
veh895;highEmissions;1905.1719090205365;7;3206;5492;2286;326.57142857142856;FALSE;;;
veh896;eVehicle;0.0;14;3211;5494;2283;163.07142857142858;FALSE;;;
veh897;dieselEuroSix;3863.0317745665916;2;3213;4584;1371;685.5;TRUE;;;
veh898;normalVehicle;962.2889797911309;2;3217;4707;1490;745.0;TRUE;;;
veh899;normalVehicle;893.7992215010257;3;3220;4486;1266;422.0;TRUE;;;
veh900;hovDieselEuroSix;4208.929593444675;17;3222;4737;1515;89.11764705882354;TRUE;;;
veh901;eVehicle;0.0;16;3223;5284;2061;128.8125;FALSE;;;
veh902;dieselEuroSix;10097.901649428512;17;3224;5500;2276;133.88235294117646;FALSE;;;
veh903;dieselEuroSix;4237.037100761915;12;3226;4413;1187;98.91666666666667;TRUE;;;
veh904;eVehicle;0.0;4;3227;4768;1541;385.25;TRUE;;;
veh905;hovDieselEuroSix;6580.3444926324455;11;3229;5834;2605;236.8181818181818;FALSE;;;
veh907;normalVehicle;1203.5841213246053;5;3232;4709;1477;295.4;TRUE;;;
veh906;hovDieselEuroSix;7425.528802080524;2;3232;5836;2604;1302.0;FALSE;;;
veh908;dieselEuroSix;3862.62987849972;18;3234;4551;1317;73.16666666666667;TRUE;;;
veh909;gasolineEuroSix;976.081648553955;2;3238;5488;2250;1125.0;FALSE;;;
veh910;eVehicle;0.0;15;3239;4711;1472;98.13333333333334;TRUE;;;
veh911;gasolineEuroSix;795.2136869470472;5;3242;4713;1471;294.2;TRUE;;;
veh912;eVehicle;0.0;13;3242;5837;2595;199.6153846153846;FALSE;;;
veh914;dieselEuroSix;9524.62684500868;15;3244;5692;2448;163.2;FALSE;;;
veh913;dieselEuroSix;4943.173654760424;1;3245;4493;1248;1248.0;TRUE;;;
veh915;normalVehicle;959.3684092014593;17;3247;4722;1475;86.76470588235294;TRUE;;;
veh916;hovDieselEuroSix;3688.4198704928012;9;3251;4770;1519;168.77777777777777;TRUE;;;
veh917;eVehicle;0.0;3;3261;4533;1272;424.0;TRUE;;;
veh919;gasolineEuroSix;825.6504892382532;9;3262;4714;1452;161.33333333333334;TRUE;;;
veh918;dieselEuroSix;8987.119725270279;11;3264;5505;2241;203.72727272727272;FALSE;;;
veh920;highEmissions;814.1573979266279;3;3266;4536;1270;423.3333333333333;TRUE;;;
veh922;gasolineEuroSix;567.323401057475;10;3268;4619;1351;135.1;TRUE;;;
veh921;eVehicle;0.0;2;3269;4612;1343;671.5;TRUE;;;
veh923;normalVehicle;1146.308065872402;13;3271;4724;1453;111.76923076923077;TRUE;;;
veh924;dieselEuroSix;5639.000931884198;2;3272;4771;1499;749.5;TRUE;;;
veh925;gasolineEuroSix;782.6199880309989;9;3275;4773;1498;166.44444444444446;TRUE;;;
veh926;eVehicle;0.0;11;3278;4614;1336;121.45454545454545;TRUE;;;
veh927;eVehicle;0.0;5;3280;4726;1446;289.2;TRUE;;;
veh928;eVehicle;0.0;9;3288;5739;2451;272.3333333333333;FALSE;;;
veh929;normalVehicle;1461.6550925906536;13;3292;4716;1424;109.53846153846153;TRUE;;;
veh930;normalVehicle;933.6241085269766;4;3294;4661;1367;341.75;TRUE;;;
veh931;hovDieselEuroSix;7475.9562583481775;10;3297;5741;2444;244.4;FALSE;;;
veh932;normalVehicle;963.9732216017266;4;3300;4621;1321;330.25;TRUE;;;
veh933;truck;106488.92584160507;14;3303;4622;1319;94.21428571428571;TRUE;;;
veh934;highEmissions;995.8010443776463;8;3309;4616;1307;163.375;TRUE;;;
veh935;eVehicle;0.0;17;3328;4739;1411;83.0;TRUE;;;
veh937;dieselEuroSix;5554.0695810248;18;3329;4618;1289;71.61111111111111;TRUE;;;
veh936;gasolineEuroSix;719.5664262860265;7;3331;4741;1410;201.42857142857142;TRUE;;;
veh938;normalVehicle;1278.788813421491;11;3332;4619;1287;117.0;TRUE;;;
veh939;hovDieselEuroSix;3446.2966050775576;11;3333;4663;1330;120.9090909090909;TRUE;;;
veh940;highEmissions;805.0370762209657;17;3334;4686;1352;79.52941176470588;TRUE;;;
veh941;hovDieselEuroSix;4359.857103313723;13;3337;4743;1406;108.15384615384616;TRUE;;;
veh942;gasolineEuroSix;587.7697252102105;19;3339;4790;1451;76.36842105263158;TRUE;;;
veh943;hovDieselEuroSix;3415.529724809524;16;3340;4687;1347;84.1875;TRUE;;;
veh944;truck;123427.7828236919;4;3343;4689;1346;336.5;TRUE;;;
veh945;gasolineEuroSix;752.8176279905293;5;3347;4691;1344;268.8;TRUE;;;
veh946;eVehicle;0.0;15;3350;4692;1342;89.46666666666667;TRUE;;;
veh947;truck;137528.83373532924;17;3354;4694;1340;78.82352941176471;TRUE;;;
veh948;gasolineEuroSix;614.6496828825142;18;3355;4875;1520;84.44444444444444;TRUE;;;
veh949;gasolineEuroSix;787.4579568871035;19;3356;4745;1389;73.10526315789474;TRUE;;;
veh950;eVehicle;0.0;17;3366;4792;1426;83.88235294117646;TRUE;;;
veh952;gasolineEuroSix;793.5801051000761;18;3367;4746;1379;76.61111111111111;TRUE;;;
veh951;hovDieselEuroSix;4039.5668658002737;1;3369;4793;1424;1424.0;TRUE;;;
veh954;eVehicle;0.0;6;3370;4728;1358;226.33333333333334;TRUE;;;
veh953;dieselEuroSix;6324.89926454502;10;3370;4748;1378;137.8;TRUE;;;
veh955;normalVehicle;1097.0506002449215;7;3373;4730;1357;193.85714285714286;TRUE;;;
veh956;hovDieselEuroSix;3719.077295122598;12;3377;4877;1500;125.0;TRUE;;;
veh958;gasolineEuroSix;689.65591292433;13;3378;4664;1286;98.92307692307692;TRUE;;;
veh957;normalVehicle;1357.1463351144423;17;3380;4879;1499;88.17647058823529;TRUE;;;
veh959;hovDieselEuroSix;3978.7581493271227;11;3381;4666;1285;116.81818181818181;TRUE;;;
veh960;hovDieselEuroSix;4343.785064393451;4;3381;4696;1315;328.75;TRUE;;;
veh961;normalVehicle;1455.8570932218277;14;3384;4697;1313;93.78571428571429;TRUE;;;
veh962;eVehicle;0.0;12;3385;4800;1415;117.91666666666667;TRUE;;;
veh963;normalVehicle;1196.7465061770188;5;3388;4802;1414;282.8;TRUE;;;
veh964;hovDieselEuroSix;4223.934817125826;19;3389;4668;1279;67.3157894736842;TRUE;;;
veh965;hovDieselEuroSix;4342.030703245444;3;3391;4750;1359;453.0;TRUE;;;
veh966;highEmissions;1189.8401548566055;2;3403;4699;1296;648.0;TRUE;;;
veh967;eVehicle;0.0;10;3406;4751;1345;134.5;TRUE;;;
veh968;eVehicle;0.0;18;3414;4731;1317;73.16666666666667;TRUE;;;
veh969;eVehicle;0.0;11;3420;4804;1384;125.81818181818181;TRUE;;;
veh970;dieselEuroSix;5669.802125933736;14;3426;4669;1243;88.78571428571429;TRUE;;;
veh971;gasolineEuroSix;585.6772919053163;10;3430;4848;1418;141.8;TRUE;;;
veh972;hovDieselEuroSix;3318.7944347714138;11;3431;4815;1384;125.81818181818181;TRUE;;;
veh973;hovDieselEuroSix;3747.5491282830358;12;3436;4621;1185;98.75;TRUE;;;
veh974;gasolineEuroSix;735.9258354093972;9;3439;4622;1183;131.44444444444446;TRUE;;;
veh975;normalVehicle;876.752898264435;11;3442;4694;1252;113.81818181818181;TRUE;;;
veh976;dieselEuroSix;6674.98715814716;17;3443;5810;2367;139.23529411764707;FALSE;;;
veh977;highEmissions;991.6296559855108;17;3444;4849;1405;82.6470588235294;TRUE;;;
veh978;normalVehicle;1216.3351434263186;1;3448;4795;1347;1347.0;TRUE;;;
veh979;eVehicle;0.0;17;3452;4880;1428;84.0;TRUE;;;
veh980;dieselEuroSix;8406.507789284315;4;3454;5812;2358;589.5;FALSE;;;
veh981;hovDieselEuroSix;2770.6120310045603;5;3455;4743;1288;257.6;TRUE;;;
veh982;truck;104023.48853261153;11;3458;4745;1287;117.0;TRUE;;;
veh983;normalVehicle;901.7013833385199;11;3465;4803;1338;121.63636363636364;TRUE;;;
veh984;eVehicle;0.0;11;3469;4746;1277;116.0909090909091;TRUE;;;
veh985;gasolineEuroSix;1019.1572486285855;19;3473;5507;2034;107.05263157894737;FALSE;;;
veh986;eVehicle;0.0;3;3477;5813;2336;778.6666666666666;FALSE;;;
veh988;gasolineEuroSix;664.2725174909153;15;3479;4748;1269;84.6;TRUE;;;
veh987;gasolineEuroSix;1370.4088056514129;9;3480;5815;2335;259.44444444444446;FALSE;;;
veh989;hovDieselEuroSix;4173.579139576661;16;3481;4797;1316;82.25;TRUE;;;
veh990;gasolineEuroSix;1386.9386449230656;15;3483;5817;2334;155.6;FALSE;;;
veh991;normalVehicle;1291.642880279743;12;3485;4799;1314;109.5;TRUE;;;
veh992;normalVehicle;1546.607941521299;13;3495;5723;2228;171.3846153846154;FALSE;;;
veh993;eVehicle;0.0;3;3496;5819;2323;774.3333333333334;FALSE;;;
veh994;normalVehicle;2056.408397706789;19;3498;5694;2196;115.57894736842105;FALSE;;;
veh995;eVehicle;0.0;2;3502;6145;2643;1321.5;FALSE;;;
veh996;hovDieselEuroSix;6492.091965684446;5;3505;6147;2642;528.4;FALSE;;;
veh997;dieselEuroSix;9958.43027961176;2;3508;6149;2641;1320.5;FALSE;;;
veh998;eVehicle;0.0;17;3509;6300;2791;164.1764705882353;FALSE;;;
veh999;eVehicle;0.0;16;3514;5724;2210;138.125;FALSE;;;
veh1001;hovDieselEuroSix;6448.2311590310355;19;3516;5821;2305;121.3157894736842;FALSE;;;
veh1000;hovDieselEuroSix;6335.815297420964;9;3517;5726;2209;245.44444444444446;FALSE;;;
veh1002;truck;240083.62215041407;8;3519;5823;2304;288.0;FALSE;;;
veh1003;eVehicle;0.0;19;3528;5696;2168;114.10526315789474;FALSE;;;
veh1004;gasolineEuroSix;1098.7359426103596;11;3532;5743;2211;201.0;FALSE;;;
veh1005;highEmissions;2096.6296945578165;12;3535;6151;2616;218.0;FALSE;;;
veh1006;dieselEuroSix;7309.22191810976;12;3537;5848;2311;192.58333333333334;FALSE;;;
veh1007;dieselEuroSix;6792.441841836434;13;3539;6144;2605;200.3846153846154;FALSE;;;
veh1008;hovDieselEuroSix;3701.9216082348457;10;3541;4851;1310;131.0;TRUE;;;
veh1009;gasolineEuroSix;1191.899861348498;15;3549;6145;2596;173.06666666666666;FALSE;;;
veh1011;dieselEuroSix;9417.560899555378;20;3550;5727;2177;108.85;FALSE;;;
veh1012;hovDieselEuroSix;3957.5665531866885;11;3551;4853;1302;118.36363636363636;TRUE;;;
veh1010;normalVehicle;2361.529043954205;18;3552;6147;2595;144.16666666666666;FALSE;;;
veh1013;truck;177232.33457297547;17;3558;5730;2172;127.76470588235294;FALSE;;;
veh1014;eVehicle;0.0;6;3566;5849;2283;380.5;FALSE;;;
veh1015;normalVehicle;2125.4509503035906;1;3569;6302;2733;2733.0;FALSE;;;
veh1016;normalVehicle;1957.1765959617549;5;3571;5731;2160;432.0;FALSE;;;
veh1017;gasolineEuroSix;1427.910711635313;9;3577;6152;2575;286.1111111111111;FALSE;;;
veh1018;normalVehicle;2500.246165719449;8;3580;6149;2569;321.125;FALSE;;;
veh1019;dieselEuroSix;9277.495342309643;19;3581;5745;2164;113.89473684210526;FALSE;;;
veh1020;gasolineEuroSix;1094.267577721156;5;3589;5838;2249;449.8;FALSE;;;
veh1021;hovDieselEuroSix;6751.970395419608;4;3592;5839;2247;561.75;FALSE;;;
veh1022;dieselEuroSix;8876.815001339275;6;3593;5733;2140;356.6666666666667;FALSE;;;
veh1023;dieselEuroSix;11295.44937737068;14;3595;6151;2556;182.57142857142858;FALSE;;;
veh1024;gasolineEuroSix;1284.1028208846926;20;3596;5841;2245;112.25;FALSE;;;
veh1025;normalVehicle;2626.3974710513;2;3597;6154;2557;1278.5;FALSE;;;
