VEP;;;;;;;;;;;
PARAMETERS;;;;;;;;;;;
window_size; threshold_L; threshold_H; p_t_ini; e_ini; size_ratio; subs_NOx; min_packages; max_packages;;;
60;80000;100000;100000;4000;4;9000;1;20;;;
ALL SIMULATION RESULTS;;;;;;;;;;;
total_steps(sec); minutes; avg_time_per_package (sec); p_t_total_all_steps; e_t_total_all_steps; p_t_control_zone_all_steps;  e_t_control_zone_all_steps; avg_k_all_steps; veh_enter_cz_all_steps; not_veh_enter_cz_all_steps; avg_total_time_all_steps;
6301;105.0;1990.6793043158186;925303755.7664543;18982551.642731216;11932048.63263314;699586.821870755;0.40856115953800104;306;720;2004.9912280701753;
WINDOWS;;;;;;;;;;;
step; NOx_total_w; NOx_total_acum; lambda; p_t_total; e_t_total; p_t_control_zone; e_t_control_zone; k_control_zone; num_veh_total; num_vehicles_control_zone;  
0;0;0;0.8;100000;0;100000;0;1;0;0;
60;457.5817688158486;457.5817688158486;0.8537456976449606;85265.15488478143;457.5817688158486;96316.28872119535;0;0.0;12;0;
120;3952.313507848202;4409.8952766640505;1.138973494774893;60262.10907288528;3952.313507848202;90065.52726822131;0;0.18418556394023253;29;0;
180;18240.404736137072;22650.300012801123;1.1055098475906455;38704.15929575911;18240.404736137072;84115.93863990551;0;0.4967236365889345;43;0;
240;32700.500291931075;55350.8003047322;0.9020276102957687;38931.66561704251;32700.500291931075;79997.69014724359;0;0.7942030680047246;62;0;
300;39130.02260328601;94480.8229080182;0.9981740348367764;42127.42296620457;39130.02260328601;75014.1238337126;0;1;80;0;
360;48939.10907606929;143419.9319840875;0.9797964259154952;55793.86070931603;48939.10907606929;70195.95600047315;0;1;100;0;
420;62281.167233157095;205701.0992172446;1.060637189089105;79892.08913526534;62281.167233157095;64650.2212986712;33.68360754752035;1;116;3;
480;72399.73194509995;278100.83116234455;1.1154893404542052;112134.2048240139;72399.73194509995;58610.81723458335;268.7117866256498;1;134;10;
540;75426.49102043967;353527.3221827842;0.837543834709694;157409.1177949046;75426.49102043967;55610.85642334631;4537.933701150204;1;145;25;
600;79891.33447975242;433418.6566625366;0.8113389906088025;208092.24861274014;79891.33447975242;65436.56586576719;17127.7603579001;1;159;48;
660;81354.08679883185;514772.7434613685;1.1343060415679478;248611.3179151259;81354.08679883185;90166.92548434692;34939.113992691266;1;177;57;
720;91824.00143445408;606596.7448958226;0.9731068271620213;305403.4735717472;91824.00143445408;120056.7489341334;38647.78489424467;0.49165372578265376;199;78;
780;107448.57035180693;714045.3152476295;1.1049120329831768;373075.21073615976;107448.57035180693;150159.3065575807;40046.76592029589;0;213;84;
840;106514.05059392765;820559.3658415572;0.8008424213404444;450758.93416183145;106514.05059392765;183430.97810216324;40479.253336646536;0;230;82;
900;120113.23023998264;940672.5960815398;0.9781548776219205;535658.588807425;120113.23023998264;216505.80439399515;41878.2201904292;0;248;80;
960;121912.03867414629;1062584.634755686;1.088616012936313;618380.451015864;121912.03867414629;247259.9007858952;40551.640508326884;0;266;74;
1020;137311.05388170597;1199895.688637392;0.8915048885081811;723597.3289112755;137311.05388170597;268542.81971130427;29306.46292198269;0;284;66;
1080;148497.86593403397;1348393.5545714258;1.1781082782215688;829683.2968293331;148497.86593403397;274061.99198196223;16122.146774652085;0;300;42;
1140;156660.88858734214;1505054.443158768;1.1605709830445934;944563.6300270698;156660.88858734214;267214.07366189244;3597.2205273316067;0;314;34;
1200;168105.12177466886;1673159.5649334367;0.8122359932134214;1083428.2560460556;168105.12177466886;259947.91262758453;43.96290461285825;0;329;10;
1260;179498.75373189847;1852658.3186653352;0.8101783443973843;1233760.5893796482;179498.75373189847;252656.30752800807;0;0;351;0;
1320;196359.21370893877;2049017.532374274;1.0165649891173987;1393523.4634803606;196359.21370893877;243507.2226259515;0;0;364;0;
1380;211631.75856141903;2260649.290935693;1.1756596651114042;1562831.474097769;211631.75856141903;232926.28563994885;0;0;376;0;
1440;220791.93034678273;2481441.2212824756;0.952481695075285;1749334.0634218415;220791.93034678273;224353.95038427127;0;0;387;0;
1500;229998.14298420167;2711439.3642666773;0.8866397588522453;1947413.1750873623;229998.14298420167;216374.19255460106;0;0;366;0;
1560;235486.54777549522;2946925.9120421726;0.9688466302330869;2148021.2441744665;235486.54777549522;207654.57288250327;0;0;373;0;
1620;232950.3900821637;3179876.3021243364;0.8116163150299472;2351753.446915552;232950.3900821637;200350.02604723375;0;0;367;0;
1680;254600.06227379479;3434476.364398131;0.8886766665092141;2574361.149195015;254600.06227379479;192351.93604865082;0;0;386;0;
1740;262554.5598525259;3697030.924250657;0.9751550374602288;2801810.127698973;262554.5598525259;183575.54071150877;0;0;396;0;
1800;277845.5090334201;3974876.4332840773;0.9983248965527403;3043715.940456494;277845.5090334201;174590.61664253412;0;0;413;0;
1860;294208.75956955925;4269085.192853637;0.8932337801030291;3305768.2839423446;294208.75956955925;166551.51262160685;0;0;429;0;
1920;298812.6919651362;4567897.884818774;0.8923466166163937;3572456.4977092906;298812.6919651362;158520.3930720593;0;0;444;0;
1980;302921.06371283054;4870818.948531604;0.8875124149350755;3843427.1144844587;302921.06371283054;150532.78133764362;0;0;458;0;
2040;315848.908615303;5186667.857146908;0.9838413862950934;4123857.733193138;315848.908615303;141678.2088609878;0;0;474;0;
2100;327696.97471948364;5514364.831866391;0.9159126458361943;4418581.852662519;327696.97471948364;133434.99504846206;0;0;492;0;
2160;325436.4567893219;5839801.288655713;0.8085958821063636;4714908.857696012;325436.4567893219;126157.63210950479;0;0;511;0;
2220;326231.1029795018;6166032.391635215;1.1350311902650292;5000278.837825973;326231.1029795018;115942.35139711952;0;0;521;0;
2280;348721.1232406097;6514753.514875825;1.0225817290609733;5312187.018820387;348721.1232406097;106739.11583557076;0;0;537;0;
2340;346350.28955061117;6861103.804426435;1.0569177451729783;5620488.269544771;346350.28955061117;97226.85612901396;0;0;546;0;
2400;342377.94051898486;7203481.74494542;0.8743625063578871;5931389.159834872;342377.94051898486;89357.59357179298;0.0;0.1386571935493019;553;1;
2460;332734.3085050325;7536216.053450452;1.197017364870426;6221030.843204569;332734.3085050325;78654.95581799232;70.51853003316697;0.5321203214103509;559;12;
2520;321746.2776443327;7857962.331094785;1.1439786115181159;6501593.89083425;321746.2776443327;70089.152274862;1730.0039605327397;1;569;26;
2580;327513.4814987889;8185475.812593574;0.8483559839223226;6798566.556911835;327513.4814987889;69264.43820623578;6810.489786674674;1;575;53;
2640;328347.20059673476;8513823.013190309;0.9330780741440516;7093322.946839385;328347.20059673476;69702.17884906597;8835.44331012664;1;567;63;
2700;325226.842636403;8839049.855826711;1.0885937630333073;7379360.414006588;325226.842636403;80202.5765486933;20297.741566927096;1;582;81;
2760;320065.7183090215;9159115.574135732;1.084476707878112;7660384.970831998;320065.7183090215;92691.22112528226;22248.934947491976;0.9898711725653353;589;96;
2820;326959.2639570714;9486074.838092804;1.174576234719784;7945059.490339156;326959.2639570714;105806.68621914013;23686.65120633593;0.365438943735887;595;100;
2880;327020.8105288928;9813095.648621697;0.9688427999845661;8237201.960068605;327020.8105288928;122579.97385538809;25492.87283610905;0;603;100;
2940;354879.30923419714;10167974.957855893;1.1320142773097308;8551328.755319651;354879.30923419714;138744.27461996506;26352.429260364566;0;606;93;
3000;370644.63895430864;10538619.596810201;1.0681222265656283;8883520.994117597;370644.63895430864;152527.33183828808;23396.157257413655;0;628;78;
3060;374421.2496337956;10913040.846443996;0.9213474043731671;9224773.737193957;374421.2496337956;158757.96674515324;14522.761546223664;0;640;63;
3120;384463.6259581837;11297504.47240218;1.0350322424574239;9571976.202423673;384463.6259581837;151414.89140215662;1972.21483912018;0;640;37;
3180;358611.2543359852;11656115.726738164;1.1529916003327432;9889079.75914768;358611.2543359852;141862.1031668662;824.1361677042762;0;628;16;
3240;347224.1931102955;12003339.919848459;1.1384789673713251;10195318.709432606;347224.1931102955;131677.72344622455;61.93098570027174;0;629;7;
3300;351591.57388318295;12354931.493731642;1.00211352823184;10510834.196299443;351591.57388318295;122658.701692138;0;0;647;0;
3360;373818.84418651497;12728750.337918157;1.0356009031930207;10847371.40797101;373818.84418651497;113338.29356340082;0;0;638;0;
3420;375576.8813934196;13104327.219311576;0.8138103320605367;11193651.11741025;375576.8813934196;106014.00057485599;0;0;626;0;
3480;384706.06602411217;13489033.285335688;0.8970959894172271;11546061.727815341;384706.06602411217;97940.13667010095;0;0;619;0;
3540;361705.18503736774;13850738.470373055;1.118961699021721;11867484.291687926;361705.18503736774;87869.48137890546;0.0;0.10299316649495231;609;1;
3600;352807.48670218454;14203545.95707524;0.9657255997203097;12185525.65680018;352807.48670218454;79303.19346039416;125.24247897148508;0.606525931054727;615;9;
3660;316701.97323575657;14520247.930310996;0.8692029606316204;12470936.3234532;316701.97323575657;74691.26345141481;3210.896636705239;1;563;27;
3720;260003.088936522;14780251.019247519;1.0195195045552612;12694236.710225733;260003.088936522;72372.30254330761;6856.714632890161;1;530;45;
3780;231678.28019837913;15011929.299445897;1.0812163048262526;12886991.203450367;231678.28019837913;74676.75723517896;12035.401435307625;1;509;80;
3840;210520.97059595073;15222450.270041848;1.069794332200931;13058999.578087084;210520.97059595073;86699.00179554387;21650.393550173285;1;478;101;
3900;199745.46281895487;15422195.732860802;0.9498812082006561;13224549.317410814;199745.46281895487;105675.29442967554;27525.223507937586;0.6650499102228067;473;115;
3960;197928.30479995208;15620124.037660753;0.9755846520178253;13387356.574738124;197928.30479995208;124307.73080708121;27412.698245566095;0;464;120;
4020;196622.78805655832;15816746.825717311;1.0033705952999927;13547858.021363882;196622.78805655832;145865.78106229618;30588.385612914895;0;441;119;
4080;182684.86348766187;15999431.689204974;1.1113770460000583;13690533.311195543;182684.86348766187;165008.95429017916;29145.566641883477;0;425;117;
4140;179694.37054708315;16179126.059752056;1.008375367045258;13833926.168528996;179694.37054708315;179819.32670263015;23885.7507158583;0;417;98;
4200;182229.44698175296;16361355.506733809;0.9573020379856905;13981692.742143264;182229.44698175296;190193.07776170137;18989.469400942427;0;414;88;
4260;182390.47059534382;16543745.977329152;0.9958774081849033;14128231.626043951;182390.47059534382;193850.98867657423;12620.80758853698;0;400;82;
4320;185545.8340771094;16729291.81140626;0.8118299855867629;14284551.580639936;185545.8340771094;187709.2233173888;1164.70451109541;0;384;27;
4380;171673.61946180786;16900965.430868067;0.8173949161426111;14426798.983120611;171673.61946180786;180845.28835888207;492.619286776794;0;384;12;
4440;172430.1020756693;17073395.532943737;1.0813528354415345;14560300.383120386;172430.1020756693;171113.11283990825;0;0;381;0;
4500;178120.9867789021;17251516.51972264;1.1932750869238695;14695463.466770029;178120.9867789021;160373.6370575934;0;0;372;0;
4560;178718.169893945;17430234.689616587;1.037273492152023;14836839.7909465;178718.169893945;151038.1756282252;0;0;362;0;
4620;172748.14539933624;17602982.835015923;0.9574398745511656;14975120.100861995;172748.14539933624;142421.21675726472;0;0;349;0;
4680;152188.9106130142;17755171.745628938;0.8681396787422726;15096055.983040286;152188.9106130142;134607.95964858425;0;0;329;0;
4740;139204.56995285628;17894376.315581795;1.0008954233733933;15199228.3177517;139204.56995285628;125599.90083822371;0;0;305;0;
4800;124082.08797842074;18018458.403560214;1.1928306550154137;15280368.502149565;124082.08797842074;114864.42494308499;0;0;231;0;
4860;115435.17436991398;18133893.577930126;1.1082092559323202;15355908.143305916;115435.17436991398;104890.5416396941;0;0;211;0;
4920;112066.59992592323;18245960.17785605;1.0158469793799114;15431404.251974164;112066.59992592323;95747.9188252749;0;0;181;0;
4980;99235.66344688219;18345195.84130293;1.1441159115682198;15489451.742604591;99235.66344688219;85450.87562116093;0;0.21260405873625496;177;0;
5040;92054.22311276727;18437250.064415697;0.8928704512252058;15549362.62947325;92054.22311276727;77415.04156013408;0;0.7274562189419536;165;0;
5100;87253.74941993048;18524503.81383563;1.005508665275055;15600418.06694328;87253.74941993048;68365.46357265858;0;1;158;0;
5160;80391.57739607187;18604895.3912317;1.1809869553073078;15638294.11394829;80391.57739607187;57736.580974892815;0;1;130;0;
5220;68761.518664404;18673656.909896106;1.0311179231204812;15669935.387380356;68761.518664404;48456.51966680848;0;1;96;0;
5280;52491.86100301674;18726148.77089912;0.9836526927642674;15687015.75144386;52491.86100301674;39603.645431930076;0;1;79;0;
5340;47994.14942805263;18774142.92032717;0.9077117909765685;15702332.276396755;47994.14942805263;31434.23931314096;0;1;75;0;
5400;41407.64717951197;18815550.567506682;1.0191985237864996;15707048.776719954;41407.64717951197;22261.45259906246;0;1;73;0;
5460;38829.86233090835;18854380.429837592;1.1828465125840908;15703296.164597835;38829.86233090835;11615.833985805644;0;1;64;0;
5520;33673.39176814319;18888053.821605735;0.8022836517801573;15708087.344901891;33673.39176814319;4395.281119784229;0;1;56;0;
5580;29069.001765254365;18917122.82337099;1.1134620930461558;15697071.711317485;29069.001765254365;0;0;1;56;0;
5640;22525.77018440025;18939648.59355539;1.1281943647701929;15678982.484370157;22525.77018440025;0;0;1;44;0;
5700;16712.246865156067;18956360.840420548;1.1544718323304033;15654133.745271418;16712.246865156067;0;0;1;39;0;
5760;10605.507394646354;18966966.347815193;1.0962013647332784;15625276.003535667;10605.507394646354;0;0;1;26;0;
5820;8661.595724050856;18975627.943539243;1.1236559603489917;15593485.984687153;8661.595724050856;0;0;1;20;0;
5880;1819.0139659597212;18977446.957505204;1.0074713134092008;15559036.031370383;1819.0139659597212;0;0;1;13;0;
5940;1134.5403776164715;18978581.49788282;1.0245431459113516;15523287.01849519;1134.5403776164715;0;0;1;13;0;
6000;1157.2422913991522;18979738.74017422;0.97043627187526;15489508.55499908;1157.2422913991522;0;0;1;13;0;
6060;1075.4381459750023;18980814.178320196;0.8224493190082962;15460975.817660756;1075.4381459750023;0;0;1;13;0;
6120;1098.7967501933867;18981912.975070387;1.148004062070656;15420746.468176406;1098.7967501933867;0;0;1;13;0;
6180;547.9548472193105;18982460.929917607;1.0279997335505522;15384286.432615804;547.9548472193105;0;0;1;2;0;
6240;43.5019977626721;18982504.43191537;0.8799357680708573;15352652.246963017;43.5019977626721;0;0;1;2;0;
6300;47.21081584634703;18982551.642731216;1.0018881869715452;15316631.483047888;47.21081584634703;0;0;1;1;0;
VEHICLES;;;;;;;;;;;
id; vType; NOx_total_veh; n_packages; step_ini; step_fin; total_time(sec);average_package;enter_cz;;;
veh0;gasolineEuroSix;557.5584961720946;5;1;1135;1134;226.8;TRUE;;;
veh1;highEmissions;745.7463574562133;19;4;1280;1276;67.15789473684211;TRUE;;;
veh2;hovDieselEuroSix;3444.8423191350953;3;7;1281;1274;424.6666666666667;TRUE;;;
veh3;highEmissions;986.3188335418081;9;10;1283;1273;141.44444444444446;TRUE;;;
veh4;eVehicle;0.0;4;15;1172;1157;289.25;TRUE;;;
veh5;eVehicle;0.0;16;19;1476;1457;91.0625;TRUE;;;
veh6;highEmissions;673.1481127880973;15;22;1162;1140;76.0;TRUE;;;
veh7;highEmissions;785.5049572799882;16;25;1380;1355;84.6875;TRUE;;;
veh8;normalVehicle;879.1869707078753;13;32;1310;1278;98.3076923076923;TRUE;;;
veh9;normalVehicle;932.0015877864773;7;35;1437;1402;200.28571428571428;TRUE;;;
veh10;normalVehicle;1179.210388648559;4;47;1439;1392;348.0;TRUE;;;
veh11;eVehicle;0.0;16;51;1477;1426;89.125;TRUE;;;
veh12;hovDieselEuroSix;3478.137625153505;1;61;1381;1320;1320.0;TRUE;;;
veh13;highEmissions;1034.5976413341104;13;64;1383;1319;101.46153846153847;TRUE;;;
veh14;dieselEuroSix;4349.761615725416;14;71;1312;1241;88.64285714285714;TRUE;;;
veh15;dieselEuroSix;3863.99855004511;20;73;1366;1293;64.65;TRUE;;;
veh16;gasolineEuroSix;569.6903276813196;1;79;1449;1370;1370.0;TRUE;;;
veh17;hovDieselEuroSix;3515.378040221808;15;82;1451;1369;91.26666666666667;TRUE;;;
veh18;normalVehicle;1182.1836768588594;9;82;1441;1359;151.0;TRUE;;;
veh19;eVehicle;0.0;8;84;1111;1027;128.375;TRUE;;;
veh20;gasolineEuroSix;745.2305435387577;19;85;1442;1357;71.42105263157895;TRUE;;;
veh21;normalVehicle;1431.453728339302;4;88;1444;1356;339.0;TRUE;;;
veh22;normalVehicle;877.408917611143;11;91;1315;1224;111.27272727272727;TRUE;;;
veh23;eVehicle;0.0;1;94;1442;1348;1348.0;TRUE;;;
veh24;eVehicle;0.0;1;107;1567;1460;1460.0;TRUE;;;
veh25;eVehicle;0.0;1;108;1484;1376;1376.0;TRUE;;;
veh27;truck;130436.81033459517;1;111;1446;1335;1335.0;TRUE;;;
veh26;truck;109422.94944056172;18;111;1486;1375;76.38888888888889;TRUE;;;
veh28;normalVehicle;1227.5634583187677;13;117;1488;1371;105.46153846153847;TRUE;;;
veh29;eVehicle;0.0;7;124;1452;1328;189.71428571428572;TRUE;;;
veh30;normalVehicle;1273.4330984837113;14;134;1454;1320;94.28571428571429;TRUE;;;
veh31;highEmissions;1093.3739878422318;1;135;1489;1354;1354.0;TRUE;;;
veh32;gasolineEuroSix;550.3707428906057;17;147;1338;1191;70.05882352941177;TRUE;;;
veh33;gasolineEuroSix;755.7191193528403;8;150;1455;1305;163.125;TRUE;;;
veh34;truck;111993.51364585327;15;152;1569;1417;94.46666666666667;TRUE;;;
veh35;gasolineEuroSix;761.3306453147569;16;153;1491;1338;83.625;TRUE;;;
veh36;dieselEuroSix;5067.6811605117955;18;156;1570;1414;78.55555555555556;TRUE;;;
veh37;truck;93706.98152032157;8;156;1367;1211;151.375;TRUE;;;
veh38;eVehicle;0.0;12;159;1443;1284;107.0;TRUE;;;
veh39;hovDieselEuroSix;2783.2126569621987;8;162;1494;1332;166.5;TRUE;;;
veh40;hovDieselEuroSix;3803.630985057362;8;163;1448;1285;160.625;TRUE;;;
veh41;truck;124785.61157964508;15;171;1572;1401;93.4;TRUE;;;
veh42;normalVehicle;1320.5472366175131;10;174;1449;1275;127.5;TRUE;;;
veh43;truck;119779.98731670494;1;181;1451;1270;1270.0;TRUE;;;
veh44;eVehicle;0.0;14;182;1457;1275;91.07142857142857;TRUE;;;
veh45;normalVehicle;1405.3178516403375;18;185;1493;1308;72.66666666666667;TRUE;;;
veh46;gasolineEuroSix;565.9353558697705;4;190;1388;1198;299.5;TRUE;;;
veh47;truck;83376.91967366275;6;192;1431;1239;206.5;TRUE;;;
veh48;eVehicle;0.0;10;193;1561;1368;136.8;TRUE;;;
veh49;hovDieselEuroSix;2906.4158290275063;4;196;1610;1414;353.5;TRUE;;;
veh50;highEmissions;810.907861256657;11;201;1607;1406;127.81818181818181;TRUE;;;
veh51;gasolineEuroSix;529.9157140483996;17;202;1225;1023;60.1764705882353;TRUE;;;
veh52;gasolineEuroSix;686.5865223125599;14;208;1609;1401;100.07142857142857;TRUE;;;
veh53;normalVehicle;1280.2113777005536;17;209;1459;1250;73.52941176470588;TRUE;;;
veh54;eVehicle;0.0;7;212;1574;1362;194.57142857142858;TRUE;;;
veh55;highEmissions;1067.8354319891914;10;215;1576;1361;136.1;TRUE;;;
veh56;eVehicle;0.0;10;215;1551;1336;133.6;TRUE;;;
veh57;hovDieselEuroSix;3128.3141994778016;19;227;1433;1206;63.473684210526315;TRUE;;;
veh58;gasolineEuroSix;651.3504490022622;16;229;1453;1224;76.5;TRUE;;;
veh59;normalVehicle;1296.1537697600838;17;232;1611;1379;81.11764705882354;TRUE;;;
veh60;truck;103588.1555759006;13;236;1553;1317;101.3076923076923;TRUE;;;
veh61;dieselEuroSix;3902.4342862476406;19;238;1303;1065;56.05263157894737;TRUE;;;
veh62;eVehicle;0.0;2;241;1555;1314;657.0;TRUE;;;
veh63;hovDieselEuroSix;2695.8515303513714;16;244;1453;1209;75.5625;TRUE;;;
veh64;normalVehicle;897.0542944823571;8;248;1524;1276;159.5;TRUE;;;
veh65;eVehicle;0.0;13;263;1627;1364;104.92307692307692;TRUE;;;
veh66;normalVehicle;885.166655055625;14;268;1590;1322;94.42857142857143;TRUE;;;
veh67;gasolineEuroSix;607.5862027642311;6;269;1611;1342;223.66666666666666;TRUE;;;
veh68;normalVehicle;1178.6424648533623;12;270;1629;1359;113.25;TRUE;;;
veh69;dieselEuroSix;5485.389389800339;18;271;1577;1306;72.55555555555556;TRUE;;;
veh70;normalVehicle;1241.4833852124195;12;274;1579;1305;108.75;TRUE;;;
veh71;hovDieselEuroSix;4603.724892443059;3;275;2338;2063;687.6666666666666;FALSE;;;
veh72;dieselEuroSix;6418.5729136297505;15;278;2419;2141;142.73333333333332;FALSE;;;
veh73;truck;171539.27381323115;17;281;2307;2026;119.17647058823529;FALSE;;;
veh74;gasolineEuroSix;589.6158950855609;4;283;1543;1260;315.0;TRUE;;;
veh75;dieselEuroSix;6712.682844021871;6;286;2338;2052;342.0;FALSE;;;
veh76;normalVehicle;1262.1627955880622;17;289;1581;1292;76.0;TRUE;;;
veh77;normalVehicle;1181.5042754112071;13;291;1613;1322;101.6923076923077;TRUE;;;
veh78;dieselEuroSix;7372.603889261262;12;295;2340;2045;170.41666666666666;FALSE;;;
veh79;gasolineEuroSix;738.6601879575937;16;300;1615;1315;82.1875;TRUE;;;
veh80;hovDieselEuroSix;4672.91092511857;1;302;2258;1956;1956.0;FALSE;;;
veh81;normalVehicle;1035.7613831546603;16;307;1545;1238;77.375;TRUE;;;
veh82;gasolineEuroSix;1081.7789111958389;2;310;2421;2111;1055.5;FALSE;;;
veh83;hovDieselEuroSix;5183.278442853947;10;313;2423;2110;211.0;FALSE;;;
veh84;eVehicle;0.0;20;315;1616;1301;65.05;TRUE;;;
veh85;normalVehicle;881.7281469726314;19;316;1539;1223;64.36842105263158;TRUE;;;
veh87;eVehicle;0.0;19;318;1618;1300;68.42105263157895;TRUE;;;
veh86;highEmissions;841.8036196402259;13;319;1541;1222;94.0;TRUE;;;
veh88;normalVehicle;1526.7187154245378;6;320;2319;1999;333.1666666666667;FALSE;;;
veh89;gasolineEuroSix;541.0826806462569;6;326;1494;1168;194.66666666666666;TRUE;;;
veh90;normalVehicle;850.2383108615867;17;329;1500;1171;68.88235294117646;TRUE;;;
veh91;truck;161227.72926454543;8;333;2451;2118;264.75;FALSE;;;
veh92;truck;167412.97799930305;1;337;2526;2189;2189.0;FALSE;;;
veh93;highEmissions;1269.9292699144448;7;338;2521;2183;311.85714285714283;FALSE;;;
veh94;eVehicle;0.0;18;339;1631;1292;71.77777777777777;TRUE;;;
veh95;truck;156749.41052803965;18;343;2288;1945;108.05555555555556;FALSE;;;
veh96;truck;163988.24945618262;8;344;2342;1998;249.75;FALSE;;;
veh97;eVehicle;0.0;13;352;2571;2219;170.69230769230768;FALSE;;;
veh98;hovDieselEuroSix;5943.403011950609;17;356;2573;2217;130.41176470588235;FALSE;;;
veh99;eVehicle;0.0;12;359;1547;1188;99.0;TRUE;;;
veh100;highEmissions;1291.934331735718;19;364;2324;1960;103.15789473684211;FALSE;;;
veh101;dieselEuroSix;8681.391994636142;12;369;2575;2206;183.83333333333334;FALSE;;;
veh103;highEmissions;1401.9296446221151;15;371;2523;2152;143.46666666666667;FALSE;;;
veh102;hovDieselEuroSix;6578.567279273355;9;372;2576;2204;244.88888888888889;FALSE;;;
veh104;dieselEuroSix;6671.020749258171;18;373;2625;2252;125.11111111111111;FALSE;;;
veh105;normalVehicle;2008.3206673842892;20;375;2524;2149;107.45;FALSE;;;
veh106;truck;162077.59531390693;1;378;2396;2018;2018.0;FALSE;;;
veh107;dieselEuroSix;7257.536356709955;13;390;2457;2067;159.0;FALSE;;;
veh108;eVehicle;0.0;17;392;2528;2136;125.6470588235294;FALSE;;;
veh109;dieselEuroSix;6541.644053664301;5;393;2485;2092;418.4;FALSE;;;
veh110;dieselEuroSix;6544.114205092304;17;396;2582;2186;128.58823529411765;FALSE;;;
veh111;highEmissions;1401.2724025925024;18;396;2751;2355;130.83333333333334;FALSE;;;
veh112;dieselEuroSix;8338.700689945868;7;400;2424;2024;289.14285714285717;FALSE;;;
veh113;hovDieselEuroSix;5071.675441593206;14;403;2426;2023;144.5;FALSE;;;
veh114;gasolineEuroSix;1216.2124036838866;2;404;2526;2122;1061.0;FALSE;;;
veh115;dieselEuroSix;6566.5667425021975;16;414;2594;2180;136.25;FALSE;;;
veh116;gasolineEuroSix;1104.8762771238478;12;421;2428;2007;167.25;FALSE;;;
veh117;hovDieselEuroSix;4734.644706089196;19;424;2466;2042;107.47368421052632;FALSE;;;
veh118;gasolineEuroSix;946.2081890838542;18;427;2474;2047;113.72222222222223;FALSE;;;
veh119;normalVehicle;1895.6042336667615;7;429;2596;2167;309.57142857142856;FALSE;;;
veh120;highEmissions;1328.855035951174;17;431;2593;2162;127.17647058823529;FALSE;;;
veh121;truck;220669.61230114818;14;434;2598;2164;154.57142857142858;FALSE;;;
veh122;dieselEuroSix;7249.010855492949;16;436;2460;2024;126.5;FALSE;;;
veh123;normalVehicle;1836.2309601309435;12;439;2584;2145;178.75;FALSE;;;
veh124;eVehicle;0.0;14;443;2478;2035;145.35714285714286;FALSE;;;
veh125;eVehicle;0.0;12;445;2398;1953;162.75;FALSE;;;
veh126;truck;214871.5912739536;1;451;2817;2366;2366.0;FALSE;;;
veh127;eVehicle;0.0;18;465;2924;2459;136.61111111111111;FALSE;;;
veh128;hovDieselEuroSix;6236.845861362201;18;468;2925;2457;136.5;FALSE;;;
veh129;gasolineEuroSix;1076.990443580872;20;472;2594;2122;106.1;FALSE;;;
veh130;normalVehicle;1882.6878361901024;20;473;2585;2112;105.6;FALSE;;;
veh131;gasolineEuroSix;985.2497775649355;11;476;2400;1924;174.9090909090909;FALSE;;;
veh132;normalVehicle;1711.5881055197658;15;479;2702;2223;148.2;FALSE;;;
veh133;hovDieselEuroSix;5011.813700874969;20;479;2475;1996;99.8;FALSE;;;
veh134;hovDieselEuroSix;6616.195144514106;1;481;2587;2106;2106.0;FALSE;;;
veh135;gasolineEuroSix;1047.7795660540207;8;497;2626;2129;266.125;FALSE;;;
veh136;hovDieselEuroSix;6303.0018983627515;6;500;2628;2128;354.6666666666667;FALSE;;;
veh137;highEmissions;1594.6973662280902;18;502;2589;2087;115.94444444444444;FALSE;;;
veh138;gasolineEuroSix;1045.0566207170239;19;505;2625;2120;111.57894736842105;FALSE;;;
veh139;truck;186283.90782289646;6;516;2630;2114;352.3333333333333;FALSE;;;
veh140;dieselEuroSix;8696.988734605413;3;517;2704;2187;729.0;FALSE;;;
veh141;eVehicle;0.0;18;519;2590;2071;115.05555555555556;FALSE;;;
veh142;normalVehicle;1521.7852240475295;9;522;2677;2155;239.44444444444446;FALSE;;;
veh143;eVehicle;0.0;2;535;2706;2171;1085.5;FALSE;;;
veh144;normalVehicle;1756.1277630097918;3;536;3309;2773;924.3333333333334;FALSE;;;
veh145;eVehicle;0.0;3;543;2631;2088;696.0;FALSE;;;
veh146;hovDieselEuroSix;4753.935630669221;1;546;2815;2269;2269.0;FALSE;;;
veh147;dieselEuroSix;7639.516107842578;15;548;2600;2052;136.8;FALSE;;;
veh148;gasolineEuroSix;1037.6567105248998;1;557;2679;2122;2122.0;FALSE;;;
veh149;hovDieselEuroSix;5754.917580509795;9;561;2592;2031;225.66666666666666;FALSE;;;
veh150;dieselEuroSix;7140.690397692133;8;562;2689;2127;265.875;FALSE;;;
veh151;eVehicle;0.0;9;567;2633;2066;229.55555555555554;FALSE;;;
veh152;gasolineEuroSix;1162.5842952041544;4;570;2635;2065;516.25;FALSE;;;
veh153;gasolineEuroSix;1053.4860542659712;20;578;2810;2232;111.6;FALSE;;;
veh154;hovDieselEuroSix;6395.256517945109;6;590;2637;2047;341.1666666666667;FALSE;;;
veh155;hovDieselEuroSix;6521.691019033267;12;596;3311;2715;226.25;FALSE;;;
veh156;normalVehicle;2053.5742336947155;10;597;2811;2214;221.4;FALSE;;;
veh157;hovDieselEuroSix;6461.331717606409;3;598;2638;2040;680.0;FALSE;;;
veh158;gasolineEuroSix;963.3445983210845;6;600;2820;2220;370.0;FALSE;;;
veh159;eVehicle;0.0;6;601;2594;1993;332.1666666666667;FALSE;;;
veh160;eVehicle;0.0;9;605;2904;2299;255.44444444444446;FALSE;;;
veh161;eVehicle;0.0;17;608;2905;2297;135.11764705882354;FALSE;;;
veh162;eVehicle;0.0;6;608;2642;2034;339.0;FALSE;;;
veh163;normalVehicle;1833.9277269047504;9;611;2644;2033;225.88888888888889;FALSE;;;
veh164;highEmissions;1581.7806294997365;10;614;2645;2031;203.1;FALSE;;;
veh165;eVehicle;0.0;15;615;2816;2201;146.73333333333332;FALSE;;;
veh166;normalVehicle;1721.9866557287662;11;628;2732;2104;191.27272727272728;FALSE;;;
veh167;dieselEuroSix;6916.929260176435;16;629;2596;1967;122.9375;FALSE;;;
veh168;hovDieselEuroSix;7012.28096604976;16;634;3313;2679;167.4375;FALSE;;;
veh169;eVehicle;0.0;4;638;2783;2145;536.25;FALSE;;;
veh170;highEmissions;1543.6951394166636;1;641;2822;2181;2181.0;FALSE;;;
veh171;dieselEuroSix;7071.109265225323;10;642;2907;2265;226.5;FALSE;;;
veh172;eVehicle;0.0;13;646;2905;2259;173.76923076923077;FALSE;;;
veh173;eVehicle;0.0;11;653;2734;2081;189.1818181818182;FALSE;;;
veh174;eVehicle;0.0;14;656;2818;2162;154.42857142857142;FALSE;;;
veh175;dieselEuroSix;9457.406887122273;7;658;3391;2733;390.42857142857144;FALSE;;;
veh176;normalVehicle;2037.398967741376;9;660;2736;2076;230.66666666666666;FALSE;;;
veh177;gasolineEuroSix;1170.1296227100033;4;663;2823;2160;540.0;FALSE;;;
veh178;highEmissions;1675.105507197183;9;665;2738;2073;230.33333333333334;FALSE;;;
veh179;hovDieselEuroSix;6138.103488418273;17;670;2909;2239;131.7058823529412;FALSE;;;
veh180;gasolineEuroSix;1217.5160688048313;7;671;2739;2068;295.42857142857144;FALSE;;;
veh181;eVehicle;0.0;20;675;2825;2150;107.5;FALSE;;;
veh182;highEmissions;1753.559742878347;14;679;2827;2148;153.42857142857142;FALSE;;;
veh183;gasolineEuroSix;1092.7658069619733;1;680;2785;2105;2105.0;FALSE;;;
veh184;hovDieselEuroSix;4861.684651222231;8;687;2832;2145;268.125;FALSE;;;
veh185;normalVehicle;2338.9182986096184;1;690;3315;2625;2625.0;FALSE;;;
veh186;dieselEuroSix;10766.130843998606;13;694;3316;2622;201.69230769230768;FALSE;;;
veh187;hovDieselEuroSix;7378.397439569042;5;697;3318;2621;524.2;FALSE;;;
veh188;eVehicle;0.0;2;700;3320;2620;1310.0;FALSE;;;
veh189;normalVehicle;2009.43138480068;6;705;2911;2206;367.6666666666667;FALSE;;;
veh190;dieselEuroSix;6696.366373237287;15;706;2940;2234;148.93333333333334;FALSE;;;
veh191;hovDieselEuroSix;5710.128974930447;17;709;2941;2232;131.2941176470588;FALSE;;;
veh192;eVehicle;0.0;14;709;2912;2203;157.35714285714286;FALSE;;;
veh193;dieselEuroSix;10420.777395488849;18;712;2914;2202;122.33333333333333;FALSE;;;
veh195;dieselEuroSix;6607.849911469192;8;713;3114;2401;300.125;FALSE;;;
veh194;normalVehicle;2274.8601924821414;17;715;2916;2201;129.47058823529412;FALSE;;;
veh196;truck;191472.97266137676;15;716;2820;2104;140.26666666666668;FALSE;;;
veh197;eVehicle;0.0;8;717;3026;2309;288.625;FALSE;;;
veh198;hovDieselEuroSix;5785.981260011858;17;719;2741;2022;118.94117647058823;FALSE;;;
veh199;normalVehicle;1607.6539010331599;1;726;3165;2439;2439.0;FALSE;;;
veh200;normalVehicle;1953.6538650266828;13;738;3116;2378;182.92307692307693;FALSE;;;
veh201;gasolineEuroSix;980.4490822215676;19;740;3044;2304;121.26315789473684;FALSE;;;
veh202;normalVehicle;1926.7654110645947;11;743;3046;2303;209.36363636363637;FALSE;;;
veh203;highEmissions;1865.0851866136843;14;743;3118;2375;169.64285714285714;FALSE;;;
veh204;hovDieselEuroSix;6163.790224367091;2;745;3027;2282;1141.0;FALSE;;;
veh205;highEmissions;1317.362371134652;10;746;2767;2021;202.1;FALSE;;;
veh206;truck;163243.54603203456;5;749;2771;2022;404.4;FALSE;;;
veh207;highEmissions;1229.9078020141387;7;756;2823;2067;295.2857142857143;FALSE;;;
veh208;normalVehicle;2104.227415282682;2;757;3029;2272;1136.0;FALSE;;;
veh209;hovDieselEuroSix;6203.620416694877;10;761;2918;2157;215.7;FALSE;;;
veh210;eVehicle;0.0;3;764;2825;2061;687.0;FALSE;;;
veh211;hovDieselEuroSix;6171.347585071811;3;766;3167;2401;800.3333333333334;FALSE;;;
veh212;normalVehicle;2187.7546665711166;10;776;3169;2393;239.3;FALSE;;;
veh213;normalVehicle;1956.6664799110583;10;781;2827;2046;204.6;FALSE;;;
veh214;hovDieselEuroSix;5032.70233956357;6;786;3215;2429;404.8333333333333;FALSE;;;
veh215;dieselEuroSix;8943.912040913325;14;787;2829;2042;145.85714285714286;FALSE;;;
veh216;hovDieselEuroSix;6315.314366234581;19;789;3217;2428;127.78947368421052;FALSE;;;
veh217;hovDieselEuroSix;7089.885153263182;9;795;3031;2236;248.44444444444446;FALSE;;;
veh218;highEmissions;1946.1663694992944;5;810;3033;2223;444.6;FALSE;;;
veh219;gasolineEuroSix;1029.8996368171345;1;812;3075;2263;2263.0;FALSE;;;
veh220;dieselEuroSix;8842.553626785224;18;815;3077;2262;125.66666666666667;FALSE;;;
veh221;gasolineEuroSix;1284.8287581511684;2;816;3219;2403;1201.5;FALSE;;;
veh222;truck;243471.17984849037;19;819;3221;2402;126.42105263157895;FALSE;;;
veh223;hovDieselEuroSix;7038.2639192448105;7;821;3119;2298;328.2857142857143;FALSE;;;
veh224;eVehicle;0.0;19;830;3121;2291;120.57894736842105;FALSE;;;
veh225;dieselEuroSix;10950.630800202889;15;831;3222;2391;159.4;FALSE;;;
veh226;dieselEuroSix;11121.812763021939;6;834;3034;2200;366.6666666666667;FALSE;;;
veh227;gasolineEuroSix;1145.0185984732054;20;836;2830;1994;99.7;FALSE;;;
veh228;highEmissions;2031.6447737427507;17;837;3123;2286;134.47058823529412;FALSE;;;
veh229;eVehicle;0.0;2;840;3125;2285;1142.5;FALSE;;;
veh230;normalVehicle;2270.0851800447504;13;842;3170;2328;179.07692307692307;FALSE;;;
veh232;eVehicle;0.0;7;844;3048;2204;314.85714285714283;FALSE;;;
veh231;truck;253769.38737460587;12;845;3172;2327;193.91666666666666;FALSE;;;
veh233;dieselEuroSix;10418.37598894586;4;850;3322;2472;618.0;FALSE;;;
veh234;hovDieselEuroSix;6984.729598567719;7;858;3224;2366;338.0;FALSE;;;
veh235;highEmissions;1949.553995411205;19;873;3226;2353;123.84210526315789;FALSE;;;
veh236;dieselEuroSix;9315.74290109219;14;874;3079;2205;157.5;FALSE;;;
veh237;eVehicle;0.0;19;877;3174;2297;120.89473684210526;FALSE;;;
veh238;dieselEuroSix;7931.384306734534;7;881;2832;1951;278.7142857142857;FALSE;;;
veh239;normalVehicle;1986.4408011661544;16;884;2834;1950;121.875;FALSE;;;
veh240;hovDieselEuroSix;6653.366283209525;4;886;3324;2438;609.5;FALSE;;;
veh241;truck;201056.7562140119;13;887;3050;2163;166.3846153846154;FALSE;;;
veh242;eVehicle;0.0;10;889;3127;2238;223.8;FALSE;;;
veh243;highEmissions;1947.8274490720196;17;890;3325;2435;143.23529411764707;FALSE;;;
veh244;eVehicle;0.0;16;894;3128;2234;139.625;FALSE;;;
veh245;dieselEuroSix;10509.847079315465;1;897;3130;2233;2233.0;FALSE;;;
veh248;hovDieselEuroSix;7876.204642847968;11;899;3227;2328;211.63636363636363;FALSE;;;
veh246;normalVehicle;2037.943195868859;20;900;3132;2232;111.6;FALSE;;;
veh247;dieselEuroSix;9970.703701377046;13;903;3134;2231;171.6153846153846;FALSE;;;
veh249;eVehicle;0.0;10;905;3229;2324;232.4;FALSE;;;
veh250;gasolineEuroSix;964.6268837024016;1;907;3064;2157;2157.0;FALSE;;;
veh251;eVehicle;0.0;6;909;3209;2300;383.3333333333333;FALSE;;;
veh252;dieselEuroSix;8672.70801574451;7;914;3176;2262;323.14285714285717;FALSE;;;
veh253;eVehicle;0.0;11;926;3066;2140;194.54545454545453;FALSE;;;
veh254;eVehicle;0.0;19;927;3232;2305;121.3157894736842;FALSE;;;
veh255;gasolineEuroSix;1071.3961205520222;5;932;3805;2873;574.6;FALSE;;;
veh257;normalVehicle;2220.7952016649847;11;934;3178;2244;204.0;FALSE;;;
veh256;dieselEuroSix;8643.670974915503;14;935;3806;2871;205.07142857142858;FALSE;;;
veh258;hovDieselEuroSix;6663.293268406992;7;935;3135;2200;314.2857142857143;FALSE;;;
veh259;dieselEuroSix;6692.548574601394;9;941;3357;2416;268.44444444444446;FALSE;;;
veh261;gasolineEuroSix;1327.1524066678437;13;944;3179;2235;171.92307692307693;FALSE;;;
veh260;hovDieselEuroSix;5382.6274618721045;4;944;3642;2698;674.5;FALSE;;;
veh262;normalVehicle;2395.640687031926;18;947;3181;2234;124.11111111111111;FALSE;;;
veh263;dieselEuroSix;7990.537794183525;12;949;3211;2262;188.5;FALSE;;;
veh264;hovDieselEuroSix;5440.828569486754;18;952;2835;1883;104.61111111111111;FALSE;;;
veh265;highEmissions;1899.8705829623348;16;955;3644;2689;168.0625;FALSE;;;
veh266;gasolineEuroSix;1181.2610500422495;18;964;3327;2363;131.27777777777777;FALSE;;;
veh267;truck;181676.0471516131;8;975;3137;2162;270.25;FALSE;;;
veh269;highEmissions;1751.4797637753534;3;977;3080;2103;701.0;FALSE;;;
veh268;highEmissions;1441.1015263134234;2;979;3139;2160;1080.0;FALSE;;;
veh272;gasolineEuroSix;1238.6450970310693;5;980;3329;2349;469.8;FALSE;;;
veh270;hovDieselEuroSix;5082.0588589316185;3;980;3082;2102;700.6666666666666;FALSE;;;
veh271;truck;161899.10006465382;6;983;3134;2151;358.5;FALSE;;;
veh273;normalVehicle;1852.8671834814897;6;989;3136;2147;357.8333333333333;FALSE;;;
veh274;dieselEuroSix;6906.999627582443;18;990;3398;2408;133.77777777777777;FALSE;;;
veh275;hovDieselEuroSix;6044.813466475551;7;992;3137;2145;306.42857142857144;FALSE;;;
veh276;hovDieselEuroSix;5574.912959386572;9;998;3402;2404;267.1111111111111;FALSE;;;
veh277;normalVehicle;2168.767819503428;11;1002;3404;2402;218.36363636363637;FALSE;;;
veh278;normalVehicle;1957.1008208393607;20;1008;3212;2204;110.2;FALSE;;;
veh279;dieselEuroSix;9911.650969436718;17;1009;3645;2636;155.05882352941177;FALSE;;;
veh280;hovDieselEuroSix;5998.518442704645;9;1010;3172;2162;240.22222222222223;FALSE;;;
veh281;highEmissions;1619.2254594391738;12;1012;3141;2129;177.41666666666666;FALSE;;;
veh282;gasolineEuroSix;1093.6865786612789;11;1014;3214;2200;200.0;FALSE;;;
veh283;eVehicle;0.0;11;1019;3216;2197;199.72727272727272;FALSE;;;
veh284;gasolineEuroSix;1028.516887413289;4;1025;3701;2676;669.0;FALSE;;;
veh285;dieselEuroSix;9619.190607492745;10;1028;3183;2155;215.5;FALSE;;;
veh286;dieselEuroSix;9408.701566294607;8;1030;3808;2778;347.25;FALSE;;;
veh287;hovDieselEuroSix;7374.833596764952;20;1035;3647;2612;130.6;FALSE;;;
veh288;truck;233651.8900622631;16;1036;3218;2182;136.375;FALSE;;;
veh289;dieselEuroSix;10720.483530114803;5;1037;3184;2147;429.4;FALSE;;;
veh290;dieselEuroSix;10917.716689175355;19;1048;3649;2601;136.89473684210526;FALSE;;;
veh291;hovDieselEuroSix;4989.8518969826355;18;1050;3143;2093;116.27777777777777;FALSE;;;
veh292;normalVehicle;1899.3783364361166;4;1053;3144;2091;522.75;FALSE;;;
veh293;eVehicle;0.0;11;1055;3186;2131;193.72727272727272;FALSE;;;
veh294;gasolineEuroSix;1261.971743565145;2;1065;3405;2340;1170.0;FALSE;;;
veh295;truck;163019.06134679427;14;1067;3116;2049;146.35714285714286;FALSE;;;
veh296;dieselEuroSix;10207.835825529506;3;1070;3219;2149;716.3333333333334;FALSE;;;
veh297;normalVehicle;2459.8876433400615;13;1073;3651;2578;198.30769230769232;FALSE;;;
veh298;gasolineEuroSix;1288.6592065636135;5;1079;3407;2328;465.6;FALSE;;;
veh299;normalVehicle;2365.815339738736;5;1080;3221;2141;428.2;FALSE;;;
veh300;eVehicle;0.0;11;1082;3188;2106;191.45454545454547;FALSE;;;
veh302;eVehicle;0.0;4;1083;3810;2727;681.75;FALSE;;;
veh303;hovDieselEuroSix;8048.269043066358;20;1084;3652;2568;128.4;FALSE;;;
veh301;gasolineEuroSix;954.5203164137808;19;1085;3230;2145;112.89473684210526;FALSE;;;
veh304;eVehicle;0.0;13;1093;3146;2053;157.92307692307693;FALSE;;;
veh305;hovDieselEuroSix;6313.583368790031;3;1094;3703;2609;869.6666666666666;FALSE;;;
veh306;dieselEuroSix;9735.720094851738;19;1100;3704;2604;137.05263157894737;FALSE;;;
veh307;eVehicle;0.0;18;1109;3409;2300;127.77777777777777;FALSE;;;
veh308;truck;251590.93605866295;8;1117;3654;2537;317.125;FALSE;;;
veh309;normalVehicle;1810.6380607349215;19;1118;3231;2113;111.21052631578948;FALSE;;;
veh310;dieselEuroSix;6644.706402539051;3;1121;3347;2226;742.0;FALSE;;;
veh311;highEmissions;2035.8720371524803;9;1122;3411;2289;254.33333333333334;FALSE;;;
veh312;hovDieselEuroSix;7605.910584249609;12;1123;3706;2583;215.25;FALSE;;;
veh313;truck;256503.13552263103;10;1132;3656;2524;252.4;FALSE;;;
veh314;hovDieselEuroSix;5627.502195168633;19;1138;3148;2010;105.78947368421052;FALSE;;;
veh315;normalVehicle;1762.062601441189;18;1139;3118;1979;109.94444444444444;FALSE;;;
veh316;hovDieselEuroSix;6001.445430791279;4;1141;3149;2008;502.0;FALSE;;;
veh317;hovDieselEuroSix;7286.9624977747535;15;1143;3812;2669;177.93333333333334;FALSE;;;
veh318;gasolineEuroSix;1420.206580284424;9;1146;3658;2512;279.1111111111111;FALSE;;;
veh319;hovDieselEuroSix;7601.398998344202;4;1151;3813;2662;665.5;FALSE;;;
veh320;hovDieselEuroSix;5607.431909351317;2;1154;3119;1965;982.5;FALSE;;;
veh321;eVehicle;0.0;10;1162;3660;2498;249.8;FALSE;;;
veh322;eVehicle;0.0;1;1169;3495;2326;2326.0;FALSE;;;
veh323;eVehicle;0.0;20;1173;3625;2452;122.6;FALSE;;;
veh324;gasolineEuroSix;1133.4395645692678;1;1180;3497;2317;2317.0;FALSE;;;
veh325;highEmissions;1750.1697590171725;3;1181;3627;2446;815.3333333333334;FALSE;;;
veh326;truck;236696.91970409552;14;1189;3662;2473;176.64285714285714;FALSE;;;
veh327;truck;245153.02233930875;4;1192;3708;2516;629.0;FALSE;;;
veh328;normalVehicle;1833.166519968866;2;1193;3349;2156;1078.0;FALSE;;;
veh329;hovDieselEuroSix;6932.676953235674;7;1194;3629;2435;347.85714285714283;FALSE;;;
veh330;eVehicle;0.0;8;1195;3293;2098;262.25;FALSE;;;
veh331;dieselEuroSix;9878.116079855869;19;1196;3412;2216;116.63157894736842;FALSE;;;
veh332;gasolineEuroSix;1242.6822407496202;14;1197;3499;2302;164.42857142857142;FALSE;;;
veh333;eVehicle;0.0;6;1202;3631;2429;404.8333333333333;FALSE;;;
veh335;normalVehicle;2164.6435702561425;4;1204;3815;2611;652.75;FALSE;;;
veh334;hovDieselEuroSix;8052.622019203875;15;1205;3632;2427;161.8;FALSE;;;
veh336;dieselEuroSix;10802.178595274245;6;1207;3500;2293;382.1666666666667;FALSE;;;
veh337;truck;255448.9530231724;8;1210;3502;2292;286.5;FALSE;;;
veh338;eVehicle;0.0;6;1218;3356;2138;356.3333333333333;FALSE;;;
veh339;hovDieselEuroSix;6170.092873844407;4;1221;3357;2136;534.0;FALSE;;;
veh340;eVehicle;0.0;14;1223;3663;2440;174.28571428571428;FALSE;;;
veh341;eVehicle;0.0;13;1232;3710;2478;190.6153846153846;FALSE;;;
veh343;normalVehicle;1577.453677019973;18;1234;3393;2159;119.94444444444444;FALSE;;;
veh342;normalVehicle;2343.16066718701;10;1235;3712;2477;247.7;FALSE;;;
veh344;normalVehicle;1854.9947714758443;18;1237;3394;2157;119.83333333333333;FALSE;;;
veh345;dieselEuroSix;9621.880866951977;9;1242;3665;2423;269.22222222222223;FALSE;;;
veh346;dieselEuroSix;9506.78019896295;16;1243;3359;2116;132.25;FALSE;;;
veh348;eVehicle;0.0;11;1245;3634;2389;217.1818181818182;FALSE;;;
veh347;hovDieselEuroSix;5067.75109058242;4;1246;3721;2475;618.75;FALSE;;;
veh350;eVehicle;0.0;7;1246;3817;2571;367.2857142857143;FALSE;;;
veh349;dieselEuroSix;9460.49469517126;11;1248;3636;2388;217.0909090909091;FALSE;;;
veh351;truck;219748.87918180038;2;1249;3819;2570;1285.0;FALSE;;;
veh352;hovDieselEuroSix;7652.994100997895;1;1252;3713;2461;2461.0;FALSE;;;
veh354;dieselEuroSix;7755.773029068469;1;1253;3414;2161;2161.0;FALSE;;;
veh353;normalVehicle;2629.5079487203443;10;1255;3715;2460;246.0;FALSE;;;
veh355;hovDieselEuroSix;6242.71557127823;20;1256;3416;2160;108.0;FALSE;;;
veh356;hovDieselEuroSix;4965.08502963249;11;1261;3396;2135;194.0909090909091;FALSE;;;
veh357;hovDieselEuroSix;7889.539540971681;15;1265;3717;2452;163.46666666666667;FALSE;;;
veh358;highEmissions;1754.272837337081;13;1269;3418;2149;165.30769230769232;FALSE;;;
veh360;dieselEuroSix;9931.037227828223;11;1271;3820;2549;231.72727272727272;FALSE;;;
veh359;hovDieselEuroSix;4813.609177933088;13;1272;3616;2344;180.30769230769232;FALSE;;;
veh361;dieselEuroSix;9221.663304463838;3;1273;3667;2394;798.0;FALSE;;;
veh362;hovDieselEuroSix;7420.997869080407;3;1276;3669;2393;797.6666666666666;FALSE;;;
veh363;eVehicle;0.0;11;1277;3618;2341;212.8181818181818;FALSE;;;
veh364;normalVehicle;2369.4766626990663;20;1283;3671;2388;119.4;FALSE;;;
veh365;normalVehicle;2371.7208385362833;15;1286;3504;2218;147.86666666666667;FALSE;;;
veh366;truck;243440.35924100404;4;1289;3506;2217;554.25;FALSE;;;
veh367;eVehicle;0.0;9;1291;3822;2531;281.22222222222223;FALSE;;;
veh368;normalVehicle;2468.3350730088646;7;1295;3507;2212;316.0;FALSE;;;
veh369;normalVehicle;2202.4675398935346;20;1299;3526;2227;111.35;FALSE;;;
veh370;truck;227327.99590846687;18;1300;3620;2320;128.88888888888889;FALSE;;;
veh371;eVehicle;0.0;16;1301;3723;2422;151.375;FALSE;;;
veh373;eVehicle;0.0;9;1304;3543;2239;248.77777777777777;FALSE;;;
veh372;hovDieselEuroSix;6951.237795816107;12;1304;3725;2421;201.75;FALSE;;;
veh375;truck;207550.2982970683;6;1306;3638;2332;388.6666666666667;FALSE;;;
veh374;hovDieselEuroSix;5581.447076338554;18;1307;3545;2238;124.33333333333333;FALSE;;;
veh376;dieselEuroSix;10406.362643303923;7;1321;3621;2300;328.57142857142856;FALSE;;;
veh377;truck;253964.34983601066;10;1322;3719;2397;239.7;FALSE;;;
veh378;highEmissions;1795.6949815962578;7;1328;3720;2392;341.7142857142857;FALSE;;;
veh379;gasolineEuroSix;1006.0020100004593;8;1336;3737;2401;300.125;FALSE;;;
veh380;dieselEuroSix;6608.225567640079;12;1337;3711;2374;197.83333333333334;FALSE;;;
veh381;normalVehicle;2170.293957398595;3;1342;3640;2298;766.0;FALSE;;;
veh383;eVehicle;0.0;9;1343;3672;2329;258.77777777777777;FALSE;;;
veh382;truck;209316.31376243252;3;1345;3642;2297;765.6666666666666;FALSE;;;
veh384;normalVehicle;2360.365096932848;15;1346;3727;2381;158.73333333333332;FALSE;;;
veh385;eVehicle;0.0;3;1349;3728;2379;793.0;FALSE;;;
veh386;eVehicle;0.0;19;1360;3643;2283;120.15789473684211;FALSE;;;
veh387;eVehicle;0.0;11;1362;3609;2247;204.27272727272728;FALSE;;;
veh388;normalVehicle;1991.860331301032;8;1365;3610;2245;280.625;FALSE;;;
veh389;eVehicle;0.0;13;1374;3612;2238;172.15384615384616;FALSE;;;
veh390;eVehicle;0.0;10;1375;3738;2363;236.3;FALSE;;;
veh391;eVehicle;0.0;2;1378;3740;2362;1181.0;FALSE;;;
veh392;eVehicle;0.0;11;1385;3645;2260;205.45454545454547;FALSE;;;
veh393;hovDieselEuroSix;7843.345496487011;6;1388;3730;2342;390.3333333333333;FALSE;;;
veh394;eVehicle;0.0;11;1392;3623;2231;202.8181818181818;FALSE;;;
veh395;eVehicle;0.0;19;1394;3824;2430;127.89473684210526;FALSE;;;
veh396;highEmissions;1856.5766739229684;10;1397;3826;2429;242.9;FALSE;;;
veh397;gasolineEuroSix;1305.0312805502488;8;1400;3827;2427;303.375;FALSE;;;
veh398;hovDieselEuroSix;7585.024407811664;11;1402;3647;2245;204.0909090909091;FALSE;;;
veh399;truck;200697.25284367063;4;1409;3712;2303;575.75;FALSE;;;
veh400;eVehicle;0.0;18;1413;3829;2416;134.22222222222223;FALSE;;;
veh401;truck;220281.7633624372;20;1421;3683;2262;113.1;FALSE;;;
veh402;truck;227550.9511045114;19;1423;3625;2202;115.89473684210526;FALSE;;;
veh403;eVehicle;0.0;20;1425;3648;2223;111.15;FALSE;;;
veh405;hovDieselEuroSix;6218.072045991989;3;1427;3714;2287;762.3333333333334;FALSE;;;
veh404;truck;244942.3376720524;8;1428;3650;2222;277.75;FALSE;;;
veh406;gasolineEuroSix;1157.4531592363453;8;1429;3831;2402;300.25;FALSE;;;
veh407;gasolineEuroSix;992.0062318625975;1;1431;3777;2346;2346.0;FALSE;;;
veh408;truck;235034.75667285247;8;1434;3742;2308;288.5;FALSE;;;
veh409;truck;209941.7921269938;13;1438;3779;2341;180.07692307692307;FALSE;;;
veh410;truck;222928.80551717398;3;1443;3833;2390;796.6666666666666;FALSE;;;
veh411;hovDieselEuroSix;7153.9299451009765;9;1445;3743;2298;255.33333333333334;FALSE;;;
veh412;truck;212992.42649883206;18;1451;3652;2201;122.27777777777777;FALSE;;;
veh414;hovDieselEuroSix;7016.4665658508;3;1454;3781;2327;775.6666666666666;FALSE;;;
veh413;eVehicle;0.0;3;1455;3974;2519;839.6666666666666;FALSE;;;
veh415;eVehicle;0.0;1;1474;3716;2242;2242.0;FALSE;;;
veh416;truck;227548.1433291945;1;1488;3627;2139;2139.0;FALSE;;;
veh417;gasolineEuroSix;1169.6970631460604;10;1489;3975;2486;248.6;FALSE;;;
veh418;truck;195097.7683313346;12;1501;3835;2334;194.5;FALSE;;;
veh419;normalVehicle;2284.1742904139865;16;1506;3745;2239;139.9375;FALSE;;;
veh420;dieselEuroSix;8984.827385164268;16;1511;3782;2271;141.9375;FALSE;;;
veh421;highEmissions;1892.9041028400072;5;1518;3784;2266;453.2;FALSE;;;
veh422;dieselEuroSix;8352.985216165975;4;1525;3718;2193;548.25;FALSE;;;
veh423;eVehicle;0.0;17;1526;3836;2310;135.88235294117646;FALSE;;;
veh424;eVehicle;0.0;11;1529;3747;2218;201.63636363636363;FALSE;;;
veh425;gasolineEuroSix;975.1609380318063;3;1530;3820;2290;763.3333333333334;FALSE;;;
veh426;gasolineEuroSix;1209.6228503470402;17;1532;3719;2187;128.64705882352942;FALSE;;;
veh427;truck;203546.75827448218;6;1533;3628;2095;349.1666666666667;FALSE;;;
veh428;eVehicle;0.0;6;1538;3619;2081;346.8333333333333;FALSE;;;
veh429;normalVehicle;1825.9842314083305;5;1541;3620;2079;415.8;FALSE;;;
veh431;eVehicle;0.0;5;1542;4057;2515;503.0;FALSE;;;
veh430;truck;214345.79438168276;11;1544;3622;2078;188.9090909090909;FALSE;;;
veh432;highEmissions;1895.8558109726916;10;1546;3786;2240;224.0;FALSE;;;
veh433;hovDieselEuroSix;6480.996623929524;4;1553;3838;2285;571.25;FALSE;;;
veh434;highEmissions;1586.479950949963;17;1563;4230;2667;156.88235294117646;FALSE;;;
veh435;truck;200417.12180733008;20;1564;3822;2258;112.9;FALSE;;;
veh436;gasolineEuroSix;972.8532290328841;10;1569;3862;2293;229.3;FALSE;;;
veh437;dieselEuroSix;8329.219030370281;5;1584;3630;2046;409.2;FALSE;;;
veh438;hovDieselEuroSix;6725.26790913549;7;1591;3840;2249;321.2857142857143;FALSE;;;
veh439;eVehicle;0.0;5;1592;4059;2467;493.4;FALSE;;;
veh440;normalVehicle;2056.1252725390773;18;1597;4232;2635;146.38888888888889;FALSE;;;
veh441;highEmissions;1905.5409449546542;2;1600;4061;2461;1230.5;FALSE;;;
veh442;gasolineEuroSix;1340.3974962750804;11;1603;4063;2460;223.63636363636363;FALSE;;;
veh443;eVehicle;0.0;20;1603;4234;2631;131.55;FALSE;;;
veh444;gasolineEuroSix;1366.9900703898243;18;1606;4064;2458;136.55555555555554;FALSE;;;
veh445;truck;189935.52168157624;7;1609;3738;2129;304.14285714285717;FALSE;;;
veh446;gasolineEuroSix;1431.4753629446648;6;1610;4066;2456;409.3333333333333;FALSE;;;
veh447;eVehicle;0.0;10;1615;3841;2226;222.6;FALSE;;;
veh448;highEmissions;1356.4655193792382;14;1624;3927;2303;164.5;FALSE;;;
veh449;highEmissions;2234.1705037186625;18;1627;4068;2441;135.61111111111111;FALSE;;;
veh450;normalVehicle;1960.8578705215796;6;1629;3929;2300;383.3333333333333;FALSE;;;
veh451;gasolineEuroSix;1199.5063266941095;2;1630;4070;2440;1220.0;FALSE;;;
veh452;normalVehicle;1470.649164270906;8;1634;3691;2057;257.125;FALSE;;;
veh453;eVehicle;0.0;9;1637;3693;2056;228.44444444444446;FALSE;;;
veh454;highEmissions;1410.5527929498803;3;1641;4000;2359;786.3333333333334;FALSE;;;
veh456;truck;199579.4675675512;15;1642;3864;2222;148.13333333333333;FALSE;;;
veh457;gasolineEuroSix;1310.2996500156721;14;1643;4072;2429;173.5;FALSE;;;
veh455;eVehicle;0.0;18;1644;4001;2357;130.94444444444446;FALSE;;;
veh458;truck;202250.9411562177;9;1652;4003;2351;261.22222222222223;FALSE;;;
veh459;eVehicle;0.0;18;1654;4291;2637;146.5;FALSE;;;
veh460;hovDieselEuroSix;6966.4803347645675;15;1655;3977;2322;154.8;FALSE;;;
veh461;gasolineEuroSix;1315.838308455561;18;1656;4236;2580;143.33333333333334;FALSE;;;
veh463;truck;234065.66696151104;15;1658;3979;2321;154.73333333333332;FALSE;;;
veh462;highEmissions;2169.2768403780788;1;1659;4238;2579;2579.0;FALSE;;;
veh464;gasolineEuroSix;1145.3635350397665;13;1663;3740;2077;159.76923076923077;FALSE;;;
veh465;hovDieselEuroSix;8319.22321115145;11;1667;4239;2572;233.8181818181818;FALSE;;;
veh466;hovDieselEuroSix;6505.251759977036;6;1669;4293;2624;437.3333333333333;FALSE;;;
veh467;normalVehicle;2090.616760588983;9;1673;3931;2258;250.88888888888889;FALSE;;;
veh468;gasolineEuroSix;1261.4682520895688;16;1675;4005;2330;145.625;FALSE;;;
veh469;hovDieselEuroSix;4854.911270137587;1;1679;4002;2323;2323.0;FALSE;;;
veh470;gasolineEuroSix;1088.1615027926825;14;1685;3742;2057;146.92857142857142;FALSE;;;
veh471;gasolineEuroSix;1137.7117099850618;19;1686;3933;2247;118.26315789473684;FALSE;;;
veh472;normalVehicle;2626.2351723889333;1;1688;4241;2553;2553.0;FALSE;;;
veh473;hovDieselEuroSix;5336.128588455804;2;1693;3743;2050;1025.0;FALSE;;;
veh474;normalVehicle;1924.3031168876253;12;1695;3788;2093;174.41666666666666;FALSE;;;
veh475;hovDieselEuroSix;6896.032365052099;19;1700;4007;2307;121.42105263157895;FALSE;;;
veh476;gasolineEuroSix;1387.139178170957;5;1702;4243;2541;508.2;FALSE;;;
veh477;hovDieselEuroSix;7947.531227301868;19;1705;4245;2540;133.68421052631578;FALSE;;;
veh478;highEmissions;1454.5022098464824;5;1714;4044;2330;466.0;FALSE;;;
veh479;normalVehicle;1974.3368004009153;5;1738;4045;2307;461.4;FALSE;;;
veh480;dieselEuroSix;7115.98701551661;9;1741;3745;2004;222.66666666666666;FALSE;;;
veh481;normalVehicle;2401.0452572744543;9;1745;4009;2264;251.55555555555554;FALSE;;;
veh482;gasolineEuroSix;1404.6685214657273;13;1749;4246;2497;192.07692307692307;FALSE;;;
veh484;gasolineEuroSix;1144.8919050254317;19;1751;3934;2183;114.89473684210526;FALSE;;;
veh483;normalVehicle;2426.1790932702734;13;1752;4248;2496;192.0;FALSE;;;
veh485;gasolineEuroSix;1112.8671998566917;6;1756;4003;2247;374.5;FALSE;;;
veh487;normalVehicle;2212.21613540306;20;1758;3936;2178;108.9;FALSE;;;
veh486;dieselEuroSix;9563.698962186163;3;1759;4005;2246;748.6666666666666;FALSE;;;
veh488;gasolineEuroSix;1398.8455380714547;8;1759;4250;2491;311.375;FALSE;;;
veh489;gasolineEuroSix;1031.7784148066337;16;1763;3945;2182;136.375;FALSE;;;
veh490;gasolineEuroSix;1117.5585487612932;1;1767;3789;2022;2022.0;FALSE;;;
veh491;truck;227161.96732528473;6;1769;4295;2526;421.0;FALSE;;;
veh492;truck;250037.74808919683;17;1773;4297;2524;148.47058823529412;FALSE;;;
veh493;normalVehicle;1824.2454359045803;11;1776;3747;1971;179.1818181818182;FALSE;;;
veh494;gasolineEuroSix;1257.1857632485908;17;1787;4047;2260;132.94117647058823;FALSE;;;
veh495;normalVehicle;1563.8403324092267;15;1799;4158;2359;157.26666666666668;FALSE;;;
veh496;highEmissions;2117.618037458316;8;1800;4298;2498;312.25;FALSE;;;
veh497;dieselEuroSix;8395.470925012087;8;1802;4160;2358;294.75;FALSE;;;
veh498;eVehicle;0.0;11;1803;3791;1988;180.72727272727272;FALSE;;;
veh499;gasolineEuroSix;1255.753007270887;16;1806;3792;1986;124.125;FALSE;;;
veh500;eVehicle;0.0;16;1814;4049;2235;139.6875;FALSE;;;
veh501;dieselEuroSix;6524.864717194029;8;1815;4017;2202;275.25;FALSE;;;
veh502;truck;214232.30196577424;14;1817;4051;2234;159.57142857142858;FALSE;;;
veh503;hovDieselEuroSix;5634.616516858832;11;1827;4007;2180;198.1818181818182;FALSE;;;
veh504;eVehicle;0.0;18;1831;4009;2178;121.0;FALSE;;;
veh505;eVehicle;0.0;20;1834;4010;2176;108.8;FALSE;;;
veh507;dieselEuroSix;7208.933243836735;9;1834;4807;2973;330.3333333333333;FALSE;;;
veh509;dieselEuroSix;8748.961929193589;8;1836;3946;2110;263.75;FALSE;;;
veh506;dieselEuroSix;10068.95852320302;2;1837;4012;2175;1087.5;FALSE;;;
veh508;hovDieselEuroSix;6845.1090956040625;3;1837;4809;2972;990.6666666666666;FALSE;;;
veh510;hovDieselEuroSix;6913.909429119794;17;1846;4252;2406;141.52941176470588;FALSE;;;
veh511;eVehicle;0.0;12;1859;3867;2008;167.33333333333334;FALSE;;;
veh512;normalVehicle;2419.3530644426137;6;1860;4300;2440;406.6666666666667;FALSE;;;
veh513;gasolineEuroSix;1294.7592231042117;17;1862;4014;2152;126.58823529411765;FALSE;;;
veh514;hovDieselEuroSix;6186.564715624605;7;1866;3948;2082;297.42857142857144;FALSE;;;
veh515;gasolineEuroSix;966.1439799076526;10;1869;4073;2204;220.4;FALSE;;;
veh516;hovDieselEuroSix;4628.05511022384;10;1881;4082;2201;220.1;FALSE;;;
veh517;eVehicle;0.0;10;1884;4084;2200;220.0;FALSE;;;
veh518;dieselEuroSix;8458.920097998418;18;1887;4085;2198;122.11111111111111;FALSE;;;
veh519;dieselEuroSix;9179.459911701104;12;1888;4162;2274;189.5;FALSE;;;
veh520;normalVehicle;1618.8512414144113;6;1889;3869;1980;330.0;FALSE;;;
veh521;gasolineEuroSix;651.6701871660365;15;1890;3190;1300;86.66666666666667;TRUE;;;
veh522;gasolineEuroSix;971.0719609597327;20;1897;4230;2333;116.65;FALSE;;;
veh523;eVehicle;0.0;3;1902;3244;1342;447.3333333333333;TRUE;;;
veh524;highEmissions;1580.5130406157612;4;1908;4087;2179;544.75;FALSE;;;
veh525;dieselEuroSix;8730.07309106118;20;1914;4016;2102;105.1;FALSE;;;
veh526;eVehicle;0.0;17;1918;4089;2171;127.70588235294117;FALSE;;;
veh527;dieselEuroSix;9383.83128631868;19;1919;4810;2891;152.1578947368421;FALSE;;;
veh528;dieselEuroSix;10017.429840384599;13;1921;4090;2169;166.84615384615384;FALSE;;;
veh529;eVehicle;0.0;6;1925;4302;2377;396.1666666666667;FALSE;;;
veh530;hovDieselEuroSix;7409.653874242477;5;1928;4304;2376;475.2;FALSE;;;
veh531;hovDieselEuroSix;7163.790692677023;9;1941;4305;2364;262.6666666666667;FALSE;;;
veh532;hovDieselEuroSix;5039.544217403896;14;1944;4053;2109;150.64285714285714;FALSE;;;
veh533;dieselEuroSix;9714.533519964416;7;1947;4812;2865;409.2857142857143;FALSE;;;
veh534;gasolineEuroSix;1123.5353687343104;19;1950;4017;2067;108.78947368421052;FALSE;;;
veh535;eVehicle;0.0;2;1952;3352;1400;700.0;TRUE;;;
veh536;eVehicle;0.0;16;1954;3234;1280;80.0;TRUE;;;
veh537;eVehicle;0.0;13;1965;3379;1414;108.76923076923077;TRUE;;;
veh538;hovDieselEuroSix;5616.803408755408;12;1967;4269;2302;191.83333333333334;FALSE;;;
veh539;gasolineEuroSix;1325.4483666005926;13;1973;4307;2334;179.53846153846155;FALSE;;;
veh540;highEmissions;2131.9778627212636;17;1976;4309;2333;137.23529411764707;FALSE;;;
veh541;gasolineEuroSix;1387.1338166272662;6;1979;4310;2331;388.5;FALSE;;;
veh542;hovDieselEuroSix;5128.4419592305185;18;1984;4019;2035;113.05555555555556;FALSE;;;
veh543;eVehicle;0.0;2;1986;3318;1332;666.0;TRUE;;;
veh544;gasolineEuroSix;945.241104834587;17;1987;3976;1989;117.0;FALSE;;;
veh545;normalVehicle;1966.492315800117;3;1988;4092;2104;701.3333333333334;FALSE;;;
veh546;normalVehicle;1202.6102013468715;9;1991;3380;1389;154.33333333333334;TRUE;;;
veh547;eVehicle;0.0;4;1995;3320;1325;331.25;TRUE;;;
veh548;highEmissions;1727.0924074247491;9;2003;4270;2267;251.88888888888889;FALSE;;;
veh549;gasolineEuroSix;961.1112837729862;3;2014;4118;2104;701.3333333333334;FALSE;;;
veh550;gasolineEuroSix;561.0294680558683;5;2019;3260;1241;248.2;TRUE;;;
veh551;normalVehicle;926.920925134791;20;2020;3376;1356;67.8;TRUE;;;
veh552;eVehicle;0.0;3;2023;3211;1188;396.0;TRUE;;;
veh554;gasolineEuroSix;627.3993789777162;15;2025;3382;1357;90.46666666666667;TRUE;;;
veh553;gasolineEuroSix;581.8986943216004;8;2026;3455;1429;178.625;TRUE;;;
veh555;truck;114877.01011445894;13;2029;3456;1427;109.76923076923077;TRUE;;;
veh556;gasolineEuroSix;717.6204192894999;14;2035;3384;1349;96.35714285714286;TRUE;;;
veh557;dieselEuroSix;9667.029924014618;13;2039;4814;2775;213.46153846153845;FALSE;;;
veh558;gasolineEuroSix;563.0135394158343;6;2047;3262;1215;202.5;TRUE;;;
veh559;normalVehicle;945.4148914010495;11;2050;3359;1309;119.0;TRUE;;;
veh560;gasolineEuroSix;643.1759656907162;15;2056;3354;1298;86.53333333333333;TRUE;;;
veh561;hovDieselEuroSix;2707.796760982218;5;2060;3321;1261;252.2;TRUE;;;
veh563;dieselEuroSix;8946.698227145063;20;2062;4312;2250;112.5;FALSE;;;
veh562;normalVehicle;1104.8269104963906;16;2063;3323;1260;78.75;TRUE;;;
veh564;normalVehicle;945.0816041502895;7;2064;3509;1445;206.42857142857142;TRUE;;;
veh565;eVehicle;0.0;4;2069;3322;1253;313.25;TRUE;;;
veh566;eVehicle;0.0;14;2074;3400;1326;94.71428571428571;TRUE;;;
veh567;normalVehicle;1129.9068917252987;20;2075;3361;1286;64.3;TRUE;;;
veh568;dieselEuroSix;3779.067356680092;18;2079;3481;1402;77.88888888888889;TRUE;;;
veh569;eVehicle;0.0;14;2080;3469;1389;99.21428571428571;TRUE;;;
veh570;highEmissions;969.4803352657275;4;2083;3470;1387;346.75;TRUE;;;
veh571;eVehicle;0.0;10;2085;3362;1277;127.7;TRUE;;;
veh572;dieselEuroSix;5572.507730210263;9;2089;3386;1297;144.11111111111111;TRUE;;;
veh573;dieselEuroSix;3761.8647700616593;8;2092;3375;1283;160.375;TRUE;;;
veh574;eVehicle;0.0;13;2093;3430;1337;102.84615384615384;TRUE;;;
veh575;dieselEuroSix;4724.442638022553;18;2100;3376;1276;70.88888888888889;TRUE;;;
veh576;hovDieselEuroSix;3870.6995482702923;1;2103;3378;1275;1275.0;TRUE;;;
veh577;hovDieselEuroSix;3439.2626980532323;7;2109;3380;1271;181.57142857142858;TRUE;;;
veh578;gasolineEuroSix;655.6353194529133;17;2111;3387;1276;75.05882352941177;TRUE;;;
veh579;dieselEuroSix;4555.654358595673;15;2112;3483;1371;91.4;TRUE;;;
veh580;hovDieselEuroSix;2731.5136807015865;19;2116;3387;1271;66.89473684210526;TRUE;;;
veh581;hovDieselEuroSix;3483.134442494649;1;2120;3382;1262;1262.0;TRUE;;;
veh582;normalVehicle;882.1248934602104;1;2123;3428;1305;1305.0;TRUE;;;
veh583;gasolineEuroSix;735.9289977657936;20;2124;3485;1361;68.05;TRUE;;;
veh584;gasolineEuroSix;788.0970558013129;8;2127;3486;1359;169.875;TRUE;;;
veh585;dieselEuroSix;4756.003852541468;9;2129;3511;1382;153.55555555555554;TRUE;;;
veh586;eVehicle;0.0;7;2132;3431;1299;185.57142857142858;TRUE;;;
veh587;gasolineEuroSix;703.0596310841884;6;2135;3433;1298;216.33333333333334;TRUE;;;
veh588;gasolineEuroSix;675.2953059421751;10;2137;3513;1376;137.6;TRUE;;;
veh589;eVehicle;0.0;5;2138;3430;1292;258.4;TRUE;;;
veh590;normalVehicle;1127.8874907642526;18;2141;3432;1291;71.72222222222223;TRUE;;;
veh591;highEmissions;1032.8066905323496;7;2144;3434;1290;184.28571428571428;TRUE;;;
veh592;eVehicle;0.0;9;2154;3435;1281;142.33333333333334;TRUE;;;
veh593;normalVehicle;1108.0943031311556;10;2155;3429;1274;127.4;TRUE;;;
veh594;hovDieselEuroSix;3666.0398346922107;19;2160;3431;1271;66.89473684210526;TRUE;;;
veh595;highEmissions;1017.8349003503633;9;2169;3433;1264;140.44444444444446;TRUE;;;
veh596;hovDieselEuroSix;2742.1282608190786;15;2170;3414;1244;82.93333333333334;TRUE;;;
veh597;eVehicle;0.0;6;2176;3471;1295;215.83333333333334;TRUE;;;
veh598;dieselEuroSix;5295.791724868744;18;2181;3472;1291;71.72222222222223;TRUE;;;
veh599;eVehicle;0.0;12;2184;3564;1380;115.0;TRUE;;;
veh600;normalVehicle;1089.47743039471;16;2189;3472;1283;80.1875;TRUE;;;
veh601;dieselEuroSix;5365.994679438342;14;2190;3488;1298;92.71428571428571;TRUE;;;
veh602;gasolineEuroSix;732.1169594173114;4;2194;3474;1280;320.0;TRUE;;;
veh603;normalVehicle;1178.5611514593427;7;2212;3490;1278;182.57142857142858;TRUE;;;
veh604;highEmissions;780.5978866125121;19;2214;3552;1338;70.42105263157895;TRUE;;;
veh605;dieselEuroSix;3784.4095267257867;13;2221;3523;1302;100.15384615384616;TRUE;;;
veh606;hovDieselEuroSix;3311.8055837425786;7;2229;3566;1337;191.0;TRUE;;;
veh607;truck;100084.75288323723;10;2239;3514;1275;127.5;TRUE;;;
veh608;dieselEuroSix;4158.584906595089;4;2241;3554;1313;328.25;TRUE;;;
veh609;gasolineEuroSix;681.9867429452479;1;2244;3556;1312;1312.0;TRUE;;;
veh610;hovDieselEuroSix;3509.2285607916124;4;2244;3437;1193;298.25;TRUE;;;
veh611;dieselEuroSix;5594.7535264747985;19;2245;3476;1231;64.78947368421052;TRUE;;;
veh613;highEmissions;801.1421619557158;1;2246;3516;1270;1270.0;TRUE;;;
veh612;truck;108959.41933777374;18;2248;3477;1229;68.27777777777777;TRUE;;;
veh614;eVehicle;0.0;10;2252;3518;1266;126.6;TRUE;;;
veh615;eVehicle;0.0;5;2254;3525;1271;254.2;TRUE;;;
veh616;eVehicle;0.0;3;2260;3557;1297;432.3333333333333;TRUE;;;
veh617;gasolineEuroSix;707.1145944327427;17;2263;3567;1304;76.70588235294117;TRUE;;;
veh618;gasolineEuroSix;556.5045212972809;12;2264;3468;1204;100.33333333333333;TRUE;;;
veh620;truck;112248.36171804868;19;2265;3479;1214;63.89473684210526;TRUE;;;
veh619;highEmissions;942.1771438309418;10;2267;3675;1408;140.8;TRUE;;;
veh621;eVehicle;0.0;14;2278;3520;1242;88.71428571428571;TRUE;;;
veh622;gasolineEuroSix;725.2758494689216;17;2281;3676;1395;82.05882352941177;TRUE;;;
veh623;highEmissions;994.3056717193504;12;2285;3521;1236;103.0;TRUE;;;
veh624;highEmissions;834.3160460168638;17;2291;3474;1183;69.58823529411765;TRUE;;;
veh625;normalVehicle;1380.6529645534426;11;2297;3678;1381;125.54545454545455;TRUE;;;
veh626;hovDieselEuroSix;4461.152676885997;1;2300;3680;1380;1380.0;TRUE;;;
veh627;normalVehicle;1010.0662942010771;4;2303;3654;1351;337.75;TRUE;;;
veh628;dieselEuroSix;3847.619227115685;15;2305;3603;1298;86.53333333333333;TRUE;;;
veh629;highEmissions;771.4250921276779;15;2306;3640;1334;88.93333333333334;TRUE;;;
veh630;normalVehicle;848.2217943499397;12;2309;3468;1159;96.58333333333333;TRUE;;;
veh631;highEmissions;1174.0658182705267;10;2310;3681;1371;137.1;TRUE;;;
veh632;dieselEuroSix;5787.519573558069;18;2318;3559;1241;68.94444444444444;TRUE;;;
veh633;hovDieselEuroSix;2614.9113362057715;13;2326;3501;1175;90.38461538461539;TRUE;;;
veh634;dieselEuroSix;4534.804389660933;11;2331;3528;1197;108.81818181818181;TRUE;;;
veh635;dieselEuroSix;5423.923982558945;19;2332;3656;1324;69.6842105263158;TRUE;;;
veh636;normalVehicle;889.5124298413695;16;2333;3503;1170;73.125;TRUE;;;
veh637;gasolineEuroSix;638.9874351545775;4;2334;3605;1271;317.75;TRUE;;;
veh638;eVehicle;0.0;13;2351;3560;1209;93.0;TRUE;;;
veh639;highEmissions;829.4902323260452;13;2354;3607;1253;96.38461538461539;TRUE;;;
veh640;normalVehicle;1743.1013045458328;7;2355;4589;2234;319.14285714285717;FALSE;;;
veh641;eVehicle;0.0;18;2358;3539;1181;65.61111111111111;TRUE;;;
veh642;eVehicle;0.0;1;2360;3562;1202;1202.0;TRUE;;;
veh643;eVehicle;0.0;9;2362;3624;1262;140.22222222222223;TRUE;;;
veh644;truck;199027.5097765215;20;2367;4650;2283;114.15;FALSE;;;
veh645;eVehicle;0.0;17;2378;4773;2395;140.88235294117646;FALSE;;;
veh646;highEmissions;1716.0301842535216;7;2381;4775;2394;342.0;FALSE;;;
veh647;truck;210987.82532633204;15;2395;4652;2257;150.46666666666667;FALSE;;;
veh648;dieselEuroSix;7927.993943788424;20;2399;4591;2192;109.6;FALSE;;;
veh649;hovDieselEuroSix;5049.649553706611;17;2401;4889;2488;146.35294117647058;FALSE;;;
veh650;dieselEuroSix;8890.683194191028;14;2402;4593;2191;156.5;FALSE;;;
veh651;gasolineEuroSix;605.365248993825;10;2406;3642;1236;123.6;TRUE;;;
veh652;dieselEuroSix;9411.04538968304;6;2411;4777;2366;394.3333333333333;FALSE;;;
veh653;dieselEuroSix;7677.721979984028;15;2418;4779;2361;157.4;FALSE;;;
veh654;gasolineEuroSix;948.3574580582442;20;2431;4447;2016;100.8;FALSE;;;
veh655;eVehicle;0.0;17;2437;4496;2059;121.11764705882354;FALSE;;;
veh656;dieselEuroSix;9691.68959195215;7;2439;4653;2214;316.2857142857143;FALSE;;;
veh657;eVehicle;0.0;12;2442;3608;1166;97.16666666666667;TRUE;;;
veh658;dieselEuroSix;6691.6556049691235;17;2443;4742;2299;135.23529411764707;FALSE;;;
veh659;gasolineEuroSix;1007.1143147013755;1;2446;4887;2441;2441.0;FALSE;;;
veh660;normalVehicle;1980.8437705044985;13;2449;4890;2441;187.76923076923077;FALSE;;;
veh661;dieselEuroSix;9157.22207932133;19;2454;4780;2326;122.42105263157895;FALSE;;;
veh662;highEmissions;1471.9259063546463;14;2455;4782;2327;166.21428571428572;FALSE;;;
veh663;eVehicle;0.0;13;2459;3626;1167;89.76923076923077;TRUE;;;
veh664;eVehicle;0.0;11;2468;4889;2421;220.0909090909091;FALSE;;;
veh665;gasolineEuroSix;1268.4214099631781;20;2473;4891;2418;120.9;FALSE;;;
veh666;gasolineEuroSix;1275.7999008973509;19;2474;4782;2308;121.47368421052632;FALSE;;;
veh667;eVehicle;0.0;3;2475;4744;2269;756.3333333333334;FALSE;;;
veh668;normalVehicle;2071.5598984943313;16;2481;4746;2265;141.5625;FALSE;;;
veh669;eVehicle;0.0;8;2486;4892;2406;300.75;FALSE;;;
veh671;eVehicle;0.0;10;2487;4498;2011;201.1;FALSE;;;
veh670;dieselEuroSix;10356.220620432694;1;2489;4894;2405;2405.0;FALSE;;;
veh672;hovDieselEuroSix;4798.270878264514;14;2500;4776;2276;162.57142857142858;FALSE;;;
veh673;dieselEuroSix;10726.71582463245;5;2501;4896;2395;479.0;FALSE;;;
veh674;gasolineEuroSix;969.4244840401119;13;2502;4774;2272;174.76923076923077;FALSE;;;
veh675;eVehicle;0.0;9;2511;4897;2386;265.1111111111111;FALSE;;;
veh676;truck;270282.3256943679;6;2514;4899;2385;397.5;FALSE;;;
veh678;dieselEuroSix;7428.026019083256;3;2514;4594;2080;693.3333333333334;FALSE;;;
veh677;normalVehicle;2589.5082056030465;20;2518;4901;2383;119.15;FALSE;;;
veh679;gasolineEuroSix;989.8638458149613;1;2521;4596;2075;2075.0;FALSE;;;
veh680;dieselEuroSix;9804.024361229152;12;2529;4784;2255;187.91666666666666;FALSE;;;
veh681;dieselEuroSix;8907.887986882355;9;2530;4784;2254;250.44444444444446;FALSE;;;
veh682;hovDieselEuroSix;6367.659207417885;14;2533;4786;2253;160.92857142857142;FALSE;;;
veh683;highEmissions;1740.4695397376083;18;2541;4788;2247;124.83333333333333;FALSE;;;
veh684;gasolineEuroSix;1023.1176343557589;10;2551;4786;2235;223.5;FALSE;;;
veh685;eVehicle;0.0;5;2556;4903;2347;469.4;FALSE;;;
veh688;normalVehicle;1654.2611883077127;15;2558;5140;2582;172.13333333333333;FALSE;;;
veh686;gasolineEuroSix;1135.2636581954907;9;2559;4905;2346;260.6666666666667;FALSE;;;
veh687;highEmissions;1877.0789505606003;16;2562;4907;2345;146.5625;FALSE;;;
veh689;dieselEuroSix;10984.625449173684;6;2565;4908;2343;390.5;FALSE;;;
veh690;hovDieselEuroSix;6427.958494709669;15;2565;5142;2577;171.8;FALSE;;;
veh691;normalVehicle;1898.9433262657326;17;2571;4778;2207;129.8235294117647;FALSE;;;
veh692;normalVehicle;2099.3652672775966;2;2574;4780;2206;1103.0;FALSE;;;
veh693;dieselEuroSix;9679.212378476559;9;2575;4911;2336;259.55555555555554;FALSE;;;
veh694;dieselEuroSix;8231.695570621398;17;2578;4788;2210;130.0;FALSE;;;
veh695;dieselEuroSix;10137.795609105604;4;2583;5143;2560;640.0;FALSE;;;
veh696;eVehicle;0.0;19;2586;4912;2326;122.42105263157895;FALSE;;;
veh697;dieselEuroSix;8479.233375459838;14;2587;4794;2207;157.64285714285714;FALSE;;;
veh698;eVehicle;0.0;3;2599;4914;2315;771.6666666666666;FALSE;;;
veh699;normalVehicle;2163.956850953185;12;2602;4781;2179;181.58333333333334;FALSE;;;
veh700;highEmissions;1657.583734802235;3;2607;4783;2176;725.3333333333334;FALSE;;;
veh701;eVehicle;0.0;15;2611;4777;2166;144.4;FALSE;;;
veh702;highEmissions;1376.9033640212604;1;2613;4785;2172;2172.0;FALSE;;;
veh705;dieselEuroSix;8824.965674786;17;2616;4789;2173;127.82352941176471;FALSE;;;
veh703;truck;208652.01883878093;6;2616;4787;2171;361.8333333333333;FALSE;;;
veh706;normalVehicle;1526.3795603989922;3;2620;4628;2008;669.3333333333334;FALSE;;;
veh704;dieselEuroSix;8462.144757773764;6;2620;4789;2169;361.5;FALSE;;;
veh707;hovDieselEuroSix;5883.753717982963;13;2627;4796;2169;166.84615384615384;FALSE;;;
veh709;hovDieselEuroSix;5114.825672404777;20;2630;5188;2558;127.9;FALSE;;;
veh708;normalVehicle;2068.4132603747466;9;2630;4797;2167;240.77777777777777;FALSE;;;
veh710;highEmissions;1759.9307756670016;10;2633;5190;2557;255.7;FALSE;;;
veh711;normalVehicle;2128.070312669115;7;2639;4790;2151;307.2857142857143;FALSE;;;
veh712;eVehicle;0.0;17;2649;4792;2143;126.05882352941177;FALSE;;;
veh713;highEmissions;1715.7322263804401;7;2655;4791;2136;305.14285714285717;FALSE;;;
veh714;hovDieselEuroSix;6076.677958830405;8;2658;4793;2135;266.875;FALSE;;;
veh715;dieselEuroSix;7908.842600958808;11;2660;4630;1970;179.0909090909091;FALSE;;;
veh716;gasolineEuroSix;1264.6203557509925;9;2662;5103;2441;271.22222222222223;FALSE;;;
veh717;gasolineEuroSix;1237.8026870289664;3;2663;4799;2136;712.0;FALSE;;;
veh718;gasolineEuroSix;1360.7317913022669;3;2668;5105;2437;812.3333333333334;FALSE;;;
veh719;gasolineEuroSix;965.5201335753792;17;2671;4893;2222;130.7058823529412;FALSE;;;
veh721;gasolineEuroSix;1253.1304650453042;12;2673;5145;2472;206.0;FALSE;;;
veh720;hovDieselEuroSix;5856.251165570326;15;2674;4894;2220;148.0;FALSE;;;
veh722;normalVehicle;1585.3279430414252;17;2676;4991;2315;136.1764705882353;FALSE;;;
veh723;gasolineEuroSix;1341.5274159599885;18;2679;5147;2468;137.11111111111111;FALSE;;;
veh725;hovDieselEuroSix;4932.956571070367;2;2680;5025;2345;1172.5;FALSE;;;
veh726;truck;211478.11410596763;6;2681;4993;2312;385.3333333333333;FALSE;;;
veh724;hovDieselEuroSix;8125.152224451696;10;2682;5149;2467;246.7;FALSE;;;
veh727;hovDieselEuroSix;5073.2290151581;18;2683;5158;2475;137.5;FALSE;;;
veh728;eVehicle;0.0;9;2693;5150;2457;273.0;FALSE;;;
veh729;highEmissions;1720.4817890277639;12;2694;5159;2465;205.41666666666666;FALSE;;;
veh730;eVehicle;0.0;20;2696;5027;2331;116.55;FALSE;;;
veh731;dieselEuroSix;9884.766889247883;8;2699;5028;2329;291.125;FALSE;;;
veh732;gasolineEuroSix;1142.6717693769613;13;2699;4795;2096;161.23076923076923;FALSE;;;
veh733;highEmissions;1250.362315211715;18;2704;4827;2123;117.94444444444444;FALSE;;;
veh734;gasolineEuroSix;1090.017245380069;13;2707;4829;2122;163.23076923076923;FALSE;;;
veh735;dieselEuroSix;8938.569528503054;6;2707;4896;2189;364.8333333333333;FALSE;;;
veh736;hovDieselEuroSix;4652.747132871674;16;2714;4858;2144;134.0;FALSE;;;
veh737;eVehicle;0.0;9;2716;5192;2476;275.1111111111111;FALSE;;;
veh738;hovDieselEuroSix;6968.191218338726;20;2720;4898;2178;108.9;FALSE;;;
veh739;hovDieselEuroSix;4857.124860449362;11;2722;5036;2314;210.36363636363637;FALSE;;;
veh740;dieselEuroSix;7772.272113428271;8;2725;4860;2135;266.875;FALSE;;;
veh742;dieselEuroSix;11403.73136178598;9;2726;5152;2426;269.55555555555554;FALSE;;;
veh741;hovDieselEuroSix;6440.713157983952;20;2728;4862;2134;106.7;FALSE;;;
veh743;hovDieselEuroSix;7259.755360046584;8;2736;5194;2458;307.25;FALSE;;;
veh744;highEmissions;1927.6891994272255;1;2738;5154;2416;2416.0;FALSE;;;
veh745;hovDieselEuroSix;7825.228097145219;20;2741;5156;2415;120.75;FALSE;;;
veh746;eVehicle;0.0;13;2744;5158;2414;185.69230769230768;FALSE;;;
veh747;normalVehicle;2388.553235508213;11;2745;5195;2450;222.72727272727272;FALSE;;;
veh748;dieselEuroSix;11237.845134899397;14;2748;5197;2449;174.92857142857142;FALSE;;;
veh749;highEmissions;1600.625693016079;8;2752;4982;2230;278.75;FALSE;;;
veh750;dieselEuroSix;9689.77194513713;9;2763;4983;2220;246.66666666666666;FALSE;;;
veh751;hovDieselEuroSix;7239.078353021486;7;2766;4985;2219;317.0;FALSE;;;
veh752;hovDieselEuroSix;4944.657039147198;3;2769;5054;2285;761.6666666666666;FALSE;;;
veh753;truck;196180.4139056555;6;2770;4899;2129;354.8333333333333;FALSE;;;
veh754;hovDieselEuroSix;5810.561850379666;19;2773;5037;2264;119.15789473684211;FALSE;;;
veh755;gasolineEuroSix;1182.765108675292;15;2781;5160;2379;158.6;FALSE;;;
veh756;eVehicle;0.0;19;2783;5199;2416;127.15789473684211;FALSE;;;
veh757;dieselEuroSix;10808.718580868941;5;2786;5201;2415;483.0;FALSE;;;
veh758;eVehicle;0.0;20;2789;5203;2414;120.7;FALSE;;;
veh760;hovDieselEuroSix;7242.942546906326;9;2791;5161;2370;263.3333333333333;FALSE;;;
veh759;hovDieselEuroSix;7456.4463851368355;15;2792;5204;2412;160.8;FALSE;;;
veh762;gasolineEuroSix;1176.092427856958;17;2793;5039;2246;132.11764705882354;FALSE;;;
veh761;highEmissions;2076.922707038776;6;2794;5163;2369;394.8333333333333;FALSE;;;
veh763;normalVehicle;2561.0985653547477;5;2795;5206;2411;482.2;FALSE;;;
veh764;dieselEuroSix;9898.85455991977;5;2797;5041;2244;448.8;FALSE;;;
veh765;highEmissions;1261.4893954271884;15;2803;4929;2126;141.73333333333332;FALSE;;;
veh766;dieselEuroSix;8593.919865372345;12;2812;4901;2089;174.08333333333334;FALSE;;;
veh767;dieselEuroSix;8256.848468732951;10;2818;4930;2112;211.2;FALSE;;;
veh768;eVehicle;0.0;13;2821;4987;2166;166.6153846153846;FALSE;;;
veh769;hovDieselEuroSix;6990.24945892956;8;2822;5165;2343;292.875;FALSE;;;
veh770;hovDieselEuroSix;5942.091579235608;4;2825;5043;2218;554.5;FALSE;;;
veh771;dieselEuroSix;8874.71752035447;7;2828;5161;2333;333.2857142857143;FALSE;;;
veh772;hovDieselEuroSix;4826.506360278868;10;2831;5099;2268;226.8;FALSE;;;
veh773;normalVehicle;2314.8971796890887;3;2832;5163;2331;777.0;FALSE;;;
veh774;normalVehicle;1761.545081186245;4;2833;5235;2402;600.5;FALSE;;;
veh775;eVehicle;0.0;8;2835;4903;2068;258.5;FALSE;;;
veh776;dieselEuroSix;8500.443982955489;13;2837;5101;2264;174.15384615384616;FALSE;;;
veh778;truck;191414.19759347467;16;2840;5206;2366;147.875;FALSE;;;
veh777;dieselEuroSix;9747.661561701085;11;2840;5102;2262;205.63636363636363;FALSE;;;
veh779;gasolineEuroSix;1307.1484708417306;4;2845;5208;2363;590.75;FALSE;;;
veh780;normalVehicle;1927.699393264425;6;2847;4932;2085;347.5;FALSE;;;
veh781;normalVehicle;1831.438311135526;2;2848;5167;2319;1159.5;FALSE;;;
veh782;normalVehicle;1684.788631279072;2;2851;5484;2633;1316.5;FALSE;;;
veh783;highEmissions;1511.937249091146;20;2853;5210;2357;117.85;FALSE;;;
veh784;dieselEuroSix;9102.338604130453;1;2857;5237;2380;2380.0;FALSE;;;
veh785;hovDieselEuroSix;5376.54872403989;7;2868;5590;2722;388.85714285714283;FALSE;;;
veh786;truck;211925.6506912754;2;2873;5486;2613;1306.5;FALSE;;;
veh787;truck;214002.17290104294;16;2876;5592;2716;169.75;FALSE;;;
veh788;normalVehicle;1579.4788959791156;17;2878;4934;2056;120.94117647058823;FALSE;;;
veh789;gasolineEuroSix;1284.5576045876874;20;2883;5488;2605;130.25;FALSE;;;
veh790;hovDieselEuroSix;6343.199649435771;15;2885;5207;2322;154.8;FALSE;;;
veh791;normalVehicle;2035.4497866596562;11;2889;5044;2155;195.9090909090909;FALSE;;;
veh792;dieselEuroSix;9873.319100122637;9;2892;5238;2346;260.6666666666667;FALSE;;;
veh793;dieselEuroSix;8208.367067559;4;2894;5046;2152;538.0;FALSE;;;
veh794;normalVehicle;2394.951951420835;20;2896;5240;2344;117.2;FALSE;;;
veh795;hovDieselEuroSix;7068.94457896413;6;2910;5242;2332;388.6666666666667;FALSE;;;
veh796;truck;231166.05830488176;4;2913;5244;2331;582.75;FALSE;;;
veh797;hovDieselEuroSix;7131.855967658477;8;2914;5164;2250;281.25;FALSE;;;
veh798;gasolineEuroSix;1266.938154579253;13;2917;5246;2329;179.15384615384616;FALSE;;;
veh799;normalVehicle;1863.0382763605242;8;2917;5167;2250;281.25;FALSE;;;
veh800;dieselEuroSix;7717.891227989404;16;2924;5048;2124;132.75;FALSE;;;
veh801;gasolineEuroSix;1240.9911175350705;15;2926;5104;2178;145.2;FALSE;;;
veh802;truck;207364.09222117404;13;2935;5106;2171;167.0;FALSE;;;
veh803;gasolineEuroSix;1238.520788808658;6;2938;5593;2655;442.5;FALSE;;;
veh804;gasolineEuroSix;1196.779981804251;8;2939;5168;2229;278.625;FALSE;;;
veh805;normalVehicle;2401.8067406720093;8;2942;5247;2305;288.125;FALSE;;;
veh806;gasolineEuroSix;1209.6037970875743;10;2944;5209;2265;226.5;FALSE;;;
veh807;dieselEuroSix;10336.578398075084;15;2945;5595;2650;176.66666666666666;FALSE;;;
veh809;gasolineEuroSix;1237.2535712784677;18;2946;5108;2162;120.11111111111111;FALSE;;;
veh808;highEmissions;2187.001016728551;19;2948;5597;2649;139.42105263157896;FALSE;;;
veh810;normalVehicle;1542.6084118174324;13;2956;5170;2214;170.30769230769232;FALSE;;;
veh811;gasolineEuroSix;1311.0290660679568;7;2958;5599;2641;377.2857142857143;FALSE;;;
veh813;truck;185826.5012437462;9;2961;5172;2211;245.66666666666666;FALSE;;;
veh812;dieselEuroSix;10905.235527660256;15;2961;5601;2640;176.0;FALSE;;;
veh814;truck;220484.45735865945;11;2965;5174;2209;200.8181818181818;FALSE;;;
veh815;normalVehicle;2668.029341042606;16;2967;5602;2635;164.6875;FALSE;;;
veh816;gasolineEuroSix;1279.3935706386528;19;2976;5490;2514;132.31578947368422;FALSE;;;
veh817;normalVehicle;2415.0262323369216;4;2982;5249;2267;566.75;FALSE;;;
veh818;normalVehicle;2701.7650153943428;7;2984;5604;2620;374.2857142857143;FALSE;;;
veh819;eVehicle;0.0;3;2988;5109;2121;707.0;FALSE;;;
veh820;dieselEuroSix;6575.950211687264;2;2993;5116;2123;1061.5;FALSE;;;
veh821;hovDieselEuroSix;5603.803635942682;1;2994;5400;2406;2406.0;FALSE;;;
veh822;hovDieselEuroSix;6598.983568344812;1;2995;5211;2216;2216.0;FALSE;;;
veh825;gasolineEuroSix;1202.4649734709205;16;2997;5401;2404;150.25;FALSE;;;
veh827;eVehicle;0.0;11;2997;5304;2307;209.72727272727272;FALSE;;;
veh823;normalVehicle;1843.2035372741611;13;2998;5213;2215;170.3846153846154;FALSE;;;
veh828;dieselEuroSix;8174.0360761202655;19;2999;5607;2608;137.26315789473685;FALSE;;;
veh826;highEmissions;1928.9066515783343;10;3000;5403;2403;240.3;FALSE;;;
veh824;highEmissions;1769.218115043378;7;3001;5214;2213;316.14285714285717;FALSE;;;
veh829;eVehicle;0.0;13;3005;5222;2217;170.53846153846155;FALSE;;;
veh830;dieselEuroSix;7951.293716580266;6;3008;5117;2109;351.5;FALSE;;;
veh831;eVehicle;0.0;5;3010;5305;2295;459.0;FALSE;;;
veh833;hovDieselEuroSix;5745.25569799046;1;3012;5224;2212;2212.0;FALSE;;;
veh832;truck;227624.10004058742;1;3013;5307;2294;2294.0;FALSE;;;
veh834;hovDieselEuroSix;6128.58922900092;13;3016;5226;2210;170.0;FALSE;;;
veh835;normalVehicle;1694.809613474367;5;3018;5693;2675;535.0;FALSE;;;
veh836;eVehicle;0.0;18;3020;5309;2289;127.16666666666667;FALSE;;;
veh837;gasolineEuroSix;1153.599684170691;2;3021;5119;2098;1049.0;FALSE;;;
veh838;gasolineEuroSix;1194.756500401779;19;3034;5216;2182;114.84210526315789;FALSE;;;
veh839;dieselEuroSix;9112.88250572052;13;3036;5227;2191;168.53846153846155;FALSE;;;
veh840;gasolineEuroSix;1207.014365854517;9;3038;5218;2180;242.22222222222223;FALSE;;;
veh841;gasolineEuroSix;1258.0071868756484;5;3040;5405;2365;473.0;FALSE;;;
veh842;gasolineEuroSix;597.792409470993;3;3044;4578;1534;511.3333333333333;TRUE;;;
veh843;hovDieselEuroSix;7350.000787806218;15;3045;5407;2362;157.46666666666667;FALSE;;;
veh845;normalVehicle;2085.471073048138;10;3046;5695;2649;264.9;FALSE;;;
veh844;normalVehicle;2096.8146080129086;1;3048;5408;2360;2360.0;FALSE;;;
veh846;hovDieselEuroSix;5248.626267267359;2;3048;5726;2678;1339.0;FALSE;;;
veh847;eVehicle;0.0;18;3049;4385;1336;74.22222222222223;TRUE;;;
veh848;truck;225613.67465814966;2;3052;5492;2440;1220.0;FALSE;;;
veh849;normalVehicle;1857.328719032893;17;3056;5494;2438;143.41176470588235;FALSE;;;
veh850;eVehicle;0.0;5;3061;5121;2060;412.0;FALSE;;;
veh851;hovDieselEuroSix;4611.237947214636;2;3064;5151;2087;1043.5;FALSE;;;
veh852;normalVehicle;1628.5267114481649;9;3067;5248;2181;242.33333333333334;FALSE;;;
veh853;hovDieselEuroSix;6505.752572023548;4;3070;5728;2658;664.5;FALSE;;;
veh854;dieselEuroSix;9856.767744192444;14;3074;5730;2656;189.71428571428572;FALSE;;;
veh855;dieselEuroSix;9293.312737706492;3;3075;5496;2421;807.0;FALSE;;;
veh856;truck;215435.05400972028;7;3081;5410;2329;332.7142857142857;FALSE;;;
veh857;eVehicle;0.0;1;3090;5153;2063;2063.0;FALSE;;;
veh858;gasolineEuroSix;591.8496777482699;16;3093;4516;1423;88.9375;TRUE;;;
veh859;highEmissions;889.1330882892943;5;3103;4641;1538;307.6;TRUE;;;
veh860;gasolineEuroSix;1030.1409024950208;9;3107;5424;2317;257.44444444444446;FALSE;;;
veh862;gasolineEuroSix;1267.6592860056512;7;3109;5696;2587;369.57142857142856;FALSE;;;
veh861;highEmissions;1712.640412423365;15;3110;5426;2316;154.4;FALSE;;;
veh863;eVehicle;0.0;13;3114;4580;1466;112.76923076923077;TRUE;;;
veh864;gasolineEuroSix;1228.7556746472842;11;3121;5220;2099;190.8181818181818;FALSE;;;
veh865;gasolineEuroSix;1111.4571835409913;9;3122;5249;2127;236.33333333333334;FALSE;;;
veh866;gasolineEuroSix;1224.9031860277921;9;3123;5427;2304;256.0;FALSE;;;
veh867;gasolineEuroSix;625.1028975092307;8;3126;4736;1610;201.25;TRUE;;;
veh868;eVehicle;0.0;8;3127;4494;1367;170.875;TRUE;;;
veh869;dieselEuroSix;8105.231757915504;2;3128;5221;2093;1046.5;FALSE;;;
veh870;highEmissions;1097.919029453045;19;3129;4738;1609;84.6842105263158;TRUE;;;
veh871;gasolineEuroSix;796.1750332071013;19;3132;4740;1608;84.63157894736842;TRUE;;;
veh872;hovDieselEuroSix;4854.563574012935;6;3139;5492;2353;392.1666666666667;FALSE;;;
veh873;dieselEuroSix;10419.145393099909;12;3145;5698;2553;212.75;FALSE;;;
veh874;highEmissions;949.4220364238097;14;3147;4495;1348;96.28571428571429;TRUE;;;
veh875;gasolineEuroSix;584.0374350094175;20;3152;4318;1166;58.3;TRUE;;;
veh876;hovDieselEuroSix;3552.348555071853;18;3155;4518;1363;75.72222222222223;TRUE;;;
veh877;eVehicle;0.0;17;3159;4493;1334;78.47058823529412;TRUE;;;
veh878;normalVehicle;2439.4191109058816;2;3161;5700;2539;1269.5;FALSE;;;
veh879;hovDieselEuroSix;4673.763495174423;12;3167;4742;1575;131.25;TRUE;;;
veh880;normalVehicle;1156.7591783562257;18;3169;4643;1474;81.88888888888889;TRUE;;;
veh881;normalVehicle;905.5255182602004;14;3170;4414;1244;88.85714285714286;TRUE;;;
veh882;eVehicle;0.0;18;3181;4644;1463;81.27777777777777;TRUE;;;
veh883;eVehicle;0.0;7;3182;4519;1337;191.0;TRUE;;;
veh884;hovDieselEuroSix;3439.292432831103;18;3186;4495;1309;72.72222222222223;TRUE;;;
veh885;gasolineEuroSix;716.3498650917621;14;3187;4582;1395;99.64285714285714;TRUE;;;
veh888;gasolineEuroSix;610.0421058035944;9;3190;4765;1575;175.0;TRUE;;;
veh886;hovDieselEuroSix;3565.450777314242;3;3190;4584;1394;464.6666666666667;TRUE;;;
veh890;eVehicle;0.0;20;3191;4521;1330;66.5;TRUE;;;
veh887;truck;124018.93602043946;3;3193;4585;1392;464.0;TRUE;;;
veh889;normalVehicle;1199.0937354985524;9;3193;4767;1574;174.88888888888889;TRUE;;;
veh891;eVehicle;0.0;6;3195;4743;1548;258.0;TRUE;;;
veh892;normalVehicle;1747.7289713605571;4;3196;5223;2027;506.75;FALSE;;;
veh893;eVehicle;0.0;5;3200;4432;1232;246.4;TRUE;;;
veh894;eVehicle;0.0;2;3205;4646;1441;720.5;TRUE;;;
veh895;highEmissions;1073.606398510724;7;3206;4523;1317;188.14285714285714;TRUE;;;
veh896;eVehicle;0.0;14;3211;4525;1314;93.85714285714286;TRUE;;;
veh897;dieselEuroSix;3779.2252324910532;2;3214;4583;1369;684.5;TRUE;;;
veh898;normalVehicle;969.99649313447;2;3217;4709;1492;746.0;TRUE;;;
veh899;normalVehicle;1173.810549669712;3;3220;4587;1367;455.6666666666667;TRUE;;;
veh900;hovDieselEuroSix;4770.214820080008;17;3222;4745;1523;89.58823529411765;TRUE;;;
veh901;eVehicle;0.0;16;3223;4463;1240;77.5;TRUE;;;
veh902;dieselEuroSix;6268.33970231576;17;3224;4648;1424;83.76470588235294;TRUE;;;
veh903;dieselEuroSix;4559.712384049993;12;3226;4465;1239;103.25;TRUE;;;
veh904;eVehicle;0.0;4;3227;4775;1548;387.0;TRUE;;;
veh905;hovDieselEuroSix;4146.283821422824;11;3229;4769;1540;140.0;TRUE;;;
veh906;hovDieselEuroSix;4524.190419748053;2;3231;4770;1539;769.5;TRUE;;;
veh907;normalVehicle;1201.8355360413407;5;3232;4710;1478;295.6;TRUE;;;
veh908;dieselEuroSix;3861.854422223175;18;3234;4559;1325;73.61111111111111;TRUE;;;
veh909;gasolineEuroSix;776.2491578215215;2;3238;4747;1509;754.5;TRUE;;;
veh910;eVehicle;0.0;15;3239;4712;1473;98.2;TRUE;;;
veh911;gasolineEuroSix;797.6681719085522;5;3242;4714;1472;294.4;TRUE;;;
veh912;eVehicle;0.0;13;3242;4772;1530;117.6923076923077;TRUE;;;
veh914;dieselEuroSix;3718.9055599683174;15;3244;4545;1301;86.73333333333333;TRUE;;;
veh913;dieselEuroSix;6677.794963817599;1;3245;4774;1529;1529.0;TRUE;;;
veh915;normalVehicle;962.3939666194221;17;3247;4710;1463;86.05882352941177;TRUE;;;
veh916;hovDieselEuroSix;3734.5682434690284;9;3251;4777;1526;169.55555555555554;TRUE;;;
veh917;eVehicle;0.0;3;3261;4526;1265;421.6666666666667;TRUE;;;
veh919;gasolineEuroSix;814.8556223953087;9;3262;4716;1454;161.55555555555554;TRUE;;;
veh918;dieselEuroSix;4889.146990057672;11;3264;4527;1263;114.81818181818181;TRUE;;;
veh920;highEmissions;1289.9738861908468;3;3266;4776;1510;503.3333333333333;TRUE;;;
veh922;gasolineEuroSix;584.0965398280297;10;3268;4619;1351;135.1;TRUE;;;
veh921;eVehicle;0.0;2;3269;4778;1509;754.5;TRUE;;;
veh923;normalVehicle;1203.670086551887;13;3271;4712;1441;110.84615384615384;TRUE;;;
veh924;dieselEuroSix;5680.184260966188;2;3272;4779;1507;753.5;TRUE;;;
veh925;gasolineEuroSix;798.7407145445346;9;3275;4781;1506;167.33333333333334;TRUE;;;
veh926;eVehicle;0.0;11;3278;4780;1502;136.54545454545453;TRUE;;;
veh927;eVehicle;0.0;5;3280;4714;1434;286.8;TRUE;;;
veh928;eVehicle;0.0;9;3288;4621;1333;148.11111111111111;TRUE;;;
veh929;normalVehicle;1447.8709636069532;13;3292;4717;1425;109.61538461538461;TRUE;;;
veh930;normalVehicle;898.692482263284;4;3294;4660;1366;341.5;TRUE;;;
veh931;hovDieselEuroSix;3925.6595308193937;10;3297;4623;1326;132.6;TRUE;;;
veh932;normalVehicle;1031.2105798022267;4;3300;4625;1325;331.25;TRUE;;;
veh933;truck;112129.64050250706;14;3303;4626;1323;94.5;TRUE;;;
veh934;highEmissions;1294.856308349222;8;3309;4781;1472;184.0;TRUE;;;
veh935;eVehicle;0.0;17;3328;4749;1421;83.58823529411765;TRUE;;;
veh937;dieselEuroSix;6548.176141306093;18;3329;4783;1454;80.77777777777777;TRUE;;;
veh936;gasolineEuroSix;766.4586838231997;7;3331;4751;1420;202.85714285714286;TRUE;;;
veh938;normalVehicle;1566.8152920368884;11;3332;4785;1453;132.0909090909091;TRUE;;;
veh939;hovDieselEuroSix;3450.1968898742925;11;3333;4661;1328;120.72727272727273;TRUE;;;
veh940;highEmissions;783.6372045829129;17;3334;4691;1357;79.82352941176471;TRUE;;;
veh941;hovDieselEuroSix;4515.982476553266;13;3337;4753;1416;108.92307692307692;TRUE;;;
veh942;gasolineEuroSix;585.6446451134642;19;3339;4792;1453;76.47368421052632;TRUE;;;
veh943;hovDieselEuroSix;3325.693888407769;16;3340;4692;1352;84.5;TRUE;;;
veh944;truck;117759.87550680262;4;3343;4694;1351;337.75;TRUE;;;
veh945;gasolineEuroSix;735.1951705198354;5;3347;4696;1349;269.8;TRUE;;;
veh946;eVehicle;0.0;15;3350;4697;1347;89.8;TRUE;;;
veh947;truck;136882.49180273514;17;3354;4699;1345;79.11764705882354;TRUE;;;
veh948;gasolineEuroSix;613.94025469043;18;3355;4874;1519;84.38888888888889;TRUE;;;
veh949;gasolineEuroSix;819.1844991022577;19;3356;4754;1398;73.57894736842105;TRUE;;;
veh950;eVehicle;0.0;17;3366;4794;1428;84.0;TRUE;;;
veh952;gasolineEuroSix;820.6126833247615;18;3367;4756;1389;77.16666666666667;TRUE;;;
veh951;hovDieselEuroSix;4137.978488272499;1;3369;4795;1426;1426.0;TRUE;;;
veh954;eVehicle;0.0;6;3370;4716;1346;224.33333333333334;TRUE;;;
veh953;dieselEuroSix;6464.45461073918;10;3370;4758;1388;138.8;TRUE;;;
veh955;normalVehicle;1036.6693084101769;7;3373;4718;1345;192.14285714285714;TRUE;;;
veh956;hovDieselEuroSix;3811.990608430407;12;3377;4875;1498;124.83333333333333;TRUE;;;
veh958;gasolineEuroSix;705.7308752625239;13;3378;4663;1285;98.84615384615384;TRUE;;;
veh957;normalVehicle;1404.2368759659837;17;3380;4877;1497;88.05882352941177;TRUE;;;
veh960;hovDieselEuroSix;4318.177350154772;4;3381;4701;1320;330.0;TRUE;;;
veh959;hovDieselEuroSix;4100.49645984927;11;3381;4665;1284;116.72727272727273;TRUE;;;
veh961;normalVehicle;1447.976609972971;14;3383;4702;1319;94.21428571428571;TRUE;;;
veh962;eVehicle;0.0;12;3385;4801;1416;118.0;TRUE;;;
veh963;normalVehicle;1211.1980632112718;5;3388;4802;1414;282.8;TRUE;;;
veh964;hovDieselEuroSix;4440.055021315052;19;3389;4666;1277;67.21052631578948;TRUE;;;
veh965;hovDieselEuroSix;4552.235139860729;3;3391;4759;1368;456.0;TRUE;;;
veh966;highEmissions;1159.5001389160534;2;3403;4704;1301;650.5;TRUE;;;
veh967;eVehicle;0.0;10;3406;4761;1355;135.5;TRUE;;;
veh968;eVehicle;0.0;18;3414;4719;1305;72.5;TRUE;;;
veh969;eVehicle;0.0;11;3420;4804;1384;125.81818181818181;TRUE;;;
veh970;dieselEuroSix;5878.159746732395;14;3426;4668;1242;88.71428571428571;TRUE;;;
veh971;gasolineEuroSix;586.0740904414316;10;3430;4850;1420;142.0;TRUE;;;
veh972;hovDieselEuroSix;3325.6621019972504;11;3431;4816;1385;125.9090909090909;TRUE;;;
veh973;hovDieselEuroSix;4435.889564301814;12;3436;4787;1351;112.58333333333333;TRUE;;;
veh974;gasolineEuroSix;816.2158772510332;9;3439;4788;1349;149.88888888888889;TRUE;;;
veh975;normalVehicle;1183.4126617749318;11;3442;4790;1348;122.54545454545455;TRUE;;;
veh976;dieselEuroSix;6615.204072803318;17;3443;5811;2368;139.2941176470588;FALSE;;;
veh977;highEmissions;998.3083366287817;17;3444;4852;1408;82.82352941176471;TRUE;;;
veh978;normalVehicle;1292.3479930847302;1;3448;4797;1349;1349.0;TRUE;;;
veh979;eVehicle;0.0;17;3452;4879;1427;83.94117647058823;TRUE;;;
veh980;dieselEuroSix;8700.70036010272;4;3454;5813;2359;589.75;FALSE;;;
veh981;hovDieselEuroSix;4696.891966707913;5;3455;5620;2165;433.0;FALSE;;;
veh982;truck;197759.81293387176;11;3458;5621;2163;196.63636363636363;FALSE;;;
veh983;normalVehicle;923.7713476226178;11;3465;4807;1342;122.0;TRUE;;;
veh984;eVehicle;0.0;11;3469;4792;1323;120.27272727272727;TRUE;;;
veh985;gasolineEuroSix;674.7389727961942;19;3473;4808;1335;70.26315789473684;TRUE;;;
veh986;eVehicle;0.0;3;3477;5815;2338;779.3333333333334;FALSE;;;
veh988;gasolineEuroSix;685.7897363180344;15;3479;4801;1322;88.13333333333334;TRUE;;;
veh987;gasolineEuroSix;1312.2880437238002;9;3480;5816;2336;259.55555555555554;FALSE;;;
veh989;hovDieselEuroSix;4290.330017362906;16;3481;4799;1318;82.375;TRUE;;;
veh990;gasolineEuroSix;1363.1577652491753;15;3483;5818;2335;155.66666666666666;FALSE;;;
veh991;normalVehicle;1272.341242399794;12;3485;4800;1315;109.58333333333333;TRUE;;;
veh992;normalVehicle;1557.2107768925455;13;3495;5716;2221;170.84615384615384;FALSE;;;
veh993;eVehicle;0.0;3;3496;5820;2324;774.6666666666666;FALSE;;;
veh994;normalVehicle;1066.8871578932433;19;3498;4817;1319;69.42105263157895;TRUE;;;
veh995;eVehicle;0.0;2;3502;6147;2645;1322.5;FALSE;;;
veh996;hovDieselEuroSix;6634.572064833333;5;3505;6149;2644;528.8;FALSE;;;
veh997;dieselEuroSix;10328.73383985691;2;3508;6151;2643;1321.5;FALSE;;;
veh998;eVehicle;0.0;17;3509;6299;2790;164.11764705882354;FALSE;;;
veh999;eVehicle;0.0;16;3514;5717;2203;137.6875;FALSE;;;
veh1001;hovDieselEuroSix;6606.406336631935;19;3516;5822;2306;121.36842105263158;FALSE;;;
veh1000;hovDieselEuroSix;6235.64756509544;9;3517;5719;2202;244.66666666666666;FALSE;;;
veh1002;truck;241401.48689757584;8;3520;5824;2304;288.0;FALSE;;;
veh1003;eVehicle;0.0;19;3528;5702;2174;114.42105263157895;FALSE;;;
veh1004;gasolineEuroSix;1077.103056436458;11;3532;5732;2200;200.0;FALSE;;;
veh1005;highEmissions;2135.2617648119294;12;3535;6153;2618;218.16666666666666;FALSE;;;
veh1006;dieselEuroSix;7635.612695680509;12;3537;5852;2315;192.91666666666666;FALSE;;;
veh1007;dieselEuroSix;6703.784592384094;13;3539;6141;2602;200.15384615384616;FALSE;;;
veh1008;hovDieselEuroSix;4484.719242280984;10;3541;5374;1833;183.3;FALSE;;;
veh1009;gasolineEuroSix;1169.7071134130786;15;3549;6142;2593;172.86666666666667;FALSE;;;
veh1011;dieselEuroSix;9486.214536493022;20;3550;5721;2171;108.55;FALSE;;;
veh1012;hovDieselEuroSix;3824.291346224274;11;3551;4854;1303;118.45454545454545;TRUE;;;
veh1010;normalVehicle;2366.1356569130608;18;3552;6144;2592;144.0;FALSE;;;
veh1013;truck;172488.05949344978;17;3558;5723;2165;127.3529411764706;FALSE;;;
veh1014;eVehicle;0.0;6;3566;5854;2288;381.3333333333333;FALSE;;;
veh1015;normalVehicle;2082.7264846778044;1;3569;6301;2732;2732.0;FALSE;;;
veh1016;normalVehicle;1933.0445863577336;5;3571;5725;2154;430.8;FALSE;;;
veh1017;gasolineEuroSix;1420.6661866870488;9;3577;6154;2577;286.3333333333333;FALSE;;;
veh1018;normalVehicle;2546.0095873805712;8;3580;6146;2566;320.75;FALSE;;;
veh1019;dieselEuroSix;8935.379740339707;19;3581;5733;2152;113.26315789473684;FALSE;;;
veh1020;gasolineEuroSix;1082.20821956778;5;3589;5836;2247;449.4;FALSE;;;
veh1021;hovDieselEuroSix;6676.105208368974;4;3592;5837;2245;561.25;FALSE;;;
veh1022;dieselEuroSix;8623.776300213714;6;3593;5726;2133;355.5;FALSE;;;
veh1023;dieselEuroSix;11022.359801350412;14;3595;6148;2553;182.35714285714286;FALSE;;;
veh1024;gasolineEuroSix;1284.4257813695426;20;3596;5839;2243;112.15;FALSE;;;
veh1025;normalVehicle;2623.2490039730146;2;3597;6156;2559;1279.5;FALSE;;;
