VE;;;;;;;;;;;
PARAMETERS;;;;;;;;;;;
window_size; threshold_L; threshold_H; p_t_ini; e_ini; size_ratio; subs_NOx; min_packages; max_packages;;;
60;80000;100000;100000;4000;4;9000;1;20;;;
ALL SIMULATION RESULTS;;;;;;;;;;;
total_steps(sec); minutes; avg_time_per_package (sec); p_t_total_all_steps; e_t_total_all_steps; p_t_control_zone_all_steps;  e_t_control_zone_all_steps; avg_k_all_steps; veh_enter_cz_all_steps; not_veh_enter_cz_all_steps; avg_total_time_all_steps;
10453;174.0;1409.8679833679835;2106583985.2158165;29614440.271873053;20101293.915637735;1340794.8044580375;0.286655617528317;53;213;1416.3233082706768;
WINDOWS;;;;;;;;;;;
step; NOx_total_w; NOx_total_acum; lambda; p_t_total; e_t_total; p_t_control_zone; e_t_control_zone; k_control_zone; num_veh_total; num_vehicles_control_zone;  
0;0;0;0.8;100000;0;100000;0;1;0;0;
60;0;0;0.8537456976449606;85265.15488478143;0;96316.28872119535;0;0.0;0;0;
120;3281.608622905961;3281.608622905961;1.138973494774893;60262.10907288528;3281.608622905961;90065.52726822131;0;0.18418556394023253;2;0;
180;15613.70241503375;18895.31103793971;1.1055098475906455;36463.75455962204;15613.70241503375;84115.93863990551;0;0.4967236365889345;5;0;
240;29342.81429950347;48238.12533744318;0.9020276102957687;33333.57488847783;29342.81429950347;79997.69014724359;0;0.7942030680047246;8;0;
300;34040.800449338356;82278.92578678153;0.9981740348367764;31440.11008369224;34040.800449338356;75014.1238337126;0;1;9;0;
360;44363.73987189009;126642.66565867161;0.9797964259154952;40531.178622624495;44363.73987189009;70195.95600047315;0;1;13;0;
420;50754.80147613887;177397.4671348105;1.060637189089105;53103.04129155558;50754.80147613887;64650.2212986712;0;1;14;0;
480;60548.19179088118;237945.65892569168;1.1154893404542052;73493.61682608537;60548.19179088118;58610.81723458335;0;1;16;0;
540;61829.76870742336;299775.42763311503;0.837543834709694;105171.80748395974;61829.76870742336;56481.44218629557;5408.519464099466;1;17;3;
600;66676.6895699261;366452.1172030411;0.8113389906088025;142640.29339196894;66676.6895699261;69531.43771746251;20352.046446646167;1;17;6;
660;64135.0828047504;430587.2000077915;1.1343060415679478;165940.3587002732;64135.0828047504;85194.6831930374;25871.99984968641;1;17;8;
720;70815.10594763835;501402.30595542985;0.9731068271620213;201723.61887007876;70815.10594763835;107748.54563094757;31311.823882368364;0.7402658403481298;18;8;
780;82060.71535268737;583463.0213081172;1.1049120329831768;244007.50103537174;82060.71535268737;131258.25773382277;33453.920399723786;0;19;9;
840;84890.15887094323;668353.1801790604;0.8008424213404444;300067.332738059;84890.15887094323;159206.61623606418;35155.9402943054;0;20;9;
900;92734.43311167134;761087.6132907318;0.9781548776219205;357588.19025534124;92734.43311167134;181807.8889909265;31404.666653459586;0;22;9;
960;98937.56180379166;860025.1750945235;1.088616012936313;417335.57559342566;98937.56180379166;192016.38602320824;20006.04114870854;0;22;8;
1020;106988.66461160293;967013.8397061264;0.8915048885081811;492230.06421873404;106988.66461160293;196005.73465595502;12012.89262932041;0;24;3;
1080;113201.73111864677;1080215.570824773;1.1781082782215688;563019.8973214044;113201.73111864677;193064.66885562224;7661.908703661314;0;26;3;
1140;125991.12221296252;1206206.6930377355;1.1605709830445934;647230.4641447616;125991.12221296252;184469.01234598208;1849.4823377611694;0;28;1;
1200;131277.12611291138;1337483.819150647;0.8122359932134214;749267.0945019898;131277.12611291138;177158.88840706128;0;0;30;0;
1260;145948.2731373553;1483432.0922880021;0.8101783443973843;866048.9472410392;145948.2731373553;169867.28330748482;0;0;31;0;
1320;148217.2867010071;1631649.3789890092;1.0165649891173987;977669.89433382;148217.2867010071;160718.19840542824;0;0;33;0;
1380;145261.38316926156;1776910.7621582707;1.1756596651114042;1080607.529559071;145261.38316926156;150137.2614194256;0;0;31;0;
1440;156121.63876323067;1933032.4009215015;0.952481695075285;1202439.8272995914;156121.63876323067;141564.92616374802;0;0;37;0;
1500;174414.805073186;2107447.2059946875;0.8866397588522453;1344935.6010540966;174414.805073186;133585.1683340778;0;0;38;0;
1560;178303.90636545164;2285751.1123601394;0.9688466302330869;1488361.028731157;178303.90636545164;124865.54866198002;0;0;40;0;
1620;186633.1263267359;2472384.2386868754;0.8116163150299472;1645775.9677168147;186633.1263267359;117561.00182671049;0;0;42;0;
1680;203016.0291181864;2675400.267805062;0.8886766665092141;1816799.6368406694;203016.0291181864;109562.91182812756;0;0;45;0;
1740;210321.86035624176;2885722.1281613037;0.9751550374602288;1992015.915848343;210321.86035624176;100786.5164909855;0;0;45;0;
1800;212112.90348923104;3097835.031650535;0.9983248965527403;2168189.123061675;212112.90348923104;91801.59242201083;0;0;44;0;
1860;214425.87187254976;3312260.9035230847;0.8932337801030291;2350458.578850516;214425.87187254976;90867.98359954132;7105.495198457752;0.4099203788994586;45;3;
1920;204204.1280917182;3516465.031614803;0.8923466166163937;2522538.228744044;204204.1280917182;97221.49853525608;14384.6344852623;0.45660082002293423;42;4;
1980;201434.56096680972;3717899.5925816125;0.8875124149350755;2692022.342773191;201434.56096680972;105302.68314384439;16068.79634300399;0.1389250732371962;41;4;
2040;197692.15910368602;3915591.7516852985;0.9838413862950934;2854296.211970254;197692.15910368602;111899.93745632494;15451.826789136401;0;42;4;
2100;201206.99633434849;4116798.748019647;0.9159126458361943;3022530.3530544993;201206.99633434849;119588.74359858052;15932.019954781317;0;41;4;
2160;197946.3391509294;4314745.087170577;0.8085958821063636;3191367.2404495995;197946.3391509294;128308.31729218083;15996.936632557587;0;41;4;
2220;197142.7042226003;4511887.791393177;1.1350311902650292;3347648.8218226586;197142.7042226003;130944.5031091034;12851.466529307836;0;40;4;
2280;202487.67855295687;4714375.469946134;1.0225817290609733;3513323.5581294205;202487.67855295687;124058.26463902174;2316.997091467091;0;41;2;
2340;198612.07538882384;4912987.545334958;1.0569177451729783;3673886.594692017;198612.07538882384;114546.00493246494;0;0;40;0;
2400;198725.99770135357;5111713.543036311;0.8743625063578871;3841135.5421644864;198725.99770135357;106676.74237524396;0;0;41;0;
2460;205943.6214243722;5317657.164460683;1.197017364870426;4003986.5384535235;205943.6214243722;95903.58609141014;0;0;41;0;
2520;189771.21353316033;5507428.3779938435;1.1439786115181159;4152574.521972032;189771.21353316033;85607.77858774709;0;0.20482069542949322;41;0;
2580;194399.23137707196;5701827.609370915;0.8483559839223226;4316432.937927901;194399.23137707196;77972.57473244618;0;0.7196110706126455;38;0;
2640;170431.8005516471;5872259.409922563;0.9330780741440516;4453273.927810363;170431.8005516471;71119.124689005;1544.2526238552653;1;35;1;
2700;137039.09143960985;6009298.501362172;1.0885937630333073;4551123.643780773;137039.09143960985;72362.17195658863;11040.391134883412;1;30;3;
2760;127434.13964231404;6136732.641004486;1.084476707878112;4639516.621939475;127434.13964231404;75402.1043590722;12800.222773386567;1;27;4;
2820;117367.96532971365;6254100.6063342;1.174576234719784;4714599.842819276;117367.96532971365;84930.1631456351;20099.244899040954;1;25;5;
2880;111025.94957485182;6365126.555909052;0.9688427999845661;4790747.451594683;111025.94957485182;96473.97259290132;20263.394647127327;0.7534918427182449;26;5;
2940;117246.90699455698;6482373.462903609;1.1320142773097308;4867241.84460609;117246.90699455698;108723.95008799368;22438.10599087993;0.1763013703549339;28;6;
3000;121336.34297696868;6603709.805880577;1.0681222265656283;4950125.787426696;121336.34297696868;122674.56756741305;23563.717518510006;0;28;6;
3060;129917.01841078037;6733626.824291358;0.9213474043731671;5046874.299280043;129917.01841078037;132581.53328145226;18199.092353397693;0;30;6;
3120;117971.3400535301;6851598.164344888;1.0350322424574239;5127584.478605106;117971.3400535301;133182.3801988174;9916.137099481984;0;26;3;
3180;110943.24193636428;6962541.406281252;1.1529916003327432;5197020.022929491;110943.24193636428;130087.63332102535;7282.177525202623;0;24;2;
3240;108732.8513003912;7071274.257581644;1.1384789673713251;5264767.631404514;108732.8513003912;123556.49900124964;3715.176386566228;0;23;1;
3300;103965.35744689946;7175239.615028543;1.00211352823184;5332656.901835068;103965.35744689946;118203.718835011;3666.2415878479073;0;23;1;
3360;114906.46264067618;7290146.07766922;1.0356009031930207;5410281.731960795;114906.46264067618;108883.31070627381;0;0;25;0;
3420;112864.7472652119;7403010.824934432;0.8138103320605367;5493849.307271828;112864.7472652119;101559.01771772899;0;0;22;0;
3480;102143.2667728423;7505154.091707274;0.8970959894172271;5563697.11842565;102143.2667728423;93485.15381297395;0;0;21;0;
3540;97500.08024149066;7602654.171948765;1.118961699021721;5620914.577502359;97500.08024149066;83414.49852177846;0;0.32574230935130255;21;0;
3600;98157.07974605744;7700811.251694823;0.9657255997203097;5684305.535658485;98157.07974605744;75270.94056323457;547.9724389388958;0.8292750739110772;21;1;
3660;110345.05644654705;7811156.308141369;0.8692029606316204;5763359.285522293;110345.05644654705;71153.29560897722;3705.181691427236;1;25;1;
3720;113686.6321954385;7924842.940336808;1.0195195045552612;5840343.215553742;113686.6321954385;67660.67119253421;5683.051124554342;1;26;2;
3780;127061.55484382359;8051904.495180631;1.0812163048262526;5928480.98342382;127061.55484382359;73484.27234399851;15554.547894900583;1;31;4;
3840;155102.45283721664;8207006.948017848;1.069794332200931;6045070.840301803;155102.45283721664;78663.41311808737;14807.289763897234;1;36;4;
3900;157917.37013082835;8364924.318148676;0.9498812082006561;6168792.486937408;157917.37013082835;89584.77416890753;19470.29192462608;1;37;5;
3960;169234.17530250334;8534158.49345118;0.9755846520178253;6302905.61476727;169234.17530250334;103799.40181219319;22994.88951144608;0.5207612915546234;42;6;
4020;192880.2603424125;8727038.753793592;1.0033705952999927;6459664.533678883;192880.2603424125;116229.36468923982;21460.29823474657;0;44;6;
4080;209300.6141003198;8936339.367893912;1.1113770460000583;6628955.5741232;209300.6141003198;125733.01092769126;19506.03965245195;0;48;5;
4140;234321.962464997;9170661.33035891;1.008375367045258;6826976.023374568;234321.962464997;128425.26492392608;11767.632299642155;0;51;4;
4200;243416.91396438767;9414078.244323296;0.9573020379856905;7035930.063971471;243416.91396438767;127841.82869448593;8032.282112431055;0;54;2;
4260;254464.19905741114;9668542.443380708;0.9958774081849033;7254542.676334226;254464.19905741114;125053.33199667081;6174.399975848996;0;56;2;
4320;264248.1839844961;9932790.627365204;0.8118299855867629;7489564.9808375975;264248.1839844961;120263.96505874064;2517.1029323506996;0;56;1;
4380;265279.37087915285;10198069.998244356;0.8173949161426111;7725418.134735616;265279.37087915285;112907.41081345713;0;0;53;0;
4440;260584.9128692569;10458654.911113612;1.0813528354415345;7947074.345528978;260584.9128692569;103175.23529448331;0;0;55;0;
4500;262058.8959719334;10720713.807085546;1.1932750869238695;8166175.338371652;262058.8959719334;92435.75951216849;0;0;53;0;
4560;247151.1219105897;10967864.928996135;1.037273492152023;8375984.614564769;247151.1219105897;86985.76096845306;3885.462885652782;0.3782120243915757;49;1;
4620;243911.867161828;11211776.796157962;0.9574398745511656;8585428.646242755;243911.867161828;87220.5098786361;8851.707781143532;0.650711951577347;52;4;
4680;257336.76413224285;11469113.560290204;0.8681396787422726;8811512.381940275;257336.76413224285;101147.90737481856;21740.654604862913;0.6389745060681947;56;6;
4740;266919.7750729258;11736033.335363131;1.0008954233733933;9042399.92177176;266919.7750729258;115961.63000190166;23821.781437443635;0;57;6;
4800;281082.4220682721;12017115.757431403;1.1928306550154137;9280540.440259475;281082.4220682721;129091.70768964934;23865.55358288638;0;61;6;
4860;298014.8857607999;12315130.643192202;1.1082092559323202;9538659.792806711;298014.8857607999;142976.47969801803;23858.655311759565;0;64;6;
4920;315495.98461092;12630626.627803123;1.0158469793799114;9817585.286159955;315495.98461092;153110.20255402394;19276.34567042512;0;69;6;
4980;329147.0948994176;12959773.72270254;1.1441159115682198;10105544.208242917;329147.0948994176;160421.26609966013;17608.106749750183;0;71;5;
5040;352651.6616695216;13312425.384372063;0.8928704512252058;10426052.53366833;352651.6616695216;157778.48710811793;5393.055069484669;0;77;3;
5100;368176.39894881577;13680601.78332088;1.005508665275055;10758030.620667245;368176.39894881577;148841.74434717058;112.83522652814169;0;76;1;
5160;370309.2267679351;14050911.010088814;1.1809869553073078;11085824.317044117;370309.2267679351;138212.8617494048;0;0;79;0;
5220;377043.1680961314;14427954.178184945;1.0311179231204812;11425747.23990791;377043.1680961314;128932.80044132048;0;0;79;0;
5280;386236.9347503826;14814191.112935327;0.9836526927642674;11776572.677718777;386236.9347503826;120079.92620644206;0;0;84;0;
5340;386445.80135563115;15200636.914290959;0.9077117909765685;12130340.854599252;386445.80135563115;111910.52008765294;0;0;79;0;
5400;366616.79935619386;15567253.713647153;1.0191985237864996;12460266.507099133;366616.79935619386;102737.73337357445;0;0;75;0;
5460;347846.9065754002;15915100.620222554;1.1828465125840908;12765530.939221507;347846.9065754002;92092.11476031764;0;0;68;0;
5520;325608.68969135307;16240709.309913907;0.8022836517801573;13062257.417448774;325608.68969135307;87499.54068483422;2627.9787905380044;0.3953942619841182;67;1;
5580;327054.6587557314;16567763.968669638;1.1134620930461558;13349227.440854844;327054.6587557314;85203.4111593265;7725.029311907687;0.6250229657582888;67;3;
5640;328882.74393352825;16896646.712603167;1.1281943647701929;13637495.187656645;328882.74393352825;98955.27065671603;23905.608780321272;0.7398294420336752;70;8;
5700;327373.906826539;17224020.619429708;1.1544718323304033;13923308.10851929;327373.906826539;126451.63923503828;37886.615069295876;0.052236467164198254;69;10;
5760;330956.7602527259;17554977.379682433;1.0962013647332784;14214801.619641617;330956.7602527259;156495.17644760452;39909.349495165756;0;71;10;
5820;324417.47609687824;17879394.855779313;1.1236559603489917;14498767.48116593;324417.47609687824;186528.01051786274;40145.73771339915;0;70;10;
5880;324011.2456411837;18203406.101420496;1.0074713134092008;14786509.759524383;324011.2456411837;216565.5600844888;39104.79138730885;0;70;10;
5940;331852.54172226076;18535258.643142756;1.0245431459113516;15081478.747993834;331852.54172226076;241665.16386771115;34320.49209642451;0;71;9;
6000;320410.71104416606;18855669.354186922;0.97043627187526;15366953.75325049;320410.71104416606;258295.388576413;25364.151155579184;0;69;8;
6060;329036.20556594786;19184705.55975287;0.8224493190082962;15666381.783332141;329036.20556594786;258354.22492764253;7460.880222304175;0;65;4;
6120;312795.00671746687;19497500.566470336;1.148004062070656;15937848.643815065;312795.00671746687;248022.18836900662;0;0;62;0;
6180;303461.2637610416;19800961.830231376;1.0279997335505522;16204301.917168286;303461.2637610416;238770.19076705165;0;0;60;0;
6240;289986.05944754364;20090947.889678918;0.8799357680708573;16462610.28896528;289986.05944754364;230850.76885441394;0;0;58;0;
6300;286608.06560049223;20377555.95527941;1.0018881869715452;16713150.379834795;286608.06560049223;221833.77517167004;0;0;59;0;
6360;270608.162598698;20648164.11787811;0.9939700448910936;16947975.62081741;270608.162598698;212888.0447676502;0;0;53;0;
6420;244455.9337026354;20892620.051580746;0.9427159858179823;17158493.779030602;244455.9337026354;204403.60089528834;0;0;44;0;
6480;204543.2831161987;21097163.334696945;0.938431167607262;17329253.54011294;204543.2831161987;195957.720386823;0;0;39;0;
6540;182608.78146429983;21279772.116161246;1.0153915182951376;17475308.226918615;182608.78146429983;186819.19672216676;0;0;39;0;
6600;181336.06738285508;21461108.1835441;1.049395781119002;17618866.046181183;181336.06738285508;177374.63469209574;0;0;38;0;
6660;182355.73030637397;21643463.913850475;1.0449809859130903;17763602.460994687;182355.73030637397;167969.80581887794;0;0;39;0;
6720;187814.99739393228;21831278.911244407;0.9832587200398898;17916020.144467182;187814.99739393228;159120.47733851892;0;0;39;0;
6780;186597.01713643537;22017875.928380843;0.8111899936335369;18073414.32183281;186597.01713643537;151819.7673958171;0;0;38;0;
6840;189305.28746978362;22207181.215850625;0.8918420125108096;18230613.2968522;189305.28746978362;143793.1892832198;0;0;43;0;
6900;211893.28901513072;22419074.504865754;0.8708845035754331;18411154.743738614;211893.28901513072;135955.2287510409;0;0;46;0;
6960;221844.874764726;22640919.37963048;1.0337843483113764;18595783.38196413;221844.874764726;126651.16961623852;0;0;48;0;
7020;221150.98169096987;22862070.36132145;1.1444035443413298;18775735.83605881;221150.98169096987;116351.53771716655;0;0;49;0;
7080;234770.82331028744;23096841.184631735;1.1193755762309703;18970209.13862478;234770.82331028744;106277.15753108781;0;0;50;0;
7140;224129.7046712186;23320970.889302954;1.1188390250541984;19154060.638394047;224129.7046712186;96207.60630560003;0;0;46;0;
7200;225338.81036978634;23546309.69967274;1.1265749482242764;19338842.75062776;225338.81036978634;86579.60753291921;511.17576133767216;0.18961968471999863;47;1;
7260;215995.23405848222;23762304.93373122;0.9021176160349224;19522361.750508983;215995.23405848222;90630.89264065829;12170.34365205339;0.6710196233540395;44;5;
7320;202378.29301677758;23964683.226747997;1.1366979329096383;19683818.91794101;202378.29301677758;104310.58247635906;23909.971231887528;0.4684553679670855;43;6;
7380;202083.74778323967;24166766.974531237;1.069245410175483;19847409.830957934;202083.74778323967;122152.57222953683;27465.198444757127;0;41;7;
7440;194442.81216604033;24361209.786697276;0.8332936551215592;20011854.071539596;194442.81216604033;141633.42400206462;26980.494668621843;0;41;7;
7500;197119.5240093475;24558329.310706623;0.8066762520462238;20179933.25047528;197119.5240093475;161223.98787691182;26850.650143263232;0;41;7;
7560;195391.09206293913;24753720.40276956;0.805823989969925;20346314.678899303;195391.09206293913;181032.3283512146;27060.756384032087;0;41;7;
7620;200636.70256220052;24954357.105331764;1.1022347101008791;20507270.931897875;200636.70256220052;190843.4006620144;19731.18470170775;0;41;6;
7680;212275.09353039786;25166632.19886216;0.8998236902613691;20687152.372578863;212275.09353039786;189208.7162810231;6463.728831361006;0;42;4;
7740;202930.454724852;25369562.653587013;0.8437954509177438;20859706.191070676;202930.454724852;183915.19045674393;2300.6332339805153;0;40;1;
7800;196103.42807039316;25565666.081657406;1.0499208336609904;21018012.46912927;196103.42807039316;174465.902953795;0;0;40;0;
7860;192104.06353832333;25757770.14519573;0.9377691456385979;21176356.843424607;192104.06353832333;166025.98064304763;0;0;39;0;
7920;184926.8079883366;25942696.95318407;0.8278061514123389;21331482.6299621;184926.8079883366;158575.72528033657;0;0;38;0;
7980;181476.71103439174;26124173.66421846;0.863850209877539;21481860.733440902;181476.71103439174;150801.07339143872;0;0;36;0;
8040;163195.7044052213;26287369.36862368;1.010952159619205;21608662.160099834;163195.7044052213;141702.50395486588;0;0;30;0;
8100;136929.94724134676;26424299.31586503;0.8672579784889713;21714370.820115577;136929.94724134676;133897.18214846513;0;0;28;0;
8160;123400.30598953656;26547699.621854566;0.9091657747274721;21805041.158214927;123400.30598953656;125714.69017591789;0;0;25;0;
8220;121737.1185066315;26669436.7403612;1.0846359708741091;21887731.381770093;121737.1185066315;115952.9664380509;0;0;24;0;
8280;118513.91973360082;26787950.6600948;0.9818806520182656;21970897.598031037;118513.91973360082;107116.04056988652;0;0;27;0;
8340;124375.38294305056;26912326.04303785;0.9288007065549304;22061836.15553811;124375.38294305056;98756.83421089215;0;0;25;0;
8400;115975.09868592446;27028301.141723774;0.9895084056681116;22142188.95161998;115975.09868592446;89851.25855987915;0;0.062158289455392514;25;0;
8460;111178.58039114084;27139479.722114917;0.8094538310527949;22224227.19409322;111178.58039114084;85783.29308609213;3217.1190056881405;0.5074370720060426;25;1;
8520;108792.07273643078;27248271.794851348;0.9546228419045879;22298652.844521087;108792.07273643078;83958.01286192579;6766.325352974946;0.7108353456953933;25;2;
8580;104856.0467442238;27353127.84159557;0.9683674716836304;22368647.6622847;104856.0467442238;86957.29440808034;11714.588791307217;0.8020993569037106;24;3;
8640;101406.71185950517;27454534.553455077;0.8752157219005252;22438546.608155783;101406.71185950517;90792.37019495759;11712.017283981966;0.6521352795959828;22;3;
8700;97106.66043240773;27551641.213887487;0.8435046769781653;22505287.100216977;97106.66043240773;97325.76060368009;14124.932501525984;0.46038149025212044;23;4;
8760;106983.58594919491;27658624.79983668;1.159927400142408;22570513.299761046;106983.58594919491;103216.54298365986;16330.12898126145;0.1337119698159957;24;5;
8820;107786.74158732666;27766411.541424006;1.0040463923714706;22642154.371223;107786.74158732666;113107.2909550464;18927.165502729764;0;23;5;
8880;112939.93391702857;27879351.475341033;0.8836363970207081;22723283.39484728;112939.93391702857;119867.6033494658;14713.039967605779;0;24;4;
8940;113051.02605377328;27992402.50139481;1.0422594560136065;22798813.080484565;113051.02605377328;120128.88123643374;9641.61299109038;0;25;3;
9000;119323.89828652423;28111726.399681333;1.1268158673511548;22877571.60754645;119323.89828652423;117471.81081655397;7484.272386280638;0;26;2;
9060;122450.04560021854;28234176.44528155;0.808327243403715;22970921.87238413;122450.04560021854;118746.35560509232;8549.489979171769;0;26;2;
9120;122657.44608090493;28356833.891362455;0.8071458083311182;23064522.069365114;122657.44608090493;116681.17135948055;5199.128029368288;0;25;2;
9180;113987.9679513011;28470821.859313756;0.8585846961597384;23147600.988254666;113987.9679513011;109713.41445275354;759.5053587106379;0;23;1;
9240;106549.70396336674;28577371.56327712;1.0875341891047159;23214999.46141026;106549.70396336674;99925.6067508111;0;0;21;0;
9300;96134.92791263305;28673506.491189755;0.864091037051882;23280027.11198903;96134.92791263305;92148.78741734417;0;0.0037196624594449533;18;0;
9360;86485.57723320537;28759992.068422962;1.081842251140801;23327566.368181165;86485.57723320537;82412.20715707696;0;0.39256062913279166;18;0;
9420;86550.64630143542;28846542.7147244;1.071270318110779;23375551.283030614;86550.64630143542;72770.77429407995;0;0.8793896421461519;17;0;
9480;77358.62598811275;28923901.34071251;1.0178808654315619;23416266.197863188;77358.62598811275;63609.84650519589;0;1;17;0;
9540;74443.13079512028;28998344.47150763;0.8882398992090706;23458732.692286782;74443.13079512028;55615.687412314255;0;1;15;0;
9600;70942.76139150695;29069287.232899137;1.1902378071271533;23486826.89262171;70942.76139150695;44903.54714816988;0;1;15;0;
9660;67962.03050197606;29137249.263401113;1.1191243430824604;23514500.44677272;67962.03050197606;34831.42806042773;0;1;14;0;
9720;64110.451310706485;29201359.71471182;1.0066398067797573;23542371.865039356;64110.451310706485;25771.669799409916;0;1;13;0;
9780;62078.93444042021;29263438.649152238;0.8892783120986684;23572436.780244224;62078.93444042021;17768.164990521902;0;1;12;0;
9840;56542.619026848624;29319981.268179085;1.0594025672397025;23590840.906850442;56542.619026848624;8233.541885364579;0;1;11;0;
9900;51615.90819085828;29371597.176369943;0.9579592039433198;23607970.28369934;51615.90819085828;0;0;1;11;0;
9960;49094.84813184965;29420692.024501793;1.0303383851152226;23619972.94996704;49094.84813184965;0;0;1;9;0;
10020;42075.22038463575;29462767.244886428;0.9284983237380501;23628622.230697107;42075.22038463575;0;0;1;9;0;
10080;43108.66447007891;29505875.90935651;1.0523791445085386;23633845.24596488;43108.66447007891;0;0;1;9;0;
10140;31916.39274373419;29537792.30210024;0.8235140464825965;23636115.13303524;31916.39274373419;0;0;1;6;0;
10200;26880.814099814146;29564673.116200056;0.9194423798492053;23629896.02146048;26880.814099814146;0;0;1;4;0;
10260;18685.671364107508;29583358.787564162;1.1871613240603556;23605843.885158416;18685.671364107508;0;0;1;4;0;
10320;15600.764171912311;29598959.551736075;1.1502136976940638;23580036.956213344;15600.764171912311;0;0;1;3;0;
10380;11147.481341217734;29610107.033077292;0.9225546481332983;23557972.47022176;11147.481341217734;0;0;1;1;0;
10440;4333.238795759517;29614440.271873053;1.1434057625426237;23521143.101565987;4333.238795759517;0;0;1;1;0;
VEHICLES;;;;;;;;;;;
id; vType; NOx_total_veh; n_packages; step_ini; step_fin; total_time(sec);average_package;enter_cz;;;
veh26;truck;81155.79420206128;5;108;1250;1142;228.4;TRUE;;;
veh27;truck;81477.79172836251;19;111;1325;1214;63.89473684210526;TRUE;;;
veh34;truck;87266.5081542807;3;152;1334;1182;394.0;TRUE;;;
veh37;truck;78656.25301402173;9;156;1286;1130;125.55555555555556;TRUE;;;
veh41;truck;83836.27649518845;4;171;1345;1174;293.5;TRUE;;;
veh43;truck;84617.83280091529;16;181;1471;1290;80.625;TRUE;;;
veh47;truck;80865.50929690828;15;192;1343;1151;76.73333333333333;TRUE;;;
veh60;truck;87841.4210802787;16;236;1494;1258;78.625;TRUE;;;
veh73;truck;113590.42950366318;13;281;1791;1510;116.15384615384616;FALSE;;;
veh91;truck;117184.61471034463;7;333;1911;1578;225.42857142857142;FALSE;;;
veh92;truck;142486.34090621426;4;337;1913;1576;394.0;FALSE;;;
veh95;truck;113777.44412768073;16;343;1786;1443;90.1875;FALSE;;;
veh96;truck;84492.6134828601;1;344;1504;1160;1160.0;TRUE;;;
veh106;truck;110935.56993724756;13;378;1754;1376;105.84615384615384;FALSE;;;
veh121;truck;115575.77129618321;14;434;1906;1472;105.14285714285714;FALSE;;;
veh126;truck;116195.07679762319;20;451;1979;1528;76.4;FALSE;;;
veh139;truck;120812.21963829044;1;516;2080;1564;1564.0;FALSE;;;
veh196;truck;116662.9874717865;15;716;2227;1511;100.73333333333333;FALSE;;;
veh206;truck;120471.09853737167;9;746;2264;1518;168.66666666666666;FALSE;;;
veh222;truck;114426.55394374428;8;816;2174;1358;169.75;FALSE;;;
veh231;truck;114871.21654399956;19;842;2292;1450;76.3157894736842;FALSE;;;
veh241;truck;115636.07828980175;4;887;2345;1458;364.5;FALSE;;;
veh267;truck;117657.599041164;11;975;2464;1489;135.36363636363637;FALSE;;;
veh271;truck;116842.58050986804;1;979;2535;1556;1556.0;FALSE;;;
veh288;truck;121719.02475926396;1;1036;2647;1611;1611.0;FALSE;;;
veh295;truck;118575.59736735577;1;1067;2632;1565;1565.0;FALSE;;;
veh308;truck;119291.93697674746;18;1117;2651;1534;85.22222222222223;FALSE;;;
veh313;truck;120924.39478330847;1;1132;2652;1520;1520.0;FALSE;;;
veh326;truck;132675.8306778344;13;1189;2654;1465;112.6923076923077;FALSE;;;
veh327;truck;121109.84010285388;7;1192;2713;1521;217.28571428571428;FALSE;;;
veh337;truck;113102.77404692757;14;1207;2553;1346;96.14285714285714;FALSE;;;
veh351;truck;116077.82755068009;1;1246;2606;1360;1360.0;FALSE;;;
veh366;truck;116811.34358570256;17;1286;2750;1464;86.11764705882354;FALSE;;;
veh370;truck;113336.35518901036;8;1300;2646;1346;168.25;FALSE;;;
veh375;truck;116694.43872528765;15;1306;2773;1467;97.8;FALSE;;;
veh377;truck;117957.59332421204;16;1322;2775;1453;90.8125;FALSE;;;
veh382;truck;112311.11936594486;18;1342;2819;1477;82.05555555555556;FALSE;;;
veh399;truck;113620.84146063674;8;1409;2752;1343;167.875;FALSE;;;
veh401;truck;134721.75538920745;12;1421;3069;1648;137.33333333333334;FALSE;;;
veh402;truck;110428.95650507542;8;1423;2956;1533;191.625;FALSE;;;
veh404;truck;111893.34176019231;8;1425;2859;1434;179.25;FALSE;;;
veh408;truck;86788.64794406133;15;1434;2652;1218;81.2;TRUE;;;
veh409;truck;87518.99227867996;10;1438;2579;1141;114.1;TRUE;;;
veh410;truck;112445.74782779854;1;1443;2873;1430;1430.0;FALSE;;;
veh412;truck;89853.97300026176;14;1451;2634;1183;84.5;TRUE;;;
veh416;truck;80618.3765693672;18;1488;2617;1129;62.72222222222222;TRUE;;;
veh418;truck;111883.39718868086;4;1501;2962;1461;365.25;FALSE;;;
veh427;truck;117057.3144916049;6;1533;3074;1541;256.8333333333333;FALSE;;;
veh430;truck;117702.32896313045;10;1540;3105;1565;156.5;FALSE;;;
veh435;truck;113242.49385540976;4;1564;3143;1579;394.75;FALSE;;;
veh445;truck;118328.78794277305;11;1609;3190;1581;143.72727272727272;FALSE;;;
veh456;truck;127923.52439246808;17;1642;3145;1503;88.41176470588235;FALSE;;;
veh458;truck;114110.88447196933;14;1652;3102;1450;103.57142857142857;FALSE;;;
veh463;truck;114277.30476642407;17;1657;3065;1408;82.82352941176471;FALSE;;;
veh491;truck;116861.04063323124;7;1769;3233;1464;209.14285714285714;FALSE;;;
veh492;truck;118116.85024754045;10;1774;3246;1472;147.2;FALSE;;;
veh502;truck;118041.64810340459;10;1816;3365;1549;154.9;FALSE;;;
veh555;truck;113036.57654307636;19;2026;3389;1363;71.73684210526316;FALSE;;;
veh607;truck;88618.65163838949;16;2239;3413;1174;73.375;TRUE;;;
veh612;truck;82864.1293287673;17;2245;3442;1197;70.41176470588235;TRUE;;;
veh620;truck;90865.12794787344;13;2265;3444;1179;90.6923076923077;TRUE;;;
veh644;truck;82096.70264693593;19;2367;3488;1121;59.0;TRUE;;;
veh647;truck;83402.41456596467;2;2395;3572;1177;588.5;TRUE;;;
veh676;truck;81244.89074713545;16;2511;3697;1186;74.125;TRUE;;;
veh703;truck;121298.44682902361;8;2613;4131;1518;189.75;FALSE;;;
veh726;truck;116699.08934159602;13;2681;4239;1558;119.84615384615384;FALSE;;;
veh753;truck;118231.20853977105;14;2770;4309;1539;109.92857142857143;FALSE;;;
veh778;truck;117356.83386711474;6;2840;4377;1537;256.1666666666667;FALSE;;;
veh786;truck;116531.89374587903;12;2873;4313;1440;120.0;FALSE;;;
veh787;truck;113905.99099214037;18;2876;4326;1450;80.55555555555556;FALSE;;;
veh796;truck;115955.11121439464;12;2913;4357;1444;120.33333333333333;FALSE;;;
veh802;truck;117290.10585832335;3;2935;4427;1492;497.3333333333333;FALSE;;;
veh813;truck;116278.68133454681;15;2961;4472;1511;100.73333333333333;FALSE;;;
veh814;truck;134815.54145330735;17;2965;4473;1508;88.70588235294117;FALSE;;;
veh832;truck;116901.73847968869;4;3010;4509;1499;374.75;FALSE;;;
veh848;truck;117816.38751827615;6;3049;4528;1479;246.5;FALSE;;;
veh856;truck;117977.24276092186;17;3081;4526;1445;85.0;FALSE;;;
veh887;truck;84372.56233498048;13;3189;4380;1191;91.61538461538461;TRUE;;;
veh933;truck;85374.55149954458;12;3297;4475;1178;98.16666666666667;TRUE;;;
veh944;truck;83324.35513225493;16;3340;4479;1139;71.1875;TRUE;;;
veh947;truck;86508.98523158931;1;3354;4531;1177;1177.0;TRUE;;;
veh982;truck;82519.06406084355;16;3458;4636;1178;73.625;TRUE;;;
veh1002;truck;84170.67141170448;2;3516;4698;1182;591.0;TRUE;;;
veh1013;truck;117070.95722024926;10;3558;5048;1490;149.0;FALSE;;;
veh1032;truck;120428.00102853576;20;3606;4999;1393;69.65;FALSE;;;
veh1033;truck;117479.75496230782;19;3608;5094;1486;78.21052631578948;FALSE;;;
veh1044;truck;116692.38866812382;19;3627;5091;1464;77.05263157894737;FALSE;;;
veh1057;truck;114892.62795743928;13;3658;5091;1433;110.23076923076923;FALSE;;;
veh1085;truck;118443.47552952748;6;3708;5169;1461;243.5;FALSE;;;
veh1086;truck;117082.70204192254;6;3711;5157;1446;241.0;FALSE;;;
veh1104;truck;116429.33320743885;17;3752;5209;1457;85.70588235294117;FALSE;;;
veh1109;truck;117831.77488925481;8;3756;5309;1553;194.125;FALSE;;;
veh1118;truck;119789.09355261369;1;3771;5375;1604;1604.0;FALSE;;;
veh1119;truck;119008.67640592724;7;3772;5300;1528;218.28571428571428;FALSE;;;
veh1122;truck;116182.64214926475;18;3775;5179;1404;78.0;FALSE;;;
veh1126;truck;116263.1890714482;18;3781;5204;1423;79.05555555555556;FALSE;;;
veh1128;truck;137953.5640062961;8;3782;5302;1520;190.0;FALSE;;;
veh1133;truck;119712.47573549133;13;3792;5333;1541;118.53846153846153;FALSE;;;
veh1136;truck;126100.62587185123;17;3799;5206;1407;82.76470588235294;FALSE;;;
veh1166;truck;135149.5535414976;12;3836;5303;1467;122.25;FALSE;;;
veh1188;truck;119776.2280551332;19;3881;5334;1453;76.47368421052632;FALSE;;;
veh1224;truck;117625.81182888748;12;3933;5430;1497;124.75;FALSE;;;
veh1227;truck;117791.86429376966;15;3938;5432;1494;99.6;FALSE;;;
veh1230;truck;118185.31938476468;9;3943;5446;1503;167.0;FALSE;;;
veh1231;truck;118995.98912057119;18;3944;5495;1551;86.16666666666667;FALSE;;;
veh1237;truck;115939.0061697072;20;3951;5377;1426;71.3;FALSE;;;
veh1254;truck;115077.8744268808;1;3978;5432;1454;1454.0;FALSE;;;
veh1264;truck;115609.6612308628;13;3996;5434;1438;110.61538461538461;FALSE;;;
veh1285;truck;118817.76816231542;17;4031;5456;1425;83.82352941176471;FALSE;;;
veh1287;truck;117785.74179224817;5;4034;5533;1499;299.8;FALSE;;;
veh1297;truck;120888.60690694588;17;4051;5574;1523;89.58823529411765;FALSE;;;
veh1314;truck;119873.48540875514;18;4080;5655;1575;87.5;FALSE;;;
veh1322;truck;115139.27416099486;7;4096;5492;1396;199.42857142857142;FALSE;;;
veh1331;truck;115496.2794230112;14;4108;5568;1460;104.28571428571429;FALSE;;;
veh1332;truck;117983.32219701611;2;4111;5510;1399;699.5;FALSE;;;
veh1334;truck;116286.65760513395;16;4116;5645;1529;95.5625;FALSE;;;
veh1356;truck;87937.82370358032;12;4151;5248;1097;91.41666666666667;TRUE;;;
veh1370;truck;84571.46434568541;19;4175;5352;1177;61.94736842105263;TRUE;;;
veh1380;truck;83155.37172910887;18;4195;5379;1184;65.77777777777777;TRUE;;;
veh1404;truck;85472.66627556032;7;4234;5381;1147;163.85714285714286;TRUE;;;
veh1406;truck;83954.1010718198;17;4237;5454;1217;71.58823529411765;TRUE;;;
veh1423;truck;80915.82358639059;14;4258;5377;1119;79.92857142857143;TRUE;;;
veh1442;truck;115386.67628492563;16;4292;5734;1442;90.125;FALSE;;;
veh1459;truck;116180.98051257164;12;4316;5763;1447;120.58333333333333;FALSE;;;
veh1478;truck;110668.52119566592;14;4346;5762;1416;101.14285714285714;FALSE;;;
veh1509;truck;107023.52331278946;12;4407;5759;1352;112.66666666666667;FALSE;;;
veh1516;truck;109429.6703863074;1;4413;5847;1434;1434.0;FALSE;;;
veh1518;truck;121796.10923946166;18;4416;6030;1614;89.66666666666667;FALSE;;;
veh1532;truck;114236.51370939963;18;4442;5822;1380;76.66666666666667;FALSE;;;
veh1554;truck;113288.1671534096;20;4487;5944;1457;72.85;FALSE;;;
veh1608;truck;118661.69326980351;20;4575;6017;1442;72.1;FALSE;;;
veh1613;truck;120834.73467915779;11;4579;6019;1440;130.9090909090909;FALSE;;;
veh1619;truck;116216.67604069055;15;4596;6095;1499;99.93333333333334;FALSE;;;
veh1640;truck;114846.29733820262;20;4626;6061;1435;71.75;FALSE;;;
veh1644;truck;112330.27876440776;1;4632;5945;1313;1313.0;FALSE;;;
veh1647;truck;114094.53714225235;8;4636;6097;1461;182.625;FALSE;;;
veh1667;truck;111760.03666644011;6;4667;6048;1381;230.16666666666666;FALSE;;;
veh1672;truck;116251.32568878222;18;4673;6130;1457;80.94444444444444;FALSE;;;
veh1694;truck;115938.05710549338;19;4717;6185;1468;77.26315789473684;FALSE;;;
veh1703;truck;119922.30552426295;6;4732;6235;1503;250.5;FALSE;;;
veh1711;truck;113782.04218367678;3;4744;6130;1386;462.0;FALSE;;;
veh1719;truck;113607.68323133224;18;4757;6113;1356;75.33333333333333;FALSE;;;
veh1738;truck;120007.67940063606;9;4789;6308;1519;168.77777777777777;FALSE;;;
veh1740;truck;117403.25487966332;2;4792;6169;1377;688.5;FALSE;;;
veh1754;truck;122702.76590842615;3;4807;6503;1696;565.3333333333334;FALSE;;;
veh1763;truck;116209.99975429493;3;4828;6195;1367;455.6666666666667;FALSE;;;
veh1776;truck;118934.75799074191;1;4846;6403;1557;1557.0;FALSE;;;
veh1798;truck;117043.22571109659;15;4875;6344;1469;97.93333333333334;FALSE;;;
veh1805;truck;137609.90911191716;1;4886;6505;1619;1619.0;FALSE;;;
veh1813;truck;115386.9175181974;9;4900;6334;1434;159.33333333333334;FALSE;;;
veh1820;truck;116955.89297221297;8;4906;6400;1494;186.75;FALSE;;;
veh1824;truck;120086.66941576538;9;4917;6392;1475;163.88888888888889;FALSE;;;
veh1827;truck;117501.37581004186;4;4922;6340;1418;354.5;FALSE;;;
veh1835;truck;116479.63039792705;20;4942;6463;1521;76.05;FALSE;;;
veh1866;truck;116633.54308117641;6;4996;6417;1421;236.83333333333334;FALSE;;;
veh1872;truck;113896.12087438614;12;5009;6387;1378;114.83333333333333;FALSE;;;
veh1877;truck;112831.15487681075;10;5021;6372;1351;135.1;FALSE;;;
veh1879;truck;120386.96214849546;3;5023;6467;1444;481.3333333333333;FALSE;;;
veh1882;truck;118239.92421247359;6;5025;6559;1534;255.66666666666666;FALSE;;;
veh1889;truck;115621.12864545488;6;5034;6421;1387;231.16666666666666;FALSE;;;
veh1891;truck;121135.12818915889;9;5038;6606;1568;174.22222222222223;FALSE;;;
veh1893;truck;115669.61352056077;17;5043;6456;1413;83.11764705882354;FALSE;;;
veh1898;truck;131443.7894516937;6;5051;6561;1510;251.66666666666666;FALSE;;;
veh1906;truck;114166.72705388315;9;5088;6469;1381;153.44444444444446;FALSE;;;
veh1911;truck;86917.00112305487;10;5101;6261;1160;116.0;TRUE;;;
veh1925;truck;116566.85619348474;15;5133;6663;1530;102.0;FALSE;;;
veh1931;truck;81998.89085667946;11;5140;6316;1176;106.9090909090909;TRUE;;;
veh1939;truck;115431.09337046281;16;5152;6596;1444;90.25;FALSE;;;
veh1947;truck;86897.97104258693;16;5164;6372;1208;75.5;TRUE;;;
veh1954;truck;90020.4692483713;4;5180;6409;1229;307.25;TRUE;;;
veh1962;truck;98885.79973447797;1;5192;6410;1218;1218.0;TRUE;;;
veh1976;truck;117285.05100984774;10;5209;6753;1544;154.4;FALSE;;;
veh1981;truck;85687.05227688764;13;5219;6466;1247;95.92307692307692;TRUE;;;
veh1992;truck;79893.62278529129;11;5235;6333;1098;99.81818181818181;TRUE;;;
veh1997;truck;88099.00693680278;14;5242;6459;1217;86.92857142857143;TRUE;;;
veh2000;truck;114266.28156888543;7;5252;6778;1526;218.0;FALSE;;;
veh2004;truck;94786.55800664861;9;5254;6412;1158;128.66666666666666;TRUE;;;
veh2008;truck;114670.28427141256;4;5257;6697;1440;360.0;FALSE;;;
veh2015;truck;87464.83937285902;9;5269;6414;1145;127.22222222222223;TRUE;;;
veh2033;truck;116921.5307895596;17;5298;6717;1419;83.47058823529412;FALSE;;;
veh2064;truck;115815.19721023734;7;5369;6763;1394;199.14285714285714;FALSE;;;
veh2068;truck;117104.53803913455;20;5374;6825;1451;72.55;FALSE;;;
veh2107;truck;118703.5084000561;14;5508;6971;1463;104.5;FALSE;;;
veh2108;truck;120688.89782816592;1;5511;6949;1438;1438.0;FALSE;;;
veh2115;truck;117928.07627798957;8;5552;7063;1511;188.875;FALSE;;;
veh2118;truck;118315.34394430852;1;5556;7085;1529;1529.0;FALSE;;;
veh2122;truck;136137.3549600705;13;5571;7065;1494;114.92307692307692;FALSE;;;
veh2124;truck;117514.95871315483;5;5581;7132;1551;310.2;FALSE;;;
veh2128;truck;118519.62818379674;2;5592;7087;1495;747.5;FALSE;;;
veh2141;truck;117782.73052448449;6;5636;7130;1494;249.0;FALSE;;;
veh2154;truck;116336.40438398467;15;5681;7226;1545;103.0;FALSE;;;
veh2172;truck;120575.69403155259;17;5733;7253;1520;89.41176470588235;FALSE;;;
veh2173;truck;139713.81268627773;14;5737;7255;1518;108.42857142857143;FALSE;;;
veh2176;truck;112668.06702956607;18;5743;7158;1415;78.61111111111111;FALSE;;;
veh2177;truck;115782.51013286854;8;5744;7213;1469;183.625;FALSE;;;
veh2187;truck;117779.2983776479;17;5778;7373;1595;93.82352941176471;FALSE;;;
veh2202;truck;115978.00910583381;15;5834;7277;1443;96.2;FALSE;;;
veh2207;truck;118124.74085104647;8;5851;7419;1568;196.0;FALSE;;;
veh2220;truck;115192.96055929508;17;5916;7340;1424;83.76470588235294;FALSE;;;
veh2277;truck;120157.99495442251;1;6116;7725;1609;1609.0;FALSE;;;
veh2287;truck;119162.61995192035;13;6146;7655;1509;116.07692307692308;FALSE;;;
veh2303;truck;120381.14977728967;19;6216;7785;1569;82.57894736842105;FALSE;;;
veh2312;truck;127272.28075530416;11;6242;7727;1485;135.0;FALSE;;;
veh2322;truck;115477.46481977198;14;6287;7675;1388;99.14285714285714;FALSE;;;
veh2348;truck;117906.43274666806;2;6375;7800;1425;712.5;FALSE;;;
veh2352;truck;115865.89411905683;10;6379;7831;1452;145.2;FALSE;;;
veh2369;truck;118237.75179662023;5;6436;7900;1464;292.8;FALSE;;;
veh2376;truck;115751.88257366353;7;6467;7954;1487;212.42857142857142;FALSE;;;
veh2389;truck;115428.02372712521;2;6517;8013;1496;748.0;FALSE;;;
veh2394;truck;120545.69326405307;10;6532;8014;1482;148.2;FALSE;;;
veh2407;truck;123271.17357806955;3;6589;8016;1427;475.6666666666667;FALSE;;;
veh2408;truck;117242.07625667831;3;6592;8034;1442;480.6666666666667;FALSE;;;
veh2418;truck;116484.29761257513;10;6607;8070;1463;146.3;FALSE;;;
veh2432;truck;119145.25842564375;10;6646;8056;1410;141.0;FALSE;;;
veh2447;truck;120077.56554199572;6;6686;8289;1603;267.1666666666667;FALSE;;;
veh2451;truck;118515.15291080072;14;6700;8127;1427;101.92857142857143;FALSE;;;
veh2456;truck;118089.61507136996;19;6706;8195;1489;78.36842105263158;FALSE;;;
veh2458;truck;118173.05589522408;9;6722;8140;1418;157.55555555555554;FALSE;;;
veh2463;truck;123302.81334837351;5;6742;8197;1455;291.0;FALSE;;;
veh2480;truck;117960.91452740267;1;6809;8342;1533;1533.0;FALSE;;;
veh2482;truck;114861.52481102136;18;6821;8292;1471;81.72222222222223;FALSE;;;
veh2483;truck;80759.01415049212;2;6823;7920;1097;548.5;TRUE;;;
veh2485;truck;118113.39499540383;19;6825;8421;1596;84.0;FALSE;;;
veh2489;truck;87361.7781873216;7;6834;7989;1155;165.0;TRUE;;;
veh2490;truck;87387.53858248642;19;6838;8021;1183;62.26315789473684;TRUE;;;
veh2491;truck;87267.78753313654;15;6843;8054;1211;80.73333333333333;TRUE;;;
veh2493;truck;84790.36126722378;6;6851;7956;1105;184.16666666666666;TRUE;;;
veh2497;truck;82289.152652852;20;6888;8006;1118;55.9;TRUE;;;
veh2499;truck;116088.46199402517;17;6901;8317;1416;83.29411764705883;FALSE;;;
veh2508;truck;82868.64493902908;2;6933;8115;1182;591.0;TRUE;;;
veh2511;truck;113839.08604114944;13;6940;8374;1434;110.3076923076923;FALSE;;;
veh2516;truck;115074.35611976736;7;6964;8333;1369;195.57142857142858;FALSE;;;
veh2526;truck;116796.14825322933;12;7009;8494;1485;123.75;FALSE;;;
veh2537;truck;115060.72364834032;4;7042;8410;1368;342.0;FALSE;;;
veh2539;truck;115510.25396892993;7;7052;8586;1534;219.14285714285714;FALSE;;;
veh2544;truck;118160.4708054966;19;7057;8553;1496;78.73684210526316;FALSE;;;
veh2572;truck;115415.8741987709;14;7169;8606;1437;102.64285714285714;FALSE;;;
veh2573;truck;116023.83072986946;19;7174;8725;1551;81.63157894736842;FALSE;;;
veh2583;truck;115881.34596477341;7;7216;8617;1401;200.14285714285714;FALSE;;;
veh2636;truck;108185.48590948203;16;7426;8794;1368;85.5;FALSE;;;
veh2688;truck;119582.1612581765;4;7639;9146;1507;376.75;FALSE;;;
veh2693;truck;116351.82758994917;13;7645;9106;1461;112.38461538461539;FALSE;;;
veh2701;truck;115817.825134546;10;7665;9152;1487;148.7;FALSE;;;
veh2725;truck;118493.93686228324;17;7767;9242;1475;86.76470588235294;FALSE;;;
veh2728;truck;118739.93773140848;16;7795;9249;1454;90.875;FALSE;;;
veh2757;truck;114604.07096828717;1;7911;9368;1457;1457.0;FALSE;;;
veh2784;truck;87750.93160634626;11;8013;9218;1205;109.54545454545455;TRUE;;;
veh2807;truck;82509.35286529681;20;8081;9237;1156;57.8;TRUE;;;
veh2834;truck;86330.90553512539;13;8170;9281;1111;85.46153846153847;TRUE;;;
veh2859;truck;109699.51544358491;10;8240;9621;1381;138.1;FALSE;;;
veh2867;truck;85402.14926740201;1;8273;9506;1233;1233.0;TRUE;;;
veh2868;truck;109886.9509736091;6;8276;9826;1550;258.3333333333333;FALSE;;;
veh2877;truck;107819.75241331125;7;8313;9776;1463;209.0;FALSE;;;
veh2883;truck;87684.14079846392;11;8335;9538;1203;109.36363636363636;TRUE;;;
veh2894;truck;119205.24057854069;19;8361;9924;1563;82.26315789473684;FALSE;;;
veh2895;truck;120371.94242462308;5;8365;10088;1723;344.6;FALSE;;;
veh2913;truck;148071.02191940436;11;8410;10090;1680;152.72727272727272;FALSE;;;
veh2929;truck;107144.88640256418;14;8449;9716;1267;90.5;FALSE;;;
veh2937;truck;116409.11000426374;7;8481;9935;1454;207.71428571428572;FALSE;;;
veh2968;truck;118177.8972910903;9;8589;10189;1600;177.77777777777777;FALSE;;;
veh3014;truck;121117.73775695775;4;8697;10376;1679;419.75;FALSE;;;
veh3025;truck;115755.15472606769;13;8740;10116;1376;105.84615384615384;FALSE;;;
veh3028;truck;117634.6504404249;18;8754;10194;1440;80.0;FALSE;;;
veh3063;truck;113886.52344647431;12;8858;10353;1495;124.58333333333333;FALSE;;;
veh3083;truck;114491.22234545718;18;8916;10290;1374;76.33333333333333;FALSE;;;
veh3094;truck;116733.7798241118;16;8958;10453;1495;93.4375;FALSE;;;
